2026/09/06 12:57:17.798, GPU-c353397f-bf7b-b51e-d882-9071fb19321c, NVIDIA L40S, 0, 3, 210, 405, 32.19, 350.00, 27
2026/09/06 12:57:18.304, GPU-c353397f-bf7b-b51e-d882-9071fb19321c, NVIDIA L40S, 0, 3, 210, 405, 32.19, 350.00, 27
2026/09/06 12:57:18.804, GPU-c353397f-bf7b-b51e-d882-9071fb19321c, NVIDIA L40S, 0, 3, 210, 405, 32.19, 350.00, 27
2026/09/06 12:57:19.305, GPU-c353397f-bf7b-b51e-d882-9071fb19321c, NVIDIA L40S, 0, 3, 210, 405, 32.19, 350.00, 27
2026/09/06 12:57:19.805, GPU-c353397f-bf7b-b51e-d882-9071fb19321c, NVIDIA L40S, 0, 3, 210, 405, 32.56, 350.00, 27
2026/09/06 12:57:20.306, GPU-c353397f-bf7b-b51e-d882-9071fb19321c, NVIDIA L40S, 0, 3, 210, 405, 32.77, 350.00, 27
2026/09/06 12:57:20.806, GPU-c353397f-bf7b-b51e-d882-9071fb19321c, NVIDIA L40S, 0, 3, 210, 405, 32.70, 350.00, 27
2026/09/06 12:57:21.307, GPU-c353397f-bf7b-b51e-d882-9071fb19321c, NVIDIA L40S, 0, 3, 210, 405, 32.70, 350.00, 27
2026/09/06 12:57:21.807, GPU-c353397f-bf7b-b51e-d882-9071fb19321c, NVIDIA L40S, 0, 3, 210, 405, 32.44, 350.00, 27
2026/09/06 12:57:22.308, GPU-c353397f-bf7b-b51e-d882-9071fb19321c, NVIDIA L40S, 0, 3, 210, 405, 32.44, 350.00, 27
2026/09/06 12:57:22.808, GPU-c353397f-bf7b-b51e-d882-9071fb19321c, NVIDIA L40S, 6, 866, 2505, 9001, 60.33, 350.00, 28
2026/09/06 12:57:23.308, GPU-c353397f-bf7b-b51e-d882-9071fb19321c, NVIDIA L40S, 0, 866, 2520, 9001, 66.49, 350.00, 28
2026/09/06 12:57:23.809, GPU-c353397f-bf7b-b51e-d882-9071fb19321c, NVIDIA L40S, 0, 866, 2520, 9001, 80.48, 350.00, 28
2026/09/06 12:57:24.309, GPU-c353397f-bf7b-b51e-d882-9071fb19321c, NVIDIA L40S, 0, 866, 2520, 9001, 80.48, 350.00, 28
2026/09/06 12:57:24.809, GPU-c353397f-bf7b-b51e-d882-9071fb19321c, NVIDIA L40S, 0, 866, 2520, 9001, 78.98, 350.00, 29
2026/09/06 12:57:25.310, GPU-c353397f-bf7b-b51e-d882-9071fb19321c, NVIDIA L40S, 0, 866, 2520, 9001, 78.98, 350.00, 29
2026/09/06 12:57:25.810, GPU-c353397f-bf7b-b51e-d882-9071fb19321c, NVIDIA L40S, 0, 866, 2520, 9001, 79.04, 350.00, 29
2026/09/06 12:57:26.310, GPU-c353397f-bf7b-b51e-d882-9071fb19321c, NVIDIA L40S, 0, 866, 2520, 9001, 79.04, 350.00, 29
2026/09/06 12:57:26.811, GPU-c353397f-bf7b-b51e-d882-9071fb19321c, NVIDIA L40S, 0, 866, 2520, 9001, 79.16, 350.00, 29
2026/09/06 12:57:27.311, GPU-c353397f-bf7b-b51e-d882-9071fb19321c, NVIDIA L40S, 0, 866, 2520, 9001, 79.16, 350.00, 29
2026/09/06 12:57:27.811, GPU-c353397f-bf7b-b51e-d882-9071fb19321c, NVIDIA L40S, 0, 866, 2520, 9001, 79.16, 350.00, 29
2026/09/06 12:57:28.312, GPU-c353397f-bf7b-b51e-d882-9071fb19321c, NVIDIA L40S, 0, 866, 2520, 9001, 79.16, 350.00, 29
2026/09/06 12:57:28.812, GPU-c353397f-bf7b-b51e-d882-9071fb19321c, NVIDIA L40S, 0, 866, 2520, 9001, 79.16, 350.00, 29
2026/09/06 12:57:29.312, GPU-c353397f-bf7b-b51e-d882-9071fb19321c, NVIDIA L40S, 0, 866, 2520, 9001, 79.16, 350.00, 29
2026/09/06 12:57:29.813, GPU-c353397f-bf7b-b51e-d882-9071fb19321c, NVIDIA L40S, 0, 866, 2520, 9001, 79.16, 350.00, 29
2026/09/06 12:57:30.313, GPU-c353397f-bf7b-b51e-d882-9071fb19321c, NVIDIA L40S, 0, 866, 2520, 9001, 79.16, 350.00, 29
2026/09/06 12:57:30.813, GPU-c353397f-bf7b-b51e-d882-9071fb19321c, NVIDIA L40S, 0, 866, 2520, 9001, 79.16, 350.00, 29
2026/09/06 12:57:31.313, GPU-c353397f-bf7b-b51e-d882-9071fb19321c, NVIDIA L40S, 0, 866, 2520, 9001, 79.16, 350.00, 29
2026/09/06 12:57:31.814, GPU-c353397f-bf7b-b51e-d882-9071fb19321c, NVIDIA L40S, 0, 866, 2520, 9001, 79.16, 350.00, 29
2026/09/06 12:57:32.314, GPU-c353397f-bf7b-b51e-d882-9071fb19321c, NVIDIA L40S, 0, 866, 2520, 9001, 79.16, 350.00, 29
2026/09/06 12:57:32.814, GPU-c353397f-bf7b-b51e-d882-9071fb19321c, NVIDIA L40S, 0, 866, 2520, 9001, 79.28, 350.00, 29
2026/09/06 12:57:33.315, GPU-c353397f-bf7b-b51e-d882-9071fb19321c, NVIDIA L40S, 0, 866, 2520, 9001, 79.28, 350.00, 29
2026/09/06 12:57:33.815, GPU-c353397f-bf7b-b51e-d882-9071fb19321c, NVIDIA L40S, 0, 866, 2520, 9001, 79.40, 350.00, 30
2026/09/06 12:57:34.315, GPU-c353397f-bf7b-b51e-d882-9071fb19321c, NVIDIA L40S, 0, 866, 2520, 9001, 79.40, 350.00, 30
2026/09/06 12:57:34.816, GPU-c353397f-bf7b-b51e-d882-9071fb19321c, NVIDIA L40S, 0, 866, 2520, 9001, 79.40, 350.00, 30
2026/09/06 12:57:35.316, GPU-c353397f-bf7b-b51e-d882-9071fb19321c, NVIDIA L40S, 0, 866, 2520, 9001, 79.40, 350.00, 30
2026/09/06 12:57:35.816, GPU-c353397f-bf7b-b51e-d882-9071fb19321c, NVIDIA L40S, 0, 866, 2520, 9001, 79.40, 350.00, 30
2026/09/06 12:57:36.316, GPU-c353397f-bf7b-b51e-d882-9071fb19321c, NVIDIA L40S, 0, 866, 2520, 9001, 79.40, 350.00, 30
2026/09/06 12:57:36.817, GPU-c353397f-bf7b-b51e-d882-9071fb19321c, NVIDIA L40S, 0, 866, 2520, 9001, 79.40, 350.00, 30
2026/09/06 12:57:37.317, GPU-c353397f-bf7b-b51e-d882-9071fb19321c, NVIDIA L40S, 0, 866, 2520, 9001, 79.40, 350.00, 30
2026/09/06 12:57:37.817, GPU-c353397f-bf7b-b51e-d882-9071fb19321c, NVIDIA L40S, 0, 866, 2520, 9001, 79.40, 350.00, 30
2026/09/06 12:57:38.318, GPU-c353397f-bf7b-b51e-d882-9071fb19321c, NVIDIA L40S, 0, 866, 2520, 9001, 79.40, 350.00, 30
2026/09/06 12:57:38.818, GPU-c353397f-bf7b-b51e-d882-9071fb19321c, NVIDIA L40S, 0, 866, 2520, 9001, 79.53, 350.00, 30
2026/09/06 12:57:39.318, GPU-c353397f-bf7b-b51e-d882-9071fb19321c, NVIDIA L40S, 0, 866, 2520, 9001, 79.53, 350.00, 30
2026/09/06 12:57:39.819, GPU-c353397f-bf7b-b51e-d882-9071fb19321c, NVIDIA L40S, 0, 866, 2520, 9001, 79.65, 350.00, 30
2026/09/06 12:57:40.319, GPU-c353397f-bf7b-b51e-d882-9071fb19321c, NVIDIA L40S, 0, 866, 2520, 9001, 79.65, 350.00, 30
2026/09/06 12:57:40.819, GPU-c353397f-bf7b-b51e-d882-9071fb19321c, NVIDIA L40S, 0, 866, 2520, 9001, 79.65, 350.00, 30
2026/09/06 12:57:41.320, GPU-c353397f-bf7b-b51e-d882-9071fb19321c, NVIDIA L40S, 0, 866, 2520, 9001, 79.65, 350.00, 30
2026/09/06 12:57:41.820, GPU-c353397f-bf7b-b51e-d882-9071fb19321c, NVIDIA L40S, 0, 866, 2520, 9001, 79.77, 350.00, 30
2026/09/06 12:57:42.320, GPU-c353397f-bf7b-b51e-d882-9071fb19321c, NVIDIA L40S, 0, 866, 2520, 9001, 79.77, 350.00, 30
2026/09/06 12:57:42.821, GPU-c353397f-bf7b-b51e-d882-9071fb19321c, NVIDIA L40S, 0, 866, 2520, 9001, 79.89, 350.00, 30
2026/09/06 12:57:43.321, GPU-c353397f-bf7b-b51e-d882-9071fb19321c, NVIDIA L40S, 0, 866, 2520, 9001, 79.89, 350.00, 30
2026/09/06 12:57:43.821, GPU-c353397f-bf7b-b51e-d882-9071fb19321c, NVIDIA L40S, 0, 866, 2520, 9001, 79.89, 350.00, 30
2026/09/06 12:57:44.321, GPU-c353397f-bf7b-b51e-d882-9071fb19321c, NVIDIA L40S, 0, 866, 2520, 9001, 79.89, 350.00, 30
2026/09/06 12:57:44.822, GPU-c353397f-bf7b-b51e-d882-9071fb19321c, NVIDIA L40S, 0, 866, 2520, 9001, 79.89, 350.00, 30
2026/09/06 12:57:45.322, GPU-c353397f-bf7b-b51e-d882-9071fb19321c, NVIDIA L40S, 0, 866, 2520, 9001, 79.89, 350.00, 30
2026/09/06 12:57:45.822, GPU-c353397f-bf7b-b51e-d882-9071fb19321c, NVIDIA L40S, 0, 866, 2520, 9001, 79.89, 350.00, 30
2026/09/06 12:57:46.323, GPU-c353397f-bf7b-b51e-d882-9071fb19321c, NVIDIA L40S, 0, 866, 2520, 9001, 79.89, 350.00, 30
2026/09/06 12:57:46.823, GPU-c353397f-bf7b-b51e-d882-9071fb19321c, NVIDIA L40S, 0, 866, 2520, 9001, 80.01, 350.00, 31
2026/09/06 12:57:47.323, GPU-c353397f-bf7b-b51e-d882-9071fb19321c, NVIDIA L40S, 0, 866, 2520, 9001, 80.01, 350.00, 31
2026/09/06 12:57:47.823, GPU-c353397f-bf7b-b51e-d882-9071fb19321c, NVIDIA L40S, 0, 866, 2520, 9001, 80.14, 350.00, 31
2026/09/06 12:57:48.324, GPU-c353397f-bf7b-b51e-d882-9071fb19321c, NVIDIA L40S, 0, 866, 2520, 9001, 80.14, 350.00, 31
2026/09/06 12:57:48.824, GPU-c353397f-bf7b-b51e-d882-9071fb19321c, NVIDIA L40S, 0, 866, 2520, 9001, 80.14, 350.00, 31
2026/09/06 12:57:49.324, GPU-c353397f-bf7b-b51e-d882-9071fb19321c, NVIDIA L40S, 0, 866, 2520, 9001, 80.14, 350.00, 31
2026/09/06 12:57:49.825, GPU-c353397f-bf7b-b51e-d882-9071fb19321c, NVIDIA L40S, 0, 866, 2520, 9001, 80.14, 350.00, 31
2026/09/06 12:57:50.325, GPU-c353397f-bf7b-b51e-d882-9071fb19321c, NVIDIA L40S, 0, 866, 2520, 9001, 80.14, 350.00, 31
2026/09/06 12:57:50.825, GPU-c353397f-bf7b-b51e-d882-9071fb19321c, NVIDIA L40S, 0, 866, 2520, 9001, 80.14, 350.00, 31
2026/09/06 12:57:51.326, GPU-c353397f-bf7b-b51e-d882-9071fb19321c, NVIDIA L40S, 0, 866, 2520, 9001, 80.14, 350.00, 31
2026/09/06 12:57:51.826, GPU-c353397f-bf7b-b51e-d882-9071fb19321c, NVIDIA L40S, 0, 866, 2520, 9001, 80.14, 350.00, 31
2026/09/06 12:57:52.326, GPU-c353397f-bf7b-b51e-d882-9071fb19321c, NVIDIA L40S, 0, 866, 2520, 9001, 80.14, 350.00, 31
2026/09/06 12:57:52.827, GPU-c353397f-bf7b-b51e-d882-9071fb19321c, NVIDIA L40S, 0, 866, 2520, 9001, 80.31, 350.00, 31
2026/09/06 12:57:53.327, GPU-c353397f-bf7b-b51e-d882-9071fb19321c, NVIDIA L40S, 0, 866, 2520, 9001, 80.31, 350.00, 31
2026/09/06 12:57:53.827, GPU-c353397f-bf7b-b51e-d882-9071fb19321c, NVIDIA L40S, 0, 866, 2520, 9001, 80.06, 350.00, 31
2026/09/06 12:57:54.328, GPU-c353397f-bf7b-b51e-d882-9071fb19321c, NVIDIA L40S, 0, 866, 2520, 9001, 80.06, 350.00, 31
2026/09/06 12:57:54.828, GPU-c353397f-bf7b-b51e-d882-9071fb19321c, NVIDIA L40S, 0, 866, 2520, 9001, 79.65, 350.00, 31
2026/09/06 12:57:55.328, GPU-c353397f-bf7b-b51e-d882-9071fb19321c, NVIDIA L40S, 0, 866, 2520, 9001, 79.65, 350.00, 31
2026/09/06 12:57:55.828, GPU-c353397f-bf7b-b51e-d882-9071fb19321c, NVIDIA L40S, 0, 866, 2520, 9001, 79.65, 350.00, 31
2026/09/06 12:57:56.329, GPU-c353397f-bf7b-b51e-d882-9071fb19321c, NVIDIA L40S, 0, 866, 2520, 9001, 79.65, 350.00, 31
2026/09/06 12:57:56.829, GPU-c353397f-bf7b-b51e-d882-9071fb19321c, NVIDIA L40S, 0, 866, 2520, 9001, 79.65, 350.00, 31
2026/09/06 12:57:57.329, GPU-c353397f-bf7b-b51e-d882-9071fb19321c, NVIDIA L40S, 0, 866, 2520, 9001, 79.65, 350.00, 31
2026/09/06 12:57:57.830, GPU-c353397f-bf7b-b51e-d882-9071fb19321c, NVIDIA L40S, 0, 866, 2520, 9001, 79.77, 350.00, 31
2026/09/06 12:57:58.330, GPU-c353397f-bf7b-b51e-d882-9071fb19321c, NVIDIA L40S, 0, 866, 2520, 9001, 79.77, 350.00, 31
2026/09/06 12:57:58.830, GPU-c353397f-bf7b-b51e-d882-9071fb19321c, NVIDIA L40S, 0, 866, 2520, 9001, 79.89, 350.00, 31
2026/09/06 12:57:59.330, GPU-c353397f-bf7b-b51e-d882-9071fb19321c, NVIDIA L40S, 0, 866, 2520, 9001, 79.89, 350.00, 31
2026/09/06 12:57:59.831, GPU-c353397f-bf7b-b51e-d882-9071fb19321c, NVIDIA L40S, 0, 866, 2520, 9001, 80.01, 350.00, 31
2026/09/06 12:58:00.331, GPU-c353397f-bf7b-b51e-d882-9071fb19321c, NVIDIA L40S, 0, 866, 2520, 9001, 80.01, 350.00, 31
2026/09/06 12:58:00.831, GPU-c353397f-bf7b-b51e-d882-9071fb19321c, NVIDIA L40S, 0, 866, 2520, 9001, 80.14, 350.00, 31
2026/09/06 12:58:01.332, GPU-c353397f-bf7b-b51e-d882-9071fb19321c, NVIDIA L40S, 0, 866, 2520, 9001, 80.14, 350.00, 31
2026/09/06 12:58:01.832, GPU-c353397f-bf7b-b51e-d882-9071fb19321c, NVIDIA L40S, 0, 866, 2520, 9001, 80.18, 350.00, 31
2026/09/06 12:58:02.332, GPU-c353397f-bf7b-b51e-d882-9071fb19321c, NVIDIA L40S, 0, 866, 2520, 9001, 80.18, 350.00, 31
2026/09/06 12:58:02.833, GPU-c353397f-bf7b-b51e-d882-9071fb19321c, NVIDIA L40S, 0, 866, 2520, 9001, 80.18, 350.00, 31
2026/09/06 12:58:03.333, GPU-c353397f-bf7b-b51e-d882-9071fb19321c, NVIDIA L40S, 0, 866, 2520, 9001, 80.18, 350.00, 31
2026/09/06 12:58:03.833, GPU-c353397f-bf7b-b51e-d882-9071fb19321c, NVIDIA L40S, 0, 866, 2520, 9001, 80.26, 350.00, 31
2026/09/06 12:58:04.334, GPU-c353397f-bf7b-b51e-d882-9071fb19321c, NVIDIA L40S, 0, 866, 2520, 9001, 80.26, 350.00, 31
2026/09/06 12:58:04.834, GPU-c353397f-bf7b-b51e-d882-9071fb19321c, NVIDIA L40S, 0, 866, 2520, 9001, 80.38, 350.00, 31
2026/09/06 12:58:05.334, GPU-c353397f-bf7b-b51e-d882-9071fb19321c, NVIDIA L40S, 0, 866, 2520, 9001, 80.38, 350.00, 31
2026/09/06 12:58:05.834, GPU-c353397f-bf7b-b51e-d882-9071fb19321c, NVIDIA L40S, 0, 866, 2520, 9001, 80.43, 350.00, 31
2026/09/06 12:58:06.335, GPU-c353397f-bf7b-b51e-d882-9071fb19321c, NVIDIA L40S, 0, 866, 2520, 9001, 80.43, 350.00, 31
2026/09/06 12:58:06.835, GPU-c353397f-bf7b-b51e-d882-9071fb19321c, NVIDIA L40S, 0, 866, 2520, 9001, 80.43, 350.00, 32
2026/09/06 12:58:07.335, GPU-c353397f-bf7b-b51e-d882-9071fb19321c, NVIDIA L40S, 0, 866, 2520, 9001, 80.43, 350.00, 32
2026/09/06 12:58:07.836, GPU-c353397f-bf7b-b51e-d882-9071fb19321c, NVIDIA L40S, 0, 866, 2520, 9001, 80.55, 350.00, 32
2026/09/06 12:58:08.336, GPU-c353397f-bf7b-b51e-d882-9071fb19321c, NVIDIA L40S, 0, 866, 2520, 9001, 80.55, 350.00, 32
2026/09/06 12:58:08.836, GPU-c353397f-bf7b-b51e-d882-9071fb19321c, NVIDIA L40S, 0, 866, 2520, 9001, 80.36, 350.00, 32
2026/09/06 12:58:09.337, GPU-c353397f-bf7b-b51e-d882-9071fb19321c, NVIDIA L40S, 0, 866, 2520, 9001, 80.36, 350.00, 32
2026/09/06 12:58:09.837, GPU-c353397f-bf7b-b51e-d882-9071fb19321c, NVIDIA L40S, 0, 866, 2520, 9001, 79.94, 350.00, 32
2026/09/06 12:58:10.337, GPU-c353397f-bf7b-b51e-d882-9071fb19321c, NVIDIA L40S, 0, 866, 2520, 9001, 79.94, 350.00, 32
2026/09/06 12:58:10.838, GPU-c353397f-bf7b-b51e-d882-9071fb19321c, NVIDIA L40S, 0, 866, 2520, 9001, 80.06, 350.00, 32
2026/09/06 12:58:11.338, GPU-c353397f-bf7b-b51e-d882-9071fb19321c, NVIDIA L40S, 0, 866, 2520, 9001, 80.06, 350.00, 32
2026/09/06 12:58:11.838, GPU-c353397f-bf7b-b51e-d882-9071fb19321c, NVIDIA L40S, 0, 866, 2520, 9001, 80.19, 350.00, 32
2026/09/06 12:58:12.338, GPU-c353397f-bf7b-b51e-d882-9071fb19321c, NVIDIA L40S, 0, 866, 2520, 9001, 80.19, 350.00, 32
2026/09/06 12:58:12.839, GPU-c353397f-bf7b-b51e-d882-9071fb19321c, NVIDIA L40S, 0, 866, 2520, 9001, 80.26, 350.00, 32
2026/09/06 12:58:13.339, GPU-c353397f-bf7b-b51e-d882-9071fb19321c, NVIDIA L40S, 0, 866, 2520, 9001, 80.26, 350.00, 32
2026/09/06 12:58:13.839, GPU-c353397f-bf7b-b51e-d882-9071fb19321c, NVIDIA L40S, 0, 866, 2520, 9001, 80.43, 350.00, 32
2026/09/06 12:58:14.340, GPU-c353397f-bf7b-b51e-d882-9071fb19321c, NVIDIA L40S, 0, 866, 2520, 9001, 80.43, 350.00, 32
2026/09/06 12:58:14.840, GPU-c353397f-bf7b-b51e-d882-9071fb19321c, NVIDIA L40S, 0, 866, 2520, 9001, 80.48, 350.00, 32
2026/09/06 12:58:15.340, GPU-c353397f-bf7b-b51e-d882-9071fb19321c, NVIDIA L40S, 0, 1058, 2520, 9001, 80.03, 350.00, 32
2026/09/06 12:58:15.841, GPU-c353397f-bf7b-b51e-d882-9071fb19321c, NVIDIA L40S, 0, 2114, 2520, 9001, 80.97, 350.00, 32
2026/09/06 12:58:16.341, GPU-c353397f-bf7b-b51e-d882-9071fb19321c, NVIDIA L40S, 0, 2114, 2520, 9001, 81.04, 350.00, 32
2026/09/06 12:58:16.841, GPU-c353397f-bf7b-b51e-d882-9071fb19321c, NVIDIA L40S, 0, 2114, 2520, 9001, 81.22, 350.00, 32
2026/09/06 12:58:17.342, GPU-c353397f-bf7b-b51e-d882-9071fb19321c, NVIDIA L40S, 0, 2114, 2520, 9001, 81.22, 350.00, 32
2026/09/06 12:58:17.842, GPU-c353397f-bf7b-b51e-d882-9071fb19321c, NVIDIA L40S, 0, 2114, 2520, 9001, 80.54, 350.00, 32
2026/09/06 12:58:18.342, GPU-c353397f-bf7b-b51e-d882-9071fb19321c, NVIDIA L40S, 0, 2114, 2520, 9001, 80.54, 350.00, 32
2026/09/06 12:58:18.843, GPU-c353397f-bf7b-b51e-d882-9071fb19321c, NVIDIA L40S, 0, 2114, 2520, 9001, 80.48, 350.00, 32
2026/09/06 12:58:19.343, GPU-c353397f-bf7b-b51e-d882-9071fb19321c, NVIDIA L40S, 0, 2114, 2520, 9001, 80.48, 350.00, 32
2026/09/06 12:58:19.844, GPU-c353397f-bf7b-b51e-d882-9071fb19321c, NVIDIA L40S, 0, 2114, 2520, 9001, 80.60, 350.00, 32
2026/09/06 12:58:20.344, GPU-c353397f-bf7b-b51e-d882-9071fb19321c, NVIDIA L40S, 0, 2114, 2520, 9001, 80.60, 350.00, 32
2026/09/06 12:58:20.844, GPU-c353397f-bf7b-b51e-d882-9071fb19321c, NVIDIA L40S, 0, 2114, 2520, 9001, 80.55, 350.00, 32
2026/09/06 12:58:21.344, GPU-c353397f-bf7b-b51e-d882-9071fb19321c, NVIDIA L40S, 0, 2114, 2520, 9001, 80.55, 350.00, 32
2026/09/06 12:58:21.845, GPU-c353397f-bf7b-b51e-d882-9071fb19321c, NVIDIA L40S, 0, 2114, 2520, 9001, 80.31, 350.00, 32
2026/09/06 12:58:22.345, GPU-c353397f-bf7b-b51e-d882-9071fb19321c, NVIDIA L40S, 0, 2114, 2520, 9001, 80.31, 350.00, 32
2026/09/06 12:58:22.845, GPU-c353397f-bf7b-b51e-d882-9071fb19321c, NVIDIA L40S, 0, 2114, 2520, 9001, 80.31, 350.00, 32
2026/09/06 12:58:23.346, GPU-c353397f-bf7b-b51e-d882-9071fb19321c, NVIDIA L40S, 0, 2114, 2520, 9001, 80.31, 350.00, 32
2026/09/06 12:58:23.846, GPU-c353397f-bf7b-b51e-d882-9071fb19321c, NVIDIA L40S, 0, 2114, 2520, 9001, 80.55, 350.00, 32
2026/09/06 12:58:24.346, GPU-c353397f-bf7b-b51e-d882-9071fb19321c, NVIDIA L40S, 0, 2114, 2520, 9001, 80.55, 350.00, 32
2026/09/06 12:58:24.847, GPU-c353397f-bf7b-b51e-d882-9071fb19321c, NVIDIA L40S, 0, 2114, 2520, 9001, 80.31, 350.00, 32
2026/09/06 12:58:25.347, GPU-c353397f-bf7b-b51e-d882-9071fb19321c, NVIDIA L40S, 0, 2114, 2520, 9001, 80.31, 350.00, 32
2026/09/06 12:58:25.847, GPU-c353397f-bf7b-b51e-d882-9071fb19321c, NVIDIA L40S, 0, 2114, 2520, 9001, 80.06, 350.00, 32
2026/09/06 12:58:26.347, GPU-c353397f-bf7b-b51e-d882-9071fb19321c, NVIDIA L40S, 0, 2114, 2520, 9001, 80.06, 350.00, 32
2026/09/06 12:58:26.848, GPU-c353397f-bf7b-b51e-d882-9071fb19321c, NVIDIA L40S, 0, 2114, 2520, 9001, 80.36, 350.00, 32
2026/09/06 12:58:27.348, GPU-c353397f-bf7b-b51e-d882-9071fb19321c, NVIDIA L40S, 0, 2114, 2520, 9001, 80.36, 350.00, 32
2026/09/06 12:58:27.848, GPU-c353397f-bf7b-b51e-d882-9071fb19321c, NVIDIA L40S, 0, 2114, 2520, 9001, 80.60, 350.00, 32
2026/09/06 12:58:28.349, GPU-c353397f-bf7b-b51e-d882-9071fb19321c, NVIDIA L40S, 0, 2114, 2520, 9001, 80.60, 350.00, 32
2026/09/06 12:58:28.849, GPU-c353397f-bf7b-b51e-d882-9071fb19321c, NVIDIA L40S, 0, 2114, 2520, 9001, 80.60, 350.00, 32
2026/09/06 12:58:29.349, GPU-c353397f-bf7b-b51e-d882-9071fb19321c, NVIDIA L40S, 0, 2160, 2520, 9001, 83.75, 350.00, 32
2026/09/06 12:58:29.850, GPU-c353397f-bf7b-b51e-d882-9071fb19321c, NVIDIA L40S, 0, 2192, 2520, 9001, 85.43, 350.00, 32
2026/09/06 12:58:30.350, GPU-c353397f-bf7b-b51e-d882-9071fb19321c, NVIDIA L40S, 0, 2192, 2520, 9001, 81.26, 350.00, 32
2026/09/06 12:58:30.850, GPU-c353397f-bf7b-b51e-d882-9071fb19321c, NVIDIA L40S, 0, 2192, 2520, 9001, 81.22, 350.00, 32
2026/09/06 12:58:31.351, GPU-c353397f-bf7b-b51e-d882-9071fb19321c, NVIDIA L40S, 11, 2384, 2520, 9001, 85.04, 350.00, 32
2026/09/06 12:58:31.851, GPU-c353397f-bf7b-b51e-d882-9071fb19321c, NVIDIA L40S, 0, 2384, 2520, 9001, 84.68, 350.00, 32
2026/09/06 12:58:32.351, GPU-c353397f-bf7b-b51e-d882-9071fb19321c, NVIDIA L40S, 6, 2448, 2520, 9001, 81.30, 350.00, 32
2026/09/06 12:58:32.852, GPU-c353397f-bf7b-b51e-d882-9071fb19321c, NVIDIA L40S, 0, 2544, 2520, 9001, 81.38, 350.00, 32
2026/09/06 12:58:33.352, GPU-c353397f-bf7b-b51e-d882-9071fb19321c, NVIDIA L40S, 0, 2544, 2520, 9001, 81.38, 350.00, 32
2026/09/06 12:58:33.852, GPU-c353397f-bf7b-b51e-d882-9071fb19321c, NVIDIA L40S, 0, 2544, 2520, 9001, 81.23, 350.00, 32
2026/09/06 12:58:34.353, GPU-c353397f-bf7b-b51e-d882-9071fb19321c, NVIDIA L40S, 0, 2544, 2520, 9001, 81.17, 350.00, 32
2026/09/06 12:58:34.853, GPU-c353397f-bf7b-b51e-d882-9071fb19321c, NVIDIA L40S, 0, 2544, 2520, 9001, 81.21, 350.00, 32
2026/09/06 12:58:35.353, GPU-c353397f-bf7b-b51e-d882-9071fb19321c, NVIDIA L40S, 0, 2544, 2520, 9001, 81.32, 350.00, 32
2026/09/06 12:58:35.854, GPU-c353397f-bf7b-b51e-d882-9071fb19321c, NVIDIA L40S, 0, 2544, 2520, 9001, 81.34, 350.00, 32
2026/09/06 12:58:36.354, GPU-c353397f-bf7b-b51e-d882-9071fb19321c, NVIDIA L40S, 0, 2544, 2520, 9001, 81.34, 350.00, 32
2026/09/06 12:58:36.854, GPU-c353397f-bf7b-b51e-d882-9071fb19321c, NVIDIA L40S, 0, 2544, 2520, 9001, 80.79, 350.00, 32
2026/09/06 12:58:37.355, GPU-c353397f-bf7b-b51e-d882-9071fb19321c, NVIDIA L40S, 0, 2544, 2520, 9001, 80.79, 350.00, 32
2026/09/06 12:58:37.855, GPU-c353397f-bf7b-b51e-d882-9071fb19321c, NVIDIA L40S, 0, 2544, 2520, 9001, 80.67, 350.00, 32
2026/09/06 12:58:38.355, GPU-c353397f-bf7b-b51e-d882-9071fb19321c, NVIDIA L40S, 0, 2544, 2520, 9001, 80.67, 350.00, 32
2026/09/06 12:58:38.856, GPU-c353397f-bf7b-b51e-d882-9071fb19321c, NVIDIA L40S, 0, 2544, 2520, 9001, 80.55, 350.00, 32
2026/09/06 12:58:39.356, GPU-c353397f-bf7b-b51e-d882-9071fb19321c, NVIDIA L40S, 0, 2544, 2520, 9001, 80.55, 350.00, 32
2026/09/06 12:58:39.856, GPU-c353397f-bf7b-b51e-d882-9071fb19321c, NVIDIA L40S, 0, 2544, 2520, 9001, 80.60, 350.00, 32
2026/09/06 12:58:40.356, GPU-c353397f-bf7b-b51e-d882-9071fb19321c, NVIDIA L40S, 0, 2544, 2520, 9001, 80.60, 350.00, 32
2026/09/06 12:58:40.857, GPU-c353397f-bf7b-b51e-d882-9071fb19321c, NVIDIA L40S, 0, 2544, 2520, 9001, 80.35, 350.00, 32
2026/09/06 12:58:41.357, GPU-c353397f-bf7b-b51e-d882-9071fb19321c, NVIDIA L40S, 0, 2544, 2520, 9001, 80.35, 350.00, 32
2026/09/06 12:58:41.857, GPU-c353397f-bf7b-b51e-d882-9071fb19321c, NVIDIA L40S, 0, 2544, 2520, 9001, 80.11, 350.00, 32
2026/09/06 12:58:42.358, GPU-c353397f-bf7b-b51e-d882-9071fb19321c, NVIDIA L40S, 0, 2544, 2520, 9001, 80.99, 350.00, 32
2026/09/06 12:58:42.858, GPU-c353397f-bf7b-b51e-d882-9071fb19321c, NVIDIA L40S, 10, 2544, 2520, 9001, 81.37, 350.00, 32
2026/09/06 12:58:43.359, GPU-c353397f-bf7b-b51e-d882-9071fb19321c, NVIDIA L40S, 0, 2544, 2520, 9001, 82.30, 350.00, 32
2026/09/06 12:58:43.859, GPU-c353397f-bf7b-b51e-d882-9071fb19321c, NVIDIA L40S, 0, 2544, 2520, 9001, 82.12, 350.00, 32
2026/09/06 12:58:44.359, GPU-c353397f-bf7b-b51e-d882-9071fb19321c, NVIDIA L40S, 99, 2544, 2520, 9001, 142.99, 350.00, 39
2026/09/06 12:58:44.860, GPU-c353397f-bf7b-b51e-d882-9071fb19321c, NVIDIA L40S, 0, 2544, 2520, 9001, 182.10, 350.00, 34
2026/09/06 12:58:45.360, GPU-c353397f-bf7b-b51e-d882-9071fb19321c, NVIDIA L40S, 0, 2544, 2520, 9001, 142.38, 350.00, 33
2026/09/06 12:58:45.860, GPU-c353397f-bf7b-b51e-d882-9071fb19321c, NVIDIA L40S, 0, 2548, 2520, 9001, 82.55, 350.00, 33
2026/09/06 12:58:46.361, GPU-c353397f-bf7b-b51e-d882-9071fb19321c, NVIDIA L40S, 100, 2548, 2520, 9001, 126.71, 350.00, 35
2026/09/06 12:58:46.861, GPU-c353397f-bf7b-b51e-d882-9071fb19321c, NVIDIA L40S, 100, 2548, 2520, 9001, 176.90, 350.00, 35
2026/09/06 12:58:47.362, GPU-c353397f-bf7b-b51e-d882-9071fb19321c, NVIDIA L40S, 56, 2548, 2520, 9001, 186.37, 350.00, 39
2026/09/06 12:58:47.862, GPU-c353397f-bf7b-b51e-d882-9071fb19321c, NVIDIA L40S, 100, 2548, 2520, 9001, 218.78, 350.00, 36
2026/09/06 12:58:48.363, GPU-c353397f-bf7b-b51e-d882-9071fb19321c, NVIDIA L40S, 100, 2548, 2520, 9001, 225.03, 350.00, 36
2026/09/06 12:58:48.863, GPU-c353397f-bf7b-b51e-d882-9071fb19321c, NVIDIA L40S, 99, 2548, 2520, 9001, 200.03, 350.00, 40
2026/09/06 12:58:49.364, GPU-c353397f-bf7b-b51e-d882-9071fb19321c, NVIDIA L40S, 99, 2548, 2520, 9001, 243.41, 350.00, 38
2026/09/06 12:58:49.865, GPU-c353397f-bf7b-b51e-d882-9071fb19321c, NVIDIA L40S, 100, 2548, 2520, 9001, 234.44, 350.00, 37
2026/09/06 12:58:50.366, GPU-c353397f-bf7b-b51e-d882-9071fb19321c, NVIDIA L40S, 100, 2548, 2520, 9001, 192.86, 350.00, 40
2026/09/06 12:58:50.866, GPU-c353397f-bf7b-b51e-d882-9071fb19321c, NVIDIA L40S, 99, 2548, 2520, 9001, 247.57, 350.00, 40
2026/09/06 12:58:51.367, GPU-c353397f-bf7b-b51e-d882-9071fb19321c, NVIDIA L40S, 100, 2548, 2520, 9001, 248.06, 350.00, 37
2026/09/06 12:58:51.867, GPU-c353397f-bf7b-b51e-d882-9071fb19321c, NVIDIA L40S, 100, 2548, 2520, 9001, 196.31, 350.00, 37
2026/09/06 12:58:52.368, GPU-c353397f-bf7b-b51e-d882-9071fb19321c, NVIDIA L40S, 99, 2548, 2520, 9001, 196.11, 350.00, 42
2026/09/06 12:58:52.868, GPU-c353397f-bf7b-b51e-d882-9071fb19321c, NVIDIA L40S, 100, 2548, 2520, 9001, 218.54, 350.00, 38
2026/09/06 12:58:53.369, GPU-c353397f-bf7b-b51e-d882-9071fb19321c, NVIDIA L40S, 100, 2548, 2520, 9001, 214.58, 350.00, 37
2026/09/06 12:58:53.869, GPU-c353397f-bf7b-b51e-d882-9071fb19321c, NVIDIA L40S, 99, 2548, 2520, 9001, 201.64, 350.00, 43
2026/09/06 12:58:54.370, GPU-c353397f-bf7b-b51e-d882-9071fb19321c, NVIDIA L40S, 99, 2548, 2520, 9001, 232.04, 350.00, 39
2026/09/06 12:58:54.871, GPU-c353397f-bf7b-b51e-d882-9071fb19321c, NVIDIA L40S, 100, 2548, 2520, 9001, 227.51, 350.00, 38
2026/09/06 12:58:55.372, GPU-c353397f-bf7b-b51e-d882-9071fb19321c, NVIDIA L40S, 68, 2548, 2520, 9001, 163.68, 350.00, 37
2026/09/06 12:58:55.872, GPU-c353397f-bf7b-b51e-d882-9071fb19321c, NVIDIA L40S, 99, 2548, 2520, 9001, 219.56, 350.00, 44
2026/09/06 12:58:56.373, GPU-c353397f-bf7b-b51e-d882-9071fb19321c, NVIDIA L40S, 100, 2548, 2520, 9001, 228.36, 350.00, 39
2026/09/06 12:58:56.874, GPU-c353397f-bf7b-b51e-d882-9071fb19321c, NVIDIA L40S, 100, 2548, 2520, 9001, 198.96, 350.00, 38
2026/09/06 12:58:57.374, GPU-c353397f-bf7b-b51e-d882-9071fb19321c, NVIDIA L40S, 99, 2548, 2520, 9001, 229.79, 350.00, 43
2026/09/06 12:58:57.875, GPU-c353397f-bf7b-b51e-d882-9071fb19321c, NVIDIA L40S, 100, 2548, 2520, 9001, 233.77, 350.00, 39
2026/09/06 12:58:58.376, GPU-c353397f-bf7b-b51e-d882-9071fb19321c, NVIDIA L40S, 100, 2548, 2520, 9001, 203.70, 350.00, 39
2026/09/06 12:58:58.876, GPU-c353397f-bf7b-b51e-d882-9071fb19321c, NVIDIA L40S, 99, 2548, 2520, 9001, 188.99, 350.00, 44
2026/09/06 12:58:59.377, GPU-c353397f-bf7b-b51e-d882-9071fb19321c, NVIDIA L40S, 99, 2548, 2520, 9001, 233.64, 350.00, 40
2026/09/06 12:58:59.877, GPU-c353397f-bf7b-b51e-d882-9071fb19321c, NVIDIA L40S, 100, 2548, 2520, 9001, 242.15, 350.00, 39
2026/09/06 12:59:00.378, GPU-c353397f-bf7b-b51e-d882-9071fb19321c, NVIDIA L40S, 100, 2548, 2520, 9001, 195.43, 350.00, 43
2026/09/06 12:59:00.879, GPU-c353397f-bf7b-b51e-d882-9071fb19321c, NVIDIA L40S, 99, 2548, 2520, 9001, 246.88, 350.00, 43
2026/09/06 12:59:01.379, GPU-c353397f-bf7b-b51e-d882-9071fb19321c, NVIDIA L40S, 100, 2548, 2520, 9001, 247.01, 350.00, 40
2026/09/06 12:59:01.880, GPU-c353397f-bf7b-b51e-d882-9071fb19321c, NVIDIA L40S, 100, 2548, 2520, 9001, 194.10, 350.00, 40
2026/09/06 12:59:02.380, GPU-c353397f-bf7b-b51e-d882-9071fb19321c, NVIDIA L40S, 99, 2548, 2520, 9001, 217.20, 350.00, 44
2026/09/06 12:59:02.881, GPU-c353397f-bf7b-b51e-d882-9071fb19321c, NVIDIA L40S, 100, 2548, 2520, 9001, 242.88, 350.00, 40
2026/09/06 12:59:03.382, GPU-c353397f-bf7b-b51e-d882-9071fb19321c, NVIDIA L40S, 100, 2548, 2520, 9001, 206.75, 350.00, 40
2026/09/06 12:59:03.882, GPU-c353397f-bf7b-b51e-d882-9071fb19321c, NVIDIA L40S, 99, 2548, 2520, 9001, 211.82, 350.00, 45
2026/09/06 12:59:04.383, GPU-c353397f-bf7b-b51e-d882-9071fb19321c, NVIDIA L40S, 99, 2548, 2520, 9001, 245.02, 350.00, 41
2026/09/06 12:59:04.884, GPU-c353397f-bf7b-b51e-d882-9071fb19321c, NVIDIA L40S, 100, 2548, 2520, 9001, 223.44, 350.00, 40
2026/09/06 12:59:05.384, GPU-c353397f-bf7b-b51e-d882-9071fb19321c, NVIDIA L40S, 100, 2548, 2520, 9001, 180.66, 350.00, 39
2026/09/06 12:59:05.885, GPU-c353397f-bf7b-b51e-d882-9071fb19321c, NVIDIA L40S, 99, 2548, 2520, 9001, 244.23, 350.00, 45
2026/09/06 12:59:06.386, GPU-c353397f-bf7b-b51e-d882-9071fb19321c, NVIDIA L40S, 100, 2548, 2520, 9001, 248.74, 350.00, 41
2026/09/06 12:59:06.887, GPU-c353397f-bf7b-b51e-d882-9071fb19321c, NVIDIA L40S, 100, 2548, 2520, 9001, 197.16, 350.00, 40
2026/09/06 12:59:07.387, GPU-c353397f-bf7b-b51e-d882-9071fb19321c, NVIDIA L40S, 99, 2548, 2520, 9001, 237.21, 350.00, 46
2026/09/06 12:59:07.887, GPU-c353397f-bf7b-b51e-d882-9071fb19321c, NVIDIA L40S, 100, 2548, 2520, 9001, 249.32, 350.00, 41
2026/09/06 12:59:08.388, GPU-c353397f-bf7b-b51e-d882-9071fb19321c, NVIDIA L40S, 100, 2548, 2520, 9001, 204.14, 350.00, 41
2026/09/06 12:59:08.889, GPU-c353397f-bf7b-b51e-d882-9071fb19321c, NVIDIA L40S, 99, 2548, 2520, 9001, 204.11, 350.00, 44
2026/09/06 12:59:09.389, GPU-c353397f-bf7b-b51e-d882-9071fb19321c, NVIDIA L40S, 99, 2548, 2520, 9001, 238.23, 350.00, 43
2026/09/06 12:59:09.890, GPU-c353397f-bf7b-b51e-d882-9071fb19321c, NVIDIA L40S, 100, 2548, 2520, 9001, 230.39, 350.00, 41
2026/09/06 12:59:10.391, GPU-c353397f-bf7b-b51e-d882-9071fb19321c, NVIDIA L40S, 99, 2548, 2520, 9001, 205.19, 350.00, 44
2026/09/06 12:59:10.892, GPU-c353397f-bf7b-b51e-d882-9071fb19321c, NVIDIA L40S, 99, 2548, 2520, 9001, 251.15, 350.00, 46
2026/09/06 12:59:11.392, GPU-c353397f-bf7b-b51e-d882-9071fb19321c, NVIDIA L40S, 100, 2548, 2520, 9001, 243.57, 350.00, 42
2026/09/06 12:59:11.893, GPU-c353397f-bf7b-b51e-d882-9071fb19321c, NVIDIA L40S, 72, 2548, 2520, 9001, 177.19, 350.00, 41
2026/09/06 12:59:12.393, GPU-c353397f-bf7b-b51e-d882-9071fb19321c, NVIDIA L40S, 99, 2548, 2520, 9001, 209.98, 350.00, 46
2026/09/06 12:59:12.894, GPU-c353397f-bf7b-b51e-d882-9071fb19321c, NVIDIA L40S, 100, 2548, 2520, 9001, 234.18, 350.00, 42
2026/09/06 12:59:13.394, GPU-c353397f-bf7b-b51e-d882-9071fb19321c, NVIDIA L40S, 100, 2548, 2520, 9001, 217.91, 350.00, 42
2026/09/06 12:59:13.895, GPU-c353397f-bf7b-b51e-d882-9071fb19321c, NVIDIA L40S, 99, 2548, 2520, 9001, 219.20, 350.00, 46
2026/09/06 12:59:14.395, GPU-c353397f-bf7b-b51e-d882-9071fb19321c, NVIDIA L40S, 100, 2548, 2520, 9001, 255.78, 350.00, 43
2026/09/06 12:59:14.896, GPU-c353397f-bf7b-b51e-d882-9071fb19321c, NVIDIA L40S, 100, 2548, 2520, 9001, 227.45, 350.00, 42
2026/09/06 12:59:15.397, GPU-c353397f-bf7b-b51e-d882-9071fb19321c, NVIDIA L40S, 59, 2548, 2520, 9001, 184.17, 350.00, 43
2026/09/06 12:59:15.897, GPU-c353397f-bf7b-b51e-d882-9071fb19321c, NVIDIA L40S, 99, 2548, 2520, 9001, 241.45, 350.00, 47
2026/09/06 12:59:16.398, GPU-c353397f-bf7b-b51e-d882-9071fb19321c, NVIDIA L40S, 100, 2548, 2520, 9001, 230.46, 350.00, 42
2026/09/06 12:59:16.899, GPU-c353397f-bf7b-b51e-d882-9071fb19321c, NVIDIA L40S, 100, 2548, 2520, 9001, 197.52, 350.00, 42
2026/09/06 12:59:17.400, GPU-c353397f-bf7b-b51e-d882-9071fb19321c, NVIDIA L40S, 99, 2548, 2520, 9001, 241.40, 350.00, 48
2026/09/06 12:59:17.900, GPU-c353397f-bf7b-b51e-d882-9071fb19321c, NVIDIA L40S, 100, 2548, 2520, 9001, 254.05, 350.00, 43
2026/09/06 12:59:18.401, GPU-c353397f-bf7b-b51e-d882-9071fb19321c, NVIDIA L40S, 100, 2548, 2520, 9001, 207.85, 350.00, 43
2026/09/06 12:59:18.901, GPU-c353397f-bf7b-b51e-d882-9071fb19321c, NVIDIA L40S, 99, 2548, 2520, 9001, 211.13, 350.00, 46
2026/09/06 12:59:19.402, GPU-c353397f-bf7b-b51e-d882-9071fb19321c, NVIDIA L40S, 100, 2548, 2520, 9001, 244.11, 350.00, 44
2026/09/06 12:59:19.902, GPU-c353397f-bf7b-b51e-d882-9071fb19321c, NVIDIA L40S, 100, 2548, 2520, 9001, 229.69, 350.00, 43
2026/09/06 12:59:20.403, GPU-c353397f-bf7b-b51e-d882-9071fb19321c, NVIDIA L40S, 88, 2548, 2520, 9001, 205.48, 350.00, 46
2026/09/06 12:59:20.904, GPU-c353397f-bf7b-b51e-d882-9071fb19321c, NVIDIA L40S, 100, 2548, 2520, 9001, 252.42, 350.00, 45
2026/09/06 12:59:21.405, GPU-c353397f-bf7b-b51e-d882-9071fb19321c, NVIDIA L40S, 100, 2548, 2520, 9001, 241.13, 350.00, 43
2026/09/06 12:59:21.905, GPU-c353397f-bf7b-b51e-d882-9071fb19321c, NVIDIA L40S, 49, 2548, 2520, 9001, 197.62, 350.00, 42
2026/09/06 12:59:22.405, GPU-c353397f-bf7b-b51e-d882-9071fb19321c, NVIDIA L40S, 99, 2548, 2520, 9001, 230.45, 350.00, 48
2026/09/06 12:59:22.906, GPU-c353397f-bf7b-b51e-d882-9071fb19321c, NVIDIA L40S, 100, 2548, 2520, 9001, 238.92, 350.00, 43
2026/09/06 12:59:23.406, GPU-c353397f-bf7b-b51e-d882-9071fb19321c, NVIDIA L40S, 100, 2548, 2520, 9001, 207.06, 350.00, 43
2026/09/06 12:59:23.907, GPU-c353397f-bf7b-b51e-d882-9071fb19321c, NVIDIA L40S, 99, 2548, 2520, 9001, 233.24, 350.00, 49
2026/09/06 12:59:24.407, GPU-c353397f-bf7b-b51e-d882-9071fb19321c, NVIDIA L40S, 100, 2548, 2520, 9001, 254.91, 350.00, 44
2026/09/06 12:59:24.908, GPU-c353397f-bf7b-b51e-d882-9071fb19321c, NVIDIA L40S, 100, 2548, 2520, 9001, 220.83, 350.00, 43
2026/09/06 12:59:25.409, GPU-c353397f-bf7b-b51e-d882-9071fb19321c, NVIDIA L40S, 3, 2644, 2520, 9001, 162.09, 350.00, 42
2026/09/06 12:59:25.910, GPU-c353397f-bf7b-b51e-d882-9071fb19321c, NVIDIA L40S, 0, 2644, 2520, 9001, 117.39, 350.00, 41
2026/09/06 12:59:26.410, GPU-c353397f-bf7b-b51e-d882-9071fb19321c, NVIDIA L40S, 0, 2644, 2520, 9001, 87.36, 350.00, 41
2026/09/06 12:59:26.910, GPU-c353397f-bf7b-b51e-d882-9071fb19321c, NVIDIA L40S, 0, 2644, 2520, 9001, 85.73, 350.00, 40
2026/09/06 12:59:27.411, GPU-c353397f-bf7b-b51e-d882-9071fb19321c, NVIDIA L40S, 1, 2644, 2520, 9001, 85.54, 350.00, 40
2026/09/06 12:59:27.911, GPU-c353397f-bf7b-b51e-d882-9071fb19321c, NVIDIA L40S, 0, 2644, 2520, 9001, 85.64, 350.00, 40
2026/09/06 12:59:28.411, GPU-c353397f-bf7b-b51e-d882-9071fb19321c, NVIDIA L40S, 0, 2644, 2520, 9001, 85.62, 350.00, 40
2026/09/06 12:59:28.912, GPU-c353397f-bf7b-b51e-d882-9071fb19321c, NVIDIA L40S, 0, 2644, 2520, 9001, 85.62, 350.00, 40
2026/09/06 12:59:29.412, GPU-c353397f-bf7b-b51e-d882-9071fb19321c, NVIDIA L40S, 0, 2644, 2520, 9001, 85.03, 350.00, 39
2026/09/06 12:59:29.912, GPU-c353397f-bf7b-b51e-d882-9071fb19321c, NVIDIA L40S, 0, 2644, 2520, 9001, 85.03, 350.00, 39
2026/09/06 12:59:30.413, GPU-c353397f-bf7b-b51e-d882-9071fb19321c, NVIDIA L40S, 0, 2644, 2520, 9001, 84.60, 350.00, 39
2026/09/06 12:59:30.913, GPU-c353397f-bf7b-b51e-d882-9071fb19321c, NVIDIA L40S, 0, 2644, 2520, 9001, 84.60, 350.00, 39
2026/09/06 12:59:31.413, GPU-c353397f-bf7b-b51e-d882-9071fb19321c, NVIDIA L40S, 0, 2644, 2520, 9001, 84.36, 350.00, 39
2026/09/06 12:59:31.914, GPU-c353397f-bf7b-b51e-d882-9071fb19321c, NVIDIA L40S, 0, 2644, 2520, 9001, 84.36, 350.00, 39
2026/09/06 12:59:32.414, GPU-c353397f-bf7b-b51e-d882-9071fb19321c, NVIDIA L40S, 0, 2644, 2520, 9001, 84.60, 350.00, 39
2026/09/06 12:59:32.914, GPU-c353397f-bf7b-b51e-d882-9071fb19321c, NVIDIA L40S, 0, 2644, 2520, 9001, 84.60, 350.00, 39
2026/09/06 12:59:33.414, GPU-c353397f-bf7b-b51e-d882-9071fb19321c, NVIDIA L40S, 0, 2644, 2520, 9001, 84.36, 350.00, 39
2026/09/06 12:59:33.915, GPU-c353397f-bf7b-b51e-d882-9071fb19321c, NVIDIA L40S, 0, 2644, 2520, 9001, 84.36, 350.00, 39
2026/09/06 12:59:34.415, GPU-c353397f-bf7b-b51e-d882-9071fb19321c, NVIDIA L40S, 0, 2644, 2520, 9001, 84.07, 350.00, 38
2026/09/06 12:59:34.915, GPU-c353397f-bf7b-b51e-d882-9071fb19321c, NVIDIA L40S, 0, 2644, 2520, 9001, 84.07, 350.00, 38
2026/09/06 12:59:35.416, GPU-c353397f-bf7b-b51e-d882-9071fb19321c, NVIDIA L40S, 0, 2644, 2520, 9001, 84.31, 350.00, 38
2026/09/06 12:59:35.916, GPU-c353397f-bf7b-b51e-d882-9071fb19321c, NVIDIA L40S, 0, 2644, 2520, 9001, 84.61, 350.00, 38
2026/09/06 12:59:36.416, GPU-c353397f-bf7b-b51e-d882-9071fb19321c, NVIDIA L40S, 0, 2644, 2520, 9001, 84.87, 350.00, 38
2026/09/06 12:59:36.917, GPU-c353397f-bf7b-b51e-d882-9071fb19321c, NVIDIA L40S, 0, 2644, 2520, 9001, 84.88, 350.00, 38
2026/09/06 12:59:37.417, GPU-c353397f-bf7b-b51e-d882-9071fb19321c, NVIDIA L40S, 0, 2644, 2520, 9001, 84.88, 350.00, 38
2026/09/06 12:59:37.917, GPU-c353397f-bf7b-b51e-d882-9071fb19321c, NVIDIA L40S, 0, 2644, 2520, 9001, 83.95, 350.00, 38
2026/09/06 12:59:38.418, GPU-c353397f-bf7b-b51e-d882-9071fb19321c, NVIDIA L40S, 0, 2644, 2520, 9001, 83.95, 350.00, 38
2026/09/06 12:59:38.918, GPU-c353397f-bf7b-b51e-d882-9071fb19321c, NVIDIA L40S, 0, 2644, 2520, 9001, 83.89, 350.00, 38
2026/09/06 12:59:39.418, GPU-c353397f-bf7b-b51e-d882-9071fb19321c, NVIDIA L40S, 0, 2644, 2520, 9001, 83.89, 350.00, 38
2026/09/06 12:59:39.919, GPU-c353397f-bf7b-b51e-d882-9071fb19321c, NVIDIA L40S, 0, 2644, 2520, 9001, 83.65, 350.00, 38
2026/09/06 12:59:40.419, GPU-c353397f-bf7b-b51e-d882-9071fb19321c, NVIDIA L40S, 0, 2644, 2520, 9001, 83.65, 350.00, 38
2026/09/06 12:59:40.919, GPU-c353397f-bf7b-b51e-d882-9071fb19321c, NVIDIA L40S, 0, 2644, 2520, 9001, 83.65, 350.00, 37
2026/09/06 12:59:41.420, GPU-c353397f-bf7b-b51e-d882-9071fb19321c, NVIDIA L40S, 0, 2644, 2520, 9001, 83.65, 350.00, 37
2026/09/06 12:59:41.920, GPU-c353397f-bf7b-b51e-d882-9071fb19321c, NVIDIA L40S, 0, 2644, 2520, 9001, 83.89, 350.00, 37
2026/09/06 12:59:42.420, GPU-c353397f-bf7b-b51e-d882-9071fb19321c, NVIDIA L40S, 0, 2644, 2520, 9001, 83.89, 350.00, 37
2026/09/06 12:59:42.921, GPU-c353397f-bf7b-b51e-d882-9071fb19321c, NVIDIA L40S, 0, 2644, 2520, 9001, 83.53, 350.00, 37
2026/09/06 12:59:43.421, GPU-c353397f-bf7b-b51e-d882-9071fb19321c, NVIDIA L40S, 0, 2644, 2520, 9001, 83.53, 350.00, 37
2026/09/06 12:59:43.921, GPU-c353397f-bf7b-b51e-d882-9071fb19321c, NVIDIA L40S, 0, 2644, 2520, 9001, 83.40, 350.00, 37
2026/09/06 12:59:44.422, GPU-c353397f-bf7b-b51e-d882-9071fb19321c, NVIDIA L40S, 0, 2644, 2520, 9001, 83.40, 350.00, 37
2026/09/06 12:59:44.922, GPU-c353397f-bf7b-b51e-d882-9071fb19321c, NVIDIA L40S, 0, 2644, 2520, 9001, 83.65, 350.00, 37
2026/09/06 12:59:45.422, GPU-c353397f-bf7b-b51e-d882-9071fb19321c, NVIDIA L40S, 0, 2644, 2520, 9001, 83.65, 350.00, 37
2026/09/06 12:59:45.922, GPU-c353397f-bf7b-b51e-d882-9071fb19321c, NVIDIA L40S, 0, 2644, 2520, 9001, 83.40, 350.00, 37
2026/09/06 12:59:46.423, GPU-c353397f-bf7b-b51e-d882-9071fb19321c, NVIDIA L40S, 0, 2644, 2520, 9001, 83.40, 350.00, 37
2026/09/06 12:59:46.923, GPU-c353397f-bf7b-b51e-d882-9071fb19321c, NVIDIA L40S, 0, 2644, 2520, 9001, 83.28, 350.00, 37
2026/09/06 12:59:47.423, GPU-c353397f-bf7b-b51e-d882-9071fb19321c, NVIDIA L40S, 0, 2644, 2520, 9001, 83.28, 350.00, 37
2026/09/06 12:59:47.924, GPU-c353397f-bf7b-b51e-d882-9071fb19321c, NVIDIA L40S, 0, 2644, 2520, 9001, 83.41, 350.00, 37
2026/09/06 12:59:48.424, GPU-c353397f-bf7b-b51e-d882-9071fb19321c, NVIDIA L40S, 0, 2644, 2520, 9001, 83.41, 350.00, 37
2026/09/06 12:59:48.924, GPU-c353397f-bf7b-b51e-d882-9071fb19321c, NVIDIA L40S, 0, 2644, 2520, 9001, 83.78, 350.00, 37
2026/09/06 12:59:49.424, GPU-c353397f-bf7b-b51e-d882-9071fb19321c, NVIDIA L40S, 0, 2644, 2520, 9001, 83.78, 350.00, 37
2026/09/06 12:59:49.925, GPU-c353397f-bf7b-b51e-d882-9071fb19321c, NVIDIA L40S, 0, 2644, 2520, 9001, 83.65, 350.00, 36
2026/09/06 12:59:50.425, GPU-c353397f-bf7b-b51e-d882-9071fb19321c, NVIDIA L40S, 0, 2644, 2520, 9001, 83.65, 350.00, 36
2026/09/06 12:59:50.925, GPU-c353397f-bf7b-b51e-d882-9071fb19321c, NVIDIA L40S, 0, 2644, 2520, 9001, 83.16, 350.00, 36
2026/09/06 12:59:51.426, GPU-c353397f-bf7b-b51e-d882-9071fb19321c, NVIDIA L40S, 0, 2644, 2520, 9001, 83.16, 350.00, 36
2026/09/06 12:59:51.926, GPU-c353397f-bf7b-b51e-d882-9071fb19321c, NVIDIA L40S, 0, 2644, 2520, 9001, 83.28, 350.00, 36
2026/09/06 12:59:52.426, GPU-c353397f-bf7b-b51e-d882-9071fb19321c, NVIDIA L40S, 0, 2644, 2520, 9001, 83.28, 350.00, 36
2026/09/06 12:59:52.927, GPU-c353397f-bf7b-b51e-d882-9071fb19321c, NVIDIA L40S, 0, 2644, 2520, 9001, 83.04, 350.00, 36
2026/09/06 12:59:53.427, GPU-c353397f-bf7b-b51e-d882-9071fb19321c, NVIDIA L40S, 0, 2644, 2520, 9001, 83.04, 350.00, 36
2026/09/06 12:59:53.927, GPU-c353397f-bf7b-b51e-d882-9071fb19321c, NVIDIA L40S, 0, 2644, 2520, 9001, 82.92, 350.00, 36
2026/09/06 12:59:54.427, GPU-c353397f-bf7b-b51e-d882-9071fb19321c, NVIDIA L40S, 0, 2644, 2520, 9001, 82.92, 350.00, 36
2026/09/06 12:59:54.928, GPU-c353397f-bf7b-b51e-d882-9071fb19321c, NVIDIA L40S, 0, 2644, 2520, 9001, 83.04, 350.00, 36
2026/09/06 12:59:55.428, GPU-c353397f-bf7b-b51e-d882-9071fb19321c, NVIDIA L40S, 0, 2644, 2520, 9001, 83.04, 350.00, 36
2026/09/06 12:59:55.928, GPU-c353397f-bf7b-b51e-d882-9071fb19321c, NVIDIA L40S, 0, 2644, 2520, 9001, 83.04, 350.00, 36
2026/09/06 12:59:56.429, GPU-c353397f-bf7b-b51e-d882-9071fb19321c, NVIDIA L40S, 0, 2644, 2520, 9001, 83.04, 350.00, 36
2026/09/06 12:59:56.929, GPU-c353397f-bf7b-b51e-d882-9071fb19321c, NVIDIA L40S, 0, 2644, 2520, 9001, 82.92, 350.00, 36
2026/09/06 12:59:57.429, GPU-c353397f-bf7b-b51e-d882-9071fb19321c, NVIDIA L40S, 0, 2644, 2520, 9001, 82.92, 350.00, 36
2026/09/06 12:59:57.930, GPU-c353397f-bf7b-b51e-d882-9071fb19321c, NVIDIA L40S, 0, 2644, 2520, 9001, 82.79, 350.00, 36
2026/09/06 12:59:58.430, GPU-c353397f-bf7b-b51e-d882-9071fb19321c, NVIDIA L40S, 0, 2644, 2520, 9001, 82.79, 350.00, 36
2026/09/06 12:59:58.930, GPU-c353397f-bf7b-b51e-d882-9071fb19321c, NVIDIA L40S, 0, 2644, 2520, 9001, 83.04, 350.00, 36
2026/09/06 12:59:59.430, GPU-c353397f-bf7b-b51e-d882-9071fb19321c, NVIDIA L40S, 0, 2644, 2520, 9001, 83.04, 350.00, 36
2026/09/06 12:59:59.931, GPU-c353397f-bf7b-b51e-d882-9071fb19321c, NVIDIA L40S, 0, 2644, 2520, 9001, 82.79, 350.00, 35
2026/09/06 13:00:00.431, GPU-c353397f-bf7b-b51e-d882-9071fb19321c, NVIDIA L40S, 0, 2644, 2520, 9001, 82.79, 350.00, 35
2026/09/06 13:00:00.931, GPU-c353397f-bf7b-b51e-d882-9071fb19321c, NVIDIA L40S, 0, 2644, 2520, 9001, 82.55, 350.00, 35
2026/09/06 13:00:01.432, GPU-c353397f-bf7b-b51e-d882-9071fb19321c, NVIDIA L40S, 0, 2644, 2520, 9001, 82.55, 350.00, 35
2026/09/06 13:00:01.932, GPU-c353397f-bf7b-b51e-d882-9071fb19321c, NVIDIA L40S, 0, 2644, 2520, 9001, 82.80, 350.00, 35
2026/09/06 13:00:02.432, GPU-c353397f-bf7b-b51e-d882-9071fb19321c, NVIDIA L40S, 0, 2644, 2520, 9001, 82.80, 350.00, 35
2026/09/06 13:00:02.933, GPU-c353397f-bf7b-b51e-d882-9071fb19321c, NVIDIA L40S, 0, 2644, 2520, 9001, 82.79, 350.00, 35
2026/09/06 13:00:03.433, GPU-c353397f-bf7b-b51e-d882-9071fb19321c, NVIDIA L40S, 0, 2644, 2520, 9001, 82.79, 350.00, 35
2026/09/06 13:00:03.933, GPU-c353397f-bf7b-b51e-d882-9071fb19321c, NVIDIA L40S, 0, 2644, 2520, 9001, 82.55, 350.00, 35
2026/09/06 13:00:04.434, GPU-c353397f-bf7b-b51e-d882-9071fb19321c, NVIDIA L40S, 0, 2644, 2520, 9001, 82.55, 350.00, 35
2026/09/06 13:00:04.934, GPU-c353397f-bf7b-b51e-d882-9071fb19321c, NVIDIA L40S, 0, 2644, 2520, 9001, 82.55, 350.00, 35
2026/09/06 13:00:05.434, GPU-c353397f-bf7b-b51e-d882-9071fb19321c, NVIDIA L40S, 0, 2644, 2520, 9001, 82.55, 350.00, 35
2026/09/06 13:00:05.934, GPU-c353397f-bf7b-b51e-d882-9071fb19321c, NVIDIA L40S, 0, 2644, 2520, 9001, 82.67, 350.00, 35
2026/09/06 13:00:06.435, GPU-c353397f-bf7b-b51e-d882-9071fb19321c, NVIDIA L40S, 0, 2644, 2520, 9001, 82.67, 350.00, 35
2026/09/06 13:00:06.935, GPU-c353397f-bf7b-b51e-d882-9071fb19321c, NVIDIA L40S, 0, 2644, 2520, 9001, 82.79, 350.00, 35
2026/09/06 13:00:07.435, GPU-c353397f-bf7b-b51e-d882-9071fb19321c, NVIDIA L40S, 0, 2644, 2520, 9001, 82.79, 350.00, 35
2026/09/06 13:00:07.936, GPU-c353397f-bf7b-b51e-d882-9071fb19321c, NVIDIA L40S, 0, 2644, 2520, 9001, 82.55, 350.00, 35
2026/09/06 13:00:08.436, GPU-c353397f-bf7b-b51e-d882-9071fb19321c, NVIDIA L40S, 0, 2644, 2520, 9001, 82.55, 350.00, 35
2026/09/06 13:00:08.936, GPU-c353397f-bf7b-b51e-d882-9071fb19321c, NVIDIA L40S, 0, 2644, 2520, 9001, 82.43, 350.00, 35
2026/09/06 13:00:09.437, GPU-c353397f-bf7b-b51e-d882-9071fb19321c, NVIDIA L40S, 0, 2644, 2520, 9001, 82.43, 350.00, 35
2026/09/06 13:00:09.937, GPU-c353397f-bf7b-b51e-d882-9071fb19321c, NVIDIA L40S, 0, 2644, 2520, 9001, 82.67, 350.00, 35
2026/09/06 13:00:10.437, GPU-c353397f-bf7b-b51e-d882-9071fb19321c, NVIDIA L40S, 0, 2644, 2520, 9001, 82.67, 350.00, 35
2026/09/06 13:00:10.938, GPU-c353397f-bf7b-b51e-d882-9071fb19321c, NVIDIA L40S, 0, 2644, 2520, 9001, 82.67, 350.00, 35
2026/09/06 13:00:11.438, GPU-c353397f-bf7b-b51e-d882-9071fb19321c, NVIDIA L40S, 0, 2644, 2520, 9001, 82.67, 350.00, 35
2026/09/06 13:00:11.938, GPU-c353397f-bf7b-b51e-d882-9071fb19321c, NVIDIA L40S, 0, 2644, 2520, 9001, 82.43, 350.00, 35
2026/09/06 13:00:12.438, GPU-c353397f-bf7b-b51e-d882-9071fb19321c, NVIDIA L40S, 0, 2644, 2520, 9001, 82.43, 350.00, 35
2026/09/06 13:00:12.939, GPU-c353397f-bf7b-b51e-d882-9071fb19321c, NVIDIA L40S, 0, 2644, 2520, 9001, 82.31, 350.00, 34
2026/09/06 13:00:13.439, GPU-c353397f-bf7b-b51e-d882-9071fb19321c, NVIDIA L40S, 0, 2644, 2520, 9001, 82.31, 350.00, 34
2026/09/06 13:00:13.939, GPU-c353397f-bf7b-b51e-d882-9071fb19321c, NVIDIA L40S, 0, 2644, 2520, 9001, 82.43, 350.00, 34
2026/09/06 13:00:14.440, GPU-c353397f-bf7b-b51e-d882-9071fb19321c, NVIDIA L40S, 0, 2644, 2520, 9001, 82.43, 350.00, 34
2026/09/06 13:00:14.940, GPU-c353397f-bf7b-b51e-d882-9071fb19321c, NVIDIA L40S, 0, 2644, 2520, 9001, 82.55, 350.00, 34
2026/09/06 13:00:15.440, GPU-c353397f-bf7b-b51e-d882-9071fb19321c, NVIDIA L40S, 0, 2644, 2520, 9001, 82.55, 350.00, 34
2026/09/06 13:00:15.940, GPU-c353397f-bf7b-b51e-d882-9071fb19321c, NVIDIA L40S, 0, 2644, 2520, 9001, 82.31, 350.00, 34
2026/09/06 13:00:16.441, GPU-c353397f-bf7b-b51e-d882-9071fb19321c, NVIDIA L40S, 0, 2644, 2520, 9001, 82.31, 350.00, 34
2026/09/06 13:00:16.941, GPU-c353397f-bf7b-b51e-d882-9071fb19321c, NVIDIA L40S, 0, 2644, 2520, 9001, 82.07, 350.00, 34
2026/09/06 13:00:17.442, GPU-c353397f-bf7b-b51e-d882-9071fb19321c, NVIDIA L40S, 0, 2644, 2520, 9001, 82.07, 350.00, 34
2026/09/06 13:00:17.942, GPU-c353397f-bf7b-b51e-d882-9071fb19321c, NVIDIA L40S, 0, 2644, 2520, 9001, 82.31, 350.00, 34
2026/09/06 13:00:18.442, GPU-c353397f-bf7b-b51e-d882-9071fb19321c, NVIDIA L40S, 0, 2644, 2520, 9001, 82.31, 350.00, 34
2026/09/06 13:00:18.942, GPU-c353397f-bf7b-b51e-d882-9071fb19321c, NVIDIA L40S, 0, 2644, 2520, 9001, 82.55, 350.00, 34
2026/09/06 13:00:19.443, GPU-c353397f-bf7b-b51e-d882-9071fb19321c, NVIDIA L40S, 0, 2644, 2520, 9001, 82.55, 350.00, 34
2026/09/06 13:00:19.943, GPU-c353397f-bf7b-b51e-d882-9071fb19321c, NVIDIA L40S, 0, 2644, 2520, 9001, 82.67, 350.00, 34
2026/09/06 13:00:20.443, GPU-c353397f-bf7b-b51e-d882-9071fb19321c, NVIDIA L40S, 0, 3732, 2520, 9001, 83.03, 350.00, 34
2026/09/06 13:00:20.944, GPU-c353397f-bf7b-b51e-d882-9071fb19321c, NVIDIA L40S, 0, 3764, 2520, 9001, 83.32, 350.00, 34
2026/09/06 13:00:21.444, GPU-c353397f-bf7b-b51e-d882-9071fb19321c, NVIDIA L40S, 0, 3764, 2520, 9001, 83.07, 350.00, 34
2026/09/06 13:00:21.944, GPU-c353397f-bf7b-b51e-d882-9071fb19321c, NVIDIA L40S, 0, 3764, 2520, 9001, 83.07, 350.00, 34
2026/09/06 13:00:22.445, GPU-c353397f-bf7b-b51e-d882-9071fb19321c, NVIDIA L40S, 0, 3764, 2520, 9001, 83.07, 350.00, 34
2026/09/06 13:00:22.945, GPU-c353397f-bf7b-b51e-d882-9071fb19321c, NVIDIA L40S, 0, 3764, 2520, 9001, 82.23, 350.00, 34
2026/09/06 13:00:23.445, GPU-c353397f-bf7b-b51e-d882-9071fb19321c, NVIDIA L40S, 0, 3764, 2520, 9001, 82.23, 350.00, 34
2026/09/06 13:00:23.946, GPU-c353397f-bf7b-b51e-d882-9071fb19321c, NVIDIA L40S, 0, 3764, 2520, 9001, 82.18, 350.00, 34
2026/09/06 13:00:24.446, GPU-c353397f-bf7b-b51e-d882-9071fb19321c, NVIDIA L40S, 0, 3764, 2520, 9001, 82.18, 350.00, 34
2026/09/06 13:00:24.946, GPU-c353397f-bf7b-b51e-d882-9071fb19321c, NVIDIA L40S, 0, 3764, 2520, 9001, 82.31, 350.00, 34
2026/09/06 13:00:25.446, GPU-c353397f-bf7b-b51e-d882-9071fb19321c, NVIDIA L40S, 0, 3764, 2520, 9001, 82.31, 350.00, 34
2026/09/06 13:00:25.947, GPU-c353397f-bf7b-b51e-d882-9071fb19321c, NVIDIA L40S, 0, 3764, 2520, 9001, 82.55, 350.00, 34
2026/09/06 13:00:26.447, GPU-c353397f-bf7b-b51e-d882-9071fb19321c, NVIDIA L40S, 0, 3764, 2520, 9001, 82.55, 350.00, 34
2026/09/06 13:00:26.947, GPU-c353397f-bf7b-b51e-d882-9071fb19321c, NVIDIA L40S, 0, 3764, 2520, 9001, 82.31, 350.00, 34
2026/09/06 13:00:27.448, GPU-c353397f-bf7b-b51e-d882-9071fb19321c, NVIDIA L40S, 0, 3764, 2520, 9001, 82.31, 350.00, 34
2026/09/06 13:00:27.948, GPU-c353397f-bf7b-b51e-d882-9071fb19321c, NVIDIA L40S, 0, 3764, 2520, 9001, 81.94, 350.00, 33
2026/09/06 13:00:28.448, GPU-c353397f-bf7b-b51e-d882-9071fb19321c, NVIDIA L40S, 0, 3764, 2520, 9001, 81.94, 350.00, 33
2026/09/06 13:00:28.948, GPU-c353397f-bf7b-b51e-d882-9071fb19321c, NVIDIA L40S, 0, 3764, 2520, 9001, 82.07, 350.00, 33
2026/09/06 13:00:29.449, GPU-c353397f-bf7b-b51e-d882-9071fb19321c, NVIDIA L40S, 0, 3764, 2520, 9001, 82.07, 350.00, 33
2026/09/06 13:00:29.949, GPU-c353397f-bf7b-b51e-d882-9071fb19321c, NVIDIA L40S, 0, 3764, 2520, 9001, 82.31, 350.00, 33
2026/09/06 13:00:30.449, GPU-c353397f-bf7b-b51e-d882-9071fb19321c, NVIDIA L40S, 0, 3764, 2520, 9001, 82.31, 350.00, 33
2026/09/06 13:00:30.950, GPU-c353397f-bf7b-b51e-d882-9071fb19321c, NVIDIA L40S, 0, 3764, 2520, 9001, 82.43, 350.00, 33
2026/09/06 13:00:31.450, GPU-c353397f-bf7b-b51e-d882-9071fb19321c, NVIDIA L40S, 0, 3764, 2520, 9001, 82.43, 350.00, 33
2026/09/06 13:00:31.950, GPU-c353397f-bf7b-b51e-d882-9071fb19321c, NVIDIA L40S, 0, 3764, 2520, 9001, 82.19, 350.00, 33
2026/09/06 13:00:32.451, GPU-c353397f-bf7b-b51e-d882-9071fb19321c, NVIDIA L40S, 0, 3764, 2520, 9001, 82.19, 350.00, 33
2026/09/06 13:00:32.951, GPU-c353397f-bf7b-b51e-d882-9071fb19321c, NVIDIA L40S, 0, 3764, 2520, 9001, 82.06, 350.00, 33
2026/09/06 13:00:33.451, GPU-c353397f-bf7b-b51e-d882-9071fb19321c, NVIDIA L40S, 0, 3764, 2520, 9001, 82.06, 350.00, 33
2026/09/06 13:00:33.951, GPU-c353397f-bf7b-b51e-d882-9071fb19321c, NVIDIA L40S, 0, 3764, 2520, 9001, 82.18, 350.00, 33
2026/09/06 13:00:34.452, GPU-c353397f-bf7b-b51e-d882-9071fb19321c, NVIDIA L40S, 0, 3764, 2520, 9001, 82.18, 350.00, 33
2026/09/06 13:00:34.952, GPU-c353397f-bf7b-b51e-d882-9071fb19321c, NVIDIA L40S, 0, 3764, 2520, 9001, 82.18, 350.00, 33
2026/09/06 13:00:35.452, GPU-c353397f-bf7b-b51e-d882-9071fb19321c, NVIDIA L40S, 0, 3764, 2520, 9001, 82.18, 350.00, 33
2026/09/06 13:00:35.953, GPU-c353397f-bf7b-b51e-d882-9071fb19321c, NVIDIA L40S, 0, 3764, 2520, 9001, 82.31, 350.00, 33
2026/09/06 13:00:36.453, GPU-c353397f-bf7b-b51e-d882-9071fb19321c, NVIDIA L40S, 0, 3764, 2520, 9001, 82.31, 350.00, 33
2026/09/06 13:00:36.953, GPU-c353397f-bf7b-b51e-d882-9071fb19321c, NVIDIA L40S, 0, 3810, 2520, 9001, 83.26, 350.00, 33
2026/09/06 13:00:37.454, GPU-c353397f-bf7b-b51e-d882-9071fb19321c, NVIDIA L40S, 16, 3810, 2520, 9001, 84.20, 350.00, 33
2026/09/06 13:00:37.954, GPU-c353397f-bf7b-b51e-d882-9071fb19321c, NVIDIA L40S, 0, 3810, 2520, 9001, 85.69, 350.00, 33
2026/09/06 13:00:38.454, GPU-c353397f-bf7b-b51e-d882-9071fb19321c, NVIDIA L40S, 0, 3810, 2520, 9001, 84.44, 350.00, 33
2026/09/06 13:00:38.955, GPU-c353397f-bf7b-b51e-d882-9071fb19321c, NVIDIA L40S, 0, 3810, 2520, 9001, 84.44, 350.00, 33
2026/09/06 13:00:39.455, GPU-c353397f-bf7b-b51e-d882-9071fb19321c, NVIDIA L40S, 0, 3810, 2520, 9001, 81.99, 350.00, 33
2026/09/06 13:00:39.955, GPU-c353397f-bf7b-b51e-d882-9071fb19321c, NVIDIA L40S, 0, 3810, 2520, 9001, 81.99, 350.00, 33
2026/09/06 13:00:40.456, GPU-c353397f-bf7b-b51e-d882-9071fb19321c, NVIDIA L40S, 0, 3810, 2520, 9001, 81.94, 350.00, 33
2026/09/06 13:00:40.956, GPU-c353397f-bf7b-b51e-d882-9071fb19321c, NVIDIA L40S, 0, 3810, 2520, 9001, 81.94, 350.00, 33
2026/09/06 13:00:41.456, GPU-c353397f-bf7b-b51e-d882-9071fb19321c, NVIDIA L40S, 0, 3810, 2520, 9001, 82.06, 350.00, 33
2026/09/06 13:00:41.957, GPU-c353397f-bf7b-b51e-d882-9071fb19321c, NVIDIA L40S, 0, 3810, 2520, 9001, 82.06, 350.00, 33
2026/09/06 13:00:42.457, GPU-c353397f-bf7b-b51e-d882-9071fb19321c, NVIDIA L40S, 0, 3810, 2520, 9001, 82.18, 350.00, 33
2026/09/06 13:00:42.957, GPU-c353397f-bf7b-b51e-d882-9071fb19321c, NVIDIA L40S, 0, 3810, 2520, 9001, 82.18, 350.00, 33
2026/09/06 13:00:43.457, GPU-c353397f-bf7b-b51e-d882-9071fb19321c, NVIDIA L40S, 0, 3810, 2520, 9001, 81.94, 350.00, 33
2026/09/06 13:00:43.958, GPU-c353397f-bf7b-b51e-d882-9071fb19321c, NVIDIA L40S, 0, 3810, 2520, 9001, 81.94, 350.00, 33
2026/09/06 13:00:44.458, GPU-c353397f-bf7b-b51e-d882-9071fb19321c, NVIDIA L40S, 0, 3810, 2520, 9001, 81.70, 350.00, 33
2026/09/06 13:00:44.958, GPU-c353397f-bf7b-b51e-d882-9071fb19321c, NVIDIA L40S, 0, 3810, 2520, 9001, 81.70, 350.00, 33
2026/09/06 13:00:45.459, GPU-c353397f-bf7b-b51e-d882-9071fb19321c, NVIDIA L40S, 0, 3810, 2520, 9001, 81.82, 350.00, 33
2026/09/06 13:00:45.959, GPU-c353397f-bf7b-b51e-d882-9071fb19321c, NVIDIA L40S, 0, 3906, 2520, 9001, 81.82, 350.00, 33
2026/09/06 13:00:46.459, GPU-c353397f-bf7b-b51e-d882-9071fb19321c, NVIDIA L40S, 0, 4162, 2520, 9001, 84.21, 350.00, 33
2026/09/06 13:00:46.960, GPU-c353397f-bf7b-b51e-d882-9071fb19321c, NVIDIA L40S, 0, 4162, 2520, 9001, 83.75, 350.00, 33
2026/09/06 13:00:47.460, GPU-c353397f-bf7b-b51e-d882-9071fb19321c, NVIDIA L40S, 0, 4162, 2520, 9001, 82.76, 350.00, 33
2026/09/06 13:00:47.960, GPU-c353397f-bf7b-b51e-d882-9071fb19321c, NVIDIA L40S, 0, 4162, 2520, 9001, 82.72, 350.00, 33
2026/09/06 13:00:48.461, GPU-c353397f-bf7b-b51e-d882-9071fb19321c, NVIDIA L40S, 0, 4162, 2520, 9001, 83.17, 350.00, 33
2026/09/06 13:00:48.962, GPU-c353397f-bf7b-b51e-d882-9071fb19321c, NVIDIA L40S, 0, 4162, 2520, 9001, 83.14, 350.00, 33
2026/09/06 13:00:49.462, GPU-c353397f-bf7b-b51e-d882-9071fb19321c, NVIDIA L40S, 0, 4162, 2520, 9001, 82.70, 350.00, 33
2026/09/06 13:00:49.962, GPU-c353397f-bf7b-b51e-d882-9071fb19321c, NVIDIA L40S, 0, 4162, 2520, 9001, 82.70, 350.00, 33
2026/09/06 13:00:50.463, GPU-c353397f-bf7b-b51e-d882-9071fb19321c, NVIDIA L40S, 0, 4162, 2520, 9001, 82.03, 350.00, 33
2026/09/06 13:00:50.963, GPU-c353397f-bf7b-b51e-d882-9071fb19321c, NVIDIA L40S, 0, 4162, 2520, 9001, 82.03, 350.00, 33
2026/09/06 13:00:51.463, GPU-c353397f-bf7b-b51e-d882-9071fb19321c, NVIDIA L40S, 0, 4162, 2520, 9001, 81.70, 350.00, 33
2026/09/06 13:00:51.963, GPU-c353397f-bf7b-b51e-d882-9071fb19321c, NVIDIA L40S, 0, 4162, 2520, 9001, 81.70, 350.00, 33
2026/09/06 13:00:52.464, GPU-c353397f-bf7b-b51e-d882-9071fb19321c, NVIDIA L40S, 0, 4162, 2520, 9001, 81.57, 350.00, 32
2026/09/06 13:00:52.964, GPU-c353397f-bf7b-b51e-d882-9071fb19321c, NVIDIA L40S, 0, 4162, 2520, 9001, 81.57, 350.00, 32
2026/09/06 13:00:53.464, GPU-c353397f-bf7b-b51e-d882-9071fb19321c, NVIDIA L40S, 0, 4162, 2520, 9001, 81.82, 350.00, 32
2026/09/06 13:00:53.965, GPU-c353397f-bf7b-b51e-d882-9071fb19321c, NVIDIA L40S, 0, 4162, 2520, 9001, 81.82, 350.00, 32
2026/09/06 13:00:54.465, GPU-c353397f-bf7b-b51e-d882-9071fb19321c, NVIDIA L40S, 0, 4162, 2520, 9001, 81.94, 350.00, 32
2026/09/06 13:00:54.965, GPU-c353397f-bf7b-b51e-d882-9071fb19321c, NVIDIA L40S, 0, 4162, 2520, 9001, 81.94, 350.00, 32
2026/09/06 13:00:55.466, GPU-c353397f-bf7b-b51e-d882-9071fb19321c, NVIDIA L40S, 0, 4162, 2520, 9001, 82.72, 350.00, 32
2026/09/06 13:00:55.966, GPU-c353397f-bf7b-b51e-d882-9071fb19321c, NVIDIA L40S, 0, 4162, 2520, 9001, 82.91, 350.00, 32
2026/09/06 13:00:56.466, GPU-c353397f-bf7b-b51e-d882-9071fb19321c, NVIDIA L40S, 6, 4162, 2520, 9001, 83.04, 350.00, 33
2026/09/06 13:00:56.967, GPU-c353397f-bf7b-b51e-d882-9071fb19321c, NVIDIA L40S, 0, 4162, 2520, 9001, 82.73, 350.00, 32
2026/09/06 13:00:57.467, GPU-c353397f-bf7b-b51e-d882-9071fb19321c, NVIDIA L40S, 0, 4162, 2520, 9001, 82.74, 350.00, 32
2026/09/06 13:00:57.967, GPU-c353397f-bf7b-b51e-d882-9071fb19321c, NVIDIA L40S, 0, 4162, 2520, 9001, 82.79, 350.00, 32
2026/09/06 13:00:58.468, GPU-c353397f-bf7b-b51e-d882-9071fb19321c, NVIDIA L40S, 88, 4162, 2505, 9001, 182.39, 350.00, 37
2026/09/06 13:00:58.968, GPU-c353397f-bf7b-b51e-d882-9071fb19321c, NVIDIA L40S, 0, 4162, 2520, 9001, 182.50, 350.00, 33
2026/09/06 13:00:59.469, GPU-c353397f-bf7b-b51e-d882-9071fb19321c, NVIDIA L40S, 15, 4162, 2520, 9001, 100.67, 350.00, 35
2026/09/06 13:00:59.969, GPU-c353397f-bf7b-b51e-d882-9071fb19321c, NVIDIA L40S, 98, 4162, 2520, 9001, 175.27, 350.00, 41
2026/09/06 13:01:00.469, GPU-c353397f-bf7b-b51e-d882-9071fb19321c, NVIDIA L40S, 85, 4162, 2505, 9001, 239.82, 350.00, 41
2026/09/06 13:01:00.971, GPU-c353397f-bf7b-b51e-d882-9071fb19321c, NVIDIA L40S, 62, 4162, 2505, 9001, 236.37, 350.00, 40
2026/09/06 13:01:01.471, GPU-c353397f-bf7b-b51e-d882-9071fb19321c, NVIDIA L40S, 62, 4162, 2505, 9001, 262.75, 350.00, 41
2026/09/06 13:01:01.972, GPU-c353397f-bf7b-b51e-d882-9071fb19321c, NVIDIA L40S, 98, 4162, 2505, 9001, 259.74, 350.00, 40
2026/09/06 13:01:02.472, GPU-c353397f-bf7b-b51e-d882-9071fb19321c, NVIDIA L40S, 98, 4162, 2505, 9001, 261.07, 350.00, 41
2026/09/06 13:01:02.973, GPU-c353397f-bf7b-b51e-d882-9071fb19321c, NVIDIA L40S, 98, 4162, 2505, 9001, 269.17, 350.00, 43
2026/09/06 13:01:03.473, GPU-c353397f-bf7b-b51e-d882-9071fb19321c, NVIDIA L40S, 98, 4162, 2505, 9001, 247.19, 350.00, 44
2026/09/06 13:01:03.973, GPU-c353397f-bf7b-b51e-d882-9071fb19321c, NVIDIA L40S, 96, 4162, 2475, 9001, 247.74, 350.00, 43
2026/09/06 13:01:04.475, GPU-c353397f-bf7b-b51e-d882-9071fb19321c, NVIDIA L40S, 48, 4162, 2505, 9001, 240.71, 350.00, 43
2026/09/06 13:01:04.975, GPU-c353397f-bf7b-b51e-d882-9071fb19321c, NVIDIA L40S, 81, 4162, 2505, 9001, 267.36, 350.00, 44
2026/09/06 13:01:05.476, GPU-c353397f-bf7b-b51e-d882-9071fb19321c, NVIDIA L40S, 0, 4162, 2505, 9001, 274.74, 350.00, 42
2026/09/06 13:01:05.977, GPU-c353397f-bf7b-b51e-d882-9071fb19321c, NVIDIA L40S, 98, 4162, 2505, 9001, 273.87, 350.00, 39
2026/09/06 13:01:06.477, GPU-c353397f-bf7b-b51e-d882-9071fb19321c, NVIDIA L40S, 97, 4162, 2460, 9001, 264.79, 350.00, 43
2026/09/06 13:01:06.978, GPU-c353397f-bf7b-b51e-d882-9071fb19321c, NVIDIA L40S, 98, 4162, 2505, 9001, 243.41, 350.00, 45
2026/09/06 13:01:07.479, GPU-c353397f-bf7b-b51e-d882-9071fb19321c, NVIDIA L40S, 98, 4162, 2505, 9001, 280.85, 350.00, 46
2026/09/06 13:01:07.980, GPU-c353397f-bf7b-b51e-d882-9071fb19321c, NVIDIA L40S, 98, 4162, 2490, 9001, 294.85, 350.00, 45
2026/09/06 13:01:08.480, GPU-c353397f-bf7b-b51e-d882-9071fb19321c, NVIDIA L40S, 98, 4162, 2505, 9001, 262.38, 350.00, 45
2026/09/06 13:01:08.981, GPU-c353397f-bf7b-b51e-d882-9071fb19321c, NVIDIA L40S, 97, 4162, 2460, 9001, 286.91, 350.00, 46
2026/09/06 13:01:09.481, GPU-c353397f-bf7b-b51e-d882-9071fb19321c, NVIDIA L40S, 41, 4162, 2505, 9001, 299.75, 350.00, 44
2026/09/06 13:01:09.982, GPU-c353397f-bf7b-b51e-d882-9071fb19321c, NVIDIA L40S, 99, 4162, 2505, 9001, 273.17, 350.00, 40
2026/09/06 13:01:10.482, GPU-c353397f-bf7b-b51e-d882-9071fb19321c, NVIDIA L40S, 99, 4162, 2505, 9001, 282.33, 350.00, 45
2026/09/06 13:01:10.983, GPU-c353397f-bf7b-b51e-d882-9071fb19321c, NVIDIA L40S, 98, 4162, 2505, 9001, 264.97, 350.00, 45
2026/09/06 13:01:11.484, GPU-c353397f-bf7b-b51e-d882-9071fb19321c, NVIDIA L40S, 98, 4162, 2490, 9001, 262.46, 350.00, 45
2026/09/06 13:01:11.984, GPU-c353397f-bf7b-b51e-d882-9071fb19321c, NVIDIA L40S, 98, 4162, 2505, 9001, 273.33, 350.00, 44
2026/09/06 13:01:12.485, GPU-c353397f-bf7b-b51e-d882-9071fb19321c, NVIDIA L40S, 97, 4162, 2505, 9001, 309.76, 350.00, 42
2026/09/06 13:01:12.985, GPU-c353397f-bf7b-b51e-d882-9071fb19321c, NVIDIA L40S, 0, 4162, 2520, 9001, 199.77, 350.00, 39
2026/09/06 13:01:13.485, GPU-c353397f-bf7b-b51e-d882-9071fb19321c, NVIDIA L40S, 0, 4162, 2520, 9001, 94.73, 350.00, 38
2026/09/06 13:01:13.986, GPU-c353397f-bf7b-b51e-d882-9071fb19321c, NVIDIA L40S, 0, 4162, 2520, 9001, 84.18, 350.00, 38
2026/09/06 13:01:14.486, GPU-c353397f-bf7b-b51e-d882-9071fb19321c, NVIDIA L40S, 0, 4162, 2520, 9001, 84.08, 350.00, 38
2026/09/06 13:01:14.986, GPU-c353397f-bf7b-b51e-d882-9071fb19321c, NVIDIA L40S, 0, 4162, 2520, 9001, 84.02, 350.00, 37
2026/09/06 13:01:15.486, GPU-c353397f-bf7b-b51e-d882-9071fb19321c, NVIDIA L40S, 0, 4162, 2520, 9001, 84.00, 350.00, 37
2026/09/06 13:01:15.987, GPU-c353397f-bf7b-b51e-d882-9071fb19321c, NVIDIA L40S, 0, 4162, 2520, 9001, 83.85, 350.00, 37
2026/09/06 13:01:16.487, GPU-c353397f-bf7b-b51e-d882-9071fb19321c, NVIDIA L40S, 0, 2882, 2520, 9001, 84.87, 350.00, 37
2026/09/06 13:01:16.988, GPU-c353397f-bf7b-b51e-d882-9071fb19321c, NVIDIA L40S, 0, 3970, 2520, 9001, 86.62, 350.00, 37
2026/09/06 13:01:17.488, GPU-c353397f-bf7b-b51e-d882-9071fb19321c, NVIDIA L40S, 98, 4322, 2520, 9001, 109.24, 350.00, 44
2026/09/06 13:01:17.988, GPU-c353397f-bf7b-b51e-d882-9071fb19321c, NVIDIA L40S, 98, 4322, 2505, 9001, 191.31, 350.00, 39
2026/09/06 13:01:18.489, GPU-c353397f-bf7b-b51e-d882-9071fb19321c, NVIDIA L40S, 98, 4322, 2505, 9001, 299.97, 350.00, 44
2026/09/06 13:01:18.989, GPU-c353397f-bf7b-b51e-d882-9071fb19321c, NVIDIA L40S, 98, 4322, 2490, 9001, 295.57, 350.00, 45
2026/09/06 13:01:19.490, GPU-c353397f-bf7b-b51e-d882-9071fb19321c, NVIDIA L40S, 98, 4322, 2505, 9001, 285.86, 350.00, 47
2026/09/06 13:01:19.990, GPU-c353397f-bf7b-b51e-d882-9071fb19321c, NVIDIA L40S, 68, 4322, 2505, 9001, 256.12, 350.00, 46
2026/09/06 13:01:20.491, GPU-c353397f-bf7b-b51e-d882-9071fb19321c, NVIDIA L40S, 98, 4322, 2520, 9001, 291.03, 350.00, 46
2026/09/06 13:01:20.991, GPU-c353397f-bf7b-b51e-d882-9071fb19321c, NVIDIA L40S, 28, 4322, 2505, 9001, 296.37, 350.00, 46
2026/09/06 13:01:21.492, GPU-c353397f-bf7b-b51e-d882-9071fb19321c, NVIDIA L40S, 98, 4322, 2505, 9001, 286.52, 350.00, 47
2026/09/06 13:01:21.993, GPU-c353397f-bf7b-b51e-d882-9071fb19321c, NVIDIA L40S, 31, 4322, 2460, 9001, 298.27, 350.00, 47
2026/09/06 13:01:22.494, GPU-c353397f-bf7b-b51e-d882-9071fb19321c, NVIDIA L40S, 65, 4322, 2460, 9001, 298.81, 350.00, 48
2026/09/06 13:01:22.994, GPU-c353397f-bf7b-b51e-d882-9071fb19321c, NVIDIA L40S, 34, 4322, 2505, 9001, 289.29, 350.00, 46
2026/09/06 13:01:23.495, GPU-c353397f-bf7b-b51e-d882-9071fb19321c, NVIDIA L40S, 59, 4322, 2505, 9001, 287.56, 350.00, 43
2026/09/06 13:01:23.995, GPU-c353397f-bf7b-b51e-d882-9071fb19321c, NVIDIA L40S, 98, 4322, 2505, 9001, 288.83, 350.00, 47
2026/09/06 13:01:24.496, GPU-c353397f-bf7b-b51e-d882-9071fb19321c, NVIDIA L40S, 82, 4322, 2505, 9001, 281.13, 350.00, 46
2026/09/06 13:01:24.996, GPU-c353397f-bf7b-b51e-d882-9071fb19321c, NVIDIA L40S, 98, 4322, 2505, 9001, 280.36, 350.00, 48
2026/09/06 13:01:25.497, GPU-c353397f-bf7b-b51e-d882-9071fb19321c, NVIDIA L40S, 98, 4322, 2490, 9001, 284.14, 350.00, 47
2026/09/06 13:01:25.997, GPU-c353397f-bf7b-b51e-d882-9071fb19321c, NVIDIA L40S, 98, 4322, 2490, 9001, 286.44, 350.00, 49
2026/09/06 13:01:26.498, GPU-c353397f-bf7b-b51e-d882-9071fb19321c, NVIDIA L40S, 98, 4322, 2430, 9001, 260.64, 350.00, 48
2026/09/06 13:01:26.998, GPU-c353397f-bf7b-b51e-d882-9071fb19321c, NVIDIA L40S, 98, 4322, 2490, 9001, 297.57, 350.00, 49
2026/09/06 13:01:27.499, GPU-c353397f-bf7b-b51e-d882-9071fb19321c, NVIDIA L40S, 98, 4322, 2460, 9001, 321.34, 350.00, 50
2026/09/06 13:01:27.999, GPU-c353397f-bf7b-b51e-d882-9071fb19321c, NVIDIA L40S, 78, 4322, 2490, 9001, 290.23, 350.00, 49
2026/09/06 13:01:28.500, GPU-c353397f-bf7b-b51e-d882-9071fb19321c, NVIDIA L40S, 98, 4322, 2490, 9001, 284.89, 350.00, 49
2026/09/06 13:01:29.000, GPU-c353397f-bf7b-b51e-d882-9071fb19321c, NVIDIA L40S, 0, 4322, 2490, 9001, 278.15, 350.00, 49
2026/09/06 13:01:29.501, GPU-c353397f-bf7b-b51e-d882-9071fb19321c, NVIDIA L40S, 62, 4322, 2490, 9001, 295.35, 350.00, 49
2026/09/06 13:01:30.002, GPU-c353397f-bf7b-b51e-d882-9071fb19321c, NVIDIA L40S, 99, 4322, 2505, 9001, 334.58, 350.00, 50
2026/09/06 13:01:30.502, GPU-c353397f-bf7b-b51e-d882-9071fb19321c, NVIDIA L40S, 5, 4322, 2505, 9001, 280.75, 350.00, 43
2026/09/06 13:01:31.002, GPU-c353397f-bf7b-b51e-d882-9071fb19321c, NVIDIA L40S, 31, 2818, 2520, 9001, 168.06, 350.00, 42
2026/09/06 13:01:31.503, GPU-c353397f-bf7b-b51e-d882-9071fb19321c, NVIDIA L40S, 0, 2818, 2520, 9001, 89.74, 350.00, 41
2026/09/06 13:01:32.003, GPU-c353397f-bf7b-b51e-d882-9071fb19321c, NVIDIA L40S, 0, 2818, 2520, 9001, 86.93, 350.00, 41
2026/09/06 13:01:32.503, GPU-c353397f-bf7b-b51e-d882-9071fb19321c, NVIDIA L40S, 0, 2818, 2520, 9001, 86.93, 350.00, 41
2026/09/06 13:01:33.004, GPU-c353397f-bf7b-b51e-d882-9071fb19321c, NVIDIA L40S, 0, 2818, 2520, 9001, 85.14, 350.00, 40
2026/09/06 13:01:33.504, GPU-c353397f-bf7b-b51e-d882-9071fb19321c, NVIDIA L40S, 0, 2818, 2520, 9001, 85.14, 350.00, 40
2026/09/06 13:01:34.004, GPU-c353397f-bf7b-b51e-d882-9071fb19321c, NVIDIA L40S, 0, 2818, 2520, 9001, 84.97, 350.00, 40
2026/09/06 13:01:34.505, GPU-c353397f-bf7b-b51e-d882-9071fb19321c, NVIDIA L40S, 0, 2818, 2520, 9001, 84.97, 350.00, 40
2026/09/06 13:01:35.005, GPU-c353397f-bf7b-b51e-d882-9071fb19321c, NVIDIA L40S, 0, 2818, 2520, 9001, 84.60, 350.00, 39
2026/09/06 13:01:35.505, GPU-c353397f-bf7b-b51e-d882-9071fb19321c, NVIDIA L40S, 0, 2818, 2520, 9001, 84.60, 350.00, 39
2026/09/06 13:01:36.005, GPU-c353397f-bf7b-b51e-d882-9071fb19321c, NVIDIA L40S, 0, 2818, 2520, 9001, 84.48, 350.00, 39
2026/09/06 13:01:36.506, GPU-c353397f-bf7b-b51e-d882-9071fb19321c, NVIDIA L40S, 0, 2818, 2520, 9001, 84.48, 350.00, 39
2026/09/06 13:01:37.006, GPU-c353397f-bf7b-b51e-d882-9071fb19321c, NVIDIA L40S, 0, 2818, 2520, 9001, 84.72, 350.00, 39
2026/09/06 13:01:37.506, GPU-c353397f-bf7b-b51e-d882-9071fb19321c, NVIDIA L40S, 13, 4418, 2520, 9001, 86.52, 350.00, 39
2026/09/06 13:01:38.007, GPU-c353397f-bf7b-b51e-d882-9071fb19321c, NVIDIA L40S, 0, 4386, 2520, 9001, 101.50, 350.00, 43
2026/09/06 13:01:38.507, GPU-c353397f-bf7b-b51e-d882-9071fb19321c, NVIDIA L40S, 99, 4386, 2520, 9001, 197.38, 350.00, 46
2026/09/06 13:01:39.008, GPU-c353397f-bf7b-b51e-d882-9071fb19321c, NVIDIA L40S, 100, 4386, 2520, 9001, 241.82, 350.00, 42
2026/09/06 13:01:39.509, GPU-c353397f-bf7b-b51e-d882-9071fb19321c, NVIDIA L40S, 100, 4386, 2520, 9001, 197.17, 350.00, 42
2026/09/06 13:01:40.009, GPU-c353397f-bf7b-b51e-d882-9071fb19321c, NVIDIA L40S, 99, 4386, 2520, 9001, 239.75, 350.00, 47
2026/09/06 13:01:40.510, GPU-c353397f-bf7b-b51e-d882-9071fb19321c, NVIDIA L40S, 100, 4386, 2520, 9001, 253.38, 350.00, 42
2026/09/06 13:01:41.011, GPU-c353397f-bf7b-b51e-d882-9071fb19321c, NVIDIA L40S, 100, 4386, 2520, 9001, 208.77, 350.00, 42
2026/09/06 13:01:41.511, GPU-c353397f-bf7b-b51e-d882-9071fb19321c, NVIDIA L40S, 99, 4386, 2520, 9001, 214.85, 350.00, 47
2026/09/06 13:01:42.012, GPU-c353397f-bf7b-b51e-d882-9071fb19321c, NVIDIA L40S, 100, 4386, 2520, 9001, 238.13, 350.00, 43
2026/09/06 13:01:42.512, GPU-c353397f-bf7b-b51e-d882-9071fb19321c, NVIDIA L40S, 100, 4386, 2520, 9001, 222.71, 350.00, 43
2026/09/06 13:01:43.013, GPU-c353397f-bf7b-b51e-d882-9071fb19321c, NVIDIA L40S, 83, 4386, 2520, 9001, 203.73, 350.00, 47
2026/09/06 13:01:43.514, GPU-c353397f-bf7b-b51e-d882-9071fb19321c, NVIDIA L40S, 100, 4386, 2520, 9001, 236.99, 350.00, 43
2026/09/06 13:01:44.014, GPU-c353397f-bf7b-b51e-d882-9071fb19321c, NVIDIA L40S, 100, 4386, 2520, 9001, 232.33, 350.00, 43
2026/09/06 13:01:44.515, GPU-c353397f-bf7b-b51e-d882-9071fb19321c, NVIDIA L40S, 99, 4386, 2520, 9001, 200.70, 350.00, 46
2026/09/06 13:01:45.015, GPU-c353397f-bf7b-b51e-d882-9071fb19321c, NVIDIA L40S, 99, 4386, 2520, 9001, 246.66, 350.00, 44
2026/09/06 13:01:45.516, GPU-c353397f-bf7b-b51e-d882-9071fb19321c, NVIDIA L40S, 100, 4386, 2520, 9001, 242.11, 350.00, 43
2026/09/06 13:01:46.017, GPU-c353397f-bf7b-b51e-d882-9071fb19321c, NVIDIA L40S, 100, 4386, 2520, 9001, 200.79, 350.00, 46
2026/09/06 13:01:46.517, GPU-c353397f-bf7b-b51e-d882-9071fb19321c, NVIDIA L40S, 99, 4386, 2520, 9001, 245.11, 350.00, 45
2026/09/06 13:01:47.018, GPU-c353397f-bf7b-b51e-d882-9071fb19321c, NVIDIA L40S, 100, 4386, 2520, 9001, 243.29, 350.00, 43
2026/09/06 13:01:47.518, GPU-c353397f-bf7b-b51e-d882-9071fb19321c, NVIDIA L40S, 100, 4386, 2520, 9001, 191.70, 350.00, 43
2026/09/06 13:01:48.018, GPU-c353397f-bf7b-b51e-d882-9071fb19321c, NVIDIA L40S, 99, 4386, 2520, 9001, 221.49, 350.00, 48
2026/09/06 13:01:48.519, GPU-c353397f-bf7b-b51e-d882-9071fb19321c, NVIDIA L40S, 100, 4386, 2520, 9001, 239.78, 350.00, 44
2026/09/06 13:01:49.019, GPU-c353397f-bf7b-b51e-d882-9071fb19321c, NVIDIA L40S, 100, 4386, 2520, 9001, 219.82, 350.00, 44
2026/09/06 13:01:49.520, GPU-c353397f-bf7b-b51e-d882-9071fb19321c, NVIDIA L40S, 99, 4386, 2520, 9001, 222.57, 350.00, 49
2026/09/06 13:01:50.020, GPU-c353397f-bf7b-b51e-d882-9071fb19321c, NVIDIA L40S, 100, 4386, 2520, 9001, 244.11, 350.00, 44
2026/09/06 13:01:50.521, GPU-c353397f-bf7b-b51e-d882-9071fb19321c, NVIDIA L40S, 100, 4386, 2520, 9001, 222.88, 350.00, 44
2026/09/06 13:01:51.022, GPU-c353397f-bf7b-b51e-d882-9071fb19321c, NVIDIA L40S, 99, 4386, 2520, 9001, 221.85, 350.00, 49
2026/09/06 13:01:51.522, GPU-c353397f-bf7b-b51e-d882-9071fb19321c, NVIDIA L40S, 100, 4386, 2520, 9001, 252.10, 350.00, 45
2026/09/06 13:01:52.023, GPU-c353397f-bf7b-b51e-d882-9071fb19321c, NVIDIA L40S, 100, 4386, 2520, 9001, 232.67, 350.00, 44
2026/09/06 13:01:52.523, GPU-c353397f-bf7b-b51e-d882-9071fb19321c, NVIDIA L40S, 24, 4386, 2520, 9001, 173.76, 350.00, 43
2026/09/06 13:01:53.024, GPU-c353397f-bf7b-b51e-d882-9071fb19321c, NVIDIA L40S, 99, 4386, 2520, 9001, 231.30, 350.00, 49
2026/09/06 13:01:53.525, GPU-c353397f-bf7b-b51e-d882-9071fb19321c, NVIDIA L40S, 100, 4386, 2520, 9001, 248.01, 350.00, 44
2026/09/06 13:01:54.026, GPU-c353397f-bf7b-b51e-d882-9071fb19321c, NVIDIA L40S, 100, 4386, 2520, 9001, 210.13, 350.00, 44
2026/09/06 13:01:54.526, GPU-c353397f-bf7b-b51e-d882-9071fb19321c, NVIDIA L40S, 99, 4386, 2520, 9001, 232.76, 350.00, 50
2026/09/06 13:01:55.027, GPU-c353397f-bf7b-b51e-d882-9071fb19321c, NVIDIA L40S, 100, 4386, 2520, 9001, 257.83, 350.00, 45
2026/09/06 13:01:55.527, GPU-c353397f-bf7b-b51e-d882-9071fb19321c, NVIDIA L40S, 100, 4386, 2520, 9001, 222.92, 350.00, 44
2026/09/06 13:01:56.028, GPU-c353397f-bf7b-b51e-d882-9071fb19321c, NVIDIA L40S, 99, 4386, 2520, 9001, 224.16, 350.00, 49
2026/09/06 13:01:56.528, GPU-c353397f-bf7b-b51e-d882-9071fb19321c, NVIDIA L40S, 100, 4386, 2520, 9001, 254.77, 350.00, 45
2026/09/06 13:01:57.029, GPU-c353397f-bf7b-b51e-d882-9071fb19321c, NVIDIA L40S, 100, 4386, 2520, 9001, 230.91, 350.00, 45
2026/09/06 13:01:57.529, GPU-c353397f-bf7b-b51e-d882-9071fb19321c, NVIDIA L40S, 0, 4386, 2520, 9001, 170.98, 350.00, 45
2026/09/06 13:01:58.030, GPU-c353397f-bf7b-b51e-d882-9071fb19321c, NVIDIA L40S, 99, 4386, 2520, 9001, 226.90, 350.00, 50
2026/09/06 13:01:58.530, GPU-c353397f-bf7b-b51e-d882-9071fb19321c, NVIDIA L40S, 100, 4386, 2520, 9001, 243.29, 350.00, 45
2026/09/06 13:01:59.031, GPU-c353397f-bf7b-b51e-d882-9071fb19321c, NVIDIA L40S, 100, 4386, 2520, 9001, 207.24, 350.00, 45
2026/09/06 13:01:59.532, GPU-c353397f-bf7b-b51e-d882-9071fb19321c, NVIDIA L40S, 99, 4386, 2520, 9001, 237.17, 350.00, 49
2026/09/06 13:02:00.032, GPU-c353397f-bf7b-b51e-d882-9071fb19321c, NVIDIA L40S, 100, 4386, 2520, 9001, 257.36, 350.00, 45
2026/09/06 13:02:00.532, GPU-c353397f-bf7b-b51e-d882-9071fb19321c, NVIDIA L40S, 100, 4386, 2520, 9001, 223.13, 350.00, 45
2026/09/06 13:02:01.033, GPU-c353397f-bf7b-b51e-d882-9071fb19321c, NVIDIA L40S, 15, 4386, 2520, 9001, 197.04, 350.00, 49
2026/09/06 13:02:01.534, GPU-c353397f-bf7b-b51e-d882-9071fb19321c, NVIDIA L40S, 99, 4386, 2520, 9001, 244.66, 350.00, 46
2026/09/06 13:02:02.034, GPU-c353397f-bf7b-b51e-d882-9071fb19321c, NVIDIA L40S, 100, 4386, 2520, 9001, 244.79, 350.00, 45
2026/09/06 13:02:02.535, GPU-c353397f-bf7b-b51e-d882-9071fb19321c, NVIDIA L40S, 99, 4386, 2520, 9001, 200.23, 350.00, 48
2026/09/06 13:02:03.036, GPU-c353397f-bf7b-b51e-d882-9071fb19321c, NVIDIA L40S, 99, 4386, 2520, 9001, 254.63, 350.00, 49
2026/09/06 13:02:03.536, GPU-c353397f-bf7b-b51e-d882-9071fb19321c, NVIDIA L40S, 100, 4386, 2520, 9001, 255.10, 350.00, 45
2026/09/06 13:02:04.036, GPU-c353397f-bf7b-b51e-d882-9071fb19321c, NVIDIA L40S, 100, 4386, 2520, 9001, 201.31, 350.00, 45
2026/09/06 13:02:04.537, GPU-c353397f-bf7b-b51e-d882-9071fb19321c, NVIDIA L40S, 99, 4386, 2520, 9001, 255.86, 350.00, 51
2026/09/06 13:02:05.038, GPU-c353397f-bf7b-b51e-d882-9071fb19321c, NVIDIA L40S, 100, 4386, 2520, 9001, 255.65, 350.00, 46
2026/09/06 13:02:05.538, GPU-c353397f-bf7b-b51e-d882-9071fb19321c, NVIDIA L40S, 100, 4386, 2520, 9001, 202.48, 350.00, 45
2026/09/06 13:02:06.039, GPU-c353397f-bf7b-b51e-d882-9071fb19321c, NVIDIA L40S, 99, 4386, 2520, 9001, 226.39, 350.00, 50
2026/09/06 13:02:06.540, GPU-c353397f-bf7b-b51e-d882-9071fb19321c, NVIDIA L40S, 100, 4386, 2520, 9001, 247.81, 350.00, 46
2026/09/06 13:02:07.040, GPU-c353397f-bf7b-b51e-d882-9071fb19321c, NVIDIA L40S, 100, 4386, 2520, 9001, 225.51, 350.00, 46
2026/09/06 13:02:07.540, GPU-c353397f-bf7b-b51e-d882-9071fb19321c, NVIDIA L40S, 99, 4386, 2520, 9001, 220.39, 350.00, 50
2026/09/06 13:02:08.042, GPU-c353397f-bf7b-b51e-d882-9071fb19321c, NVIDIA L40S, 99, 4386, 2520, 9001, 252.52, 350.00, 47
2026/09/06 13:02:08.542, GPU-c353397f-bf7b-b51e-d882-9071fb19321c, NVIDIA L40S, 100, 4386, 2520, 9001, 235.16, 350.00, 46
2026/09/06 13:02:09.043, GPU-c353397f-bf7b-b51e-d882-9071fb19321c, NVIDIA L40S, 100, 4386, 2520, 9001, 192.12, 350.00, 48
2026/09/06 13:02:09.544, GPU-c353397f-bf7b-b51e-d882-9071fb19321c, NVIDIA L40S, 99, 4386, 2520, 9001, 240.71, 350.00, 52
2026/09/06 13:02:10.045, GPU-c353397f-bf7b-b51e-d882-9071fb19321c, NVIDIA L40S, 100, 4386, 2520, 9001, 245.84, 350.00, 46
2026/09/06 13:02:10.545, GPU-c353397f-bf7b-b51e-d882-9071fb19321c, NVIDIA L40S, 100, 4386, 2520, 9001, 179.90, 350.00, 46
2026/09/06 13:02:11.046, GPU-c353397f-bf7b-b51e-d882-9071fb19321c, NVIDIA L40S, 99, 4386, 2520, 9001, 231.97, 350.00, 51
2026/09/06 13:02:11.546, GPU-c353397f-bf7b-b51e-d882-9071fb19321c, NVIDIA L40S, 100, 4386, 2520, 9001, 246.08, 350.00, 46
2026/09/06 13:02:12.046, GPU-c353397f-bf7b-b51e-d882-9071fb19321c, NVIDIA L40S, 100, 4386, 2520, 9001, 212.43, 350.00, 46
2026/09/06 13:02:12.547, GPU-c353397f-bf7b-b51e-d882-9071fb19321c, NVIDIA L40S, 99, 4386, 2520, 9001, 235.31, 350.00, 51
2026/09/06 13:02:13.047, GPU-c353397f-bf7b-b51e-d882-9071fb19321c, NVIDIA L40S, 100, 4386, 2520, 9001, 252.65, 350.00, 47
2026/09/06 13:02:13.548, GPU-c353397f-bf7b-b51e-d882-9071fb19321c, NVIDIA L40S, 100, 4386, 2520, 9001, 222.24, 350.00, 46
2026/09/06 13:02:14.049, GPU-c353397f-bf7b-b51e-d882-9071fb19321c, NVIDIA L40S, 0, 4386, 2520, 9001, 201.31, 350.00, 48
2026/09/06 13:02:14.550, GPU-c353397f-bf7b-b51e-d882-9071fb19321c, NVIDIA L40S, 99, 4386, 2520, 9001, 247.51, 350.00, 49
2026/09/06 13:02:15.050, GPU-c353397f-bf7b-b51e-d882-9071fb19321c, NVIDIA L40S, 100, 4386, 2520, 9001, 247.68, 350.00, 46
2026/09/06 13:02:15.550, GPU-c353397f-bf7b-b51e-d882-9071fb19321c, NVIDIA L40S, 100, 4386, 2520, 9001, 206.15, 350.00, 46
2026/09/06 13:02:16.051, GPU-c353397f-bf7b-b51e-d882-9071fb19321c, NVIDIA L40S, 99, 4386, 2520, 9001, 261.18, 350.00, 52
2026/09/06 13:02:16.552, GPU-c353397f-bf7b-b51e-d882-9071fb19321c, NVIDIA L40S, 100, 4386, 2520, 9001, 259.52, 350.00, 47
2026/09/06 13:02:17.053, GPU-c353397f-bf7b-b51e-d882-9071fb19321c, NVIDIA L40S, 100, 4386, 2520, 9001, 198.39, 350.00, 46
2026/09/06 13:02:17.553, GPU-c353397f-bf7b-b51e-d882-9071fb19321c, NVIDIA L40S, 0, 4386, 2520, 9001, 145.14, 350.00, 44
2026/09/06 13:02:18.053, GPU-c353397f-bf7b-b51e-d882-9071fb19321c, NVIDIA L40S, 2, 2786, 2520, 9001, 98.84, 350.00, 44
2026/09/06 13:02:18.554, GPU-c353397f-bf7b-b51e-d882-9071fb19321c, NVIDIA L40S, 0, 2786, 2520, 9001, 88.25, 350.00, 44
2026/09/06 13:02:19.054, GPU-c353397f-bf7b-b51e-d882-9071fb19321c, NVIDIA L40S, 0, 2786, 2520, 9001, 88.10, 350.00, 43
2026/09/06 13:02:19.554, GPU-c353397f-bf7b-b51e-d882-9071fb19321c, NVIDIA L40S, 0, 2786, 2520, 9001, 88.10, 350.00, 43
2026/09/06 13:02:20.055, GPU-c353397f-bf7b-b51e-d882-9071fb19321c, NVIDIA L40S, 0, 2786, 2520, 9001, 87.44, 350.00, 43
2026/09/06 13:02:20.555, GPU-c353397f-bf7b-b51e-d882-9071fb19321c, NVIDIA L40S, 0, 2786, 2520, 9001, 87.44, 350.00, 43
2026/09/06 13:02:21.055, GPU-c353397f-bf7b-b51e-d882-9071fb19321c, NVIDIA L40S, 0, 2786, 2520, 9001, 87.04, 350.00, 43
2026/09/06 13:02:21.556, GPU-c353397f-bf7b-b51e-d882-9071fb19321c, NVIDIA L40S, 0, 2786, 2520, 9001, 87.04, 350.00, 42
2026/09/06 13:02:22.056, GPU-c353397f-bf7b-b51e-d882-9071fb19321c, NVIDIA L40S, 0, 2786, 2520, 9001, 86.77, 350.00, 42
2026/09/06 13:02:22.556, GPU-c353397f-bf7b-b51e-d882-9071fb19321c, NVIDIA L40S, 0, 2786, 2520, 9001, 86.77, 350.00, 42
2026/09/06 13:02:23.057, GPU-c353397f-bf7b-b51e-d882-9071fb19321c, NVIDIA L40S, 0, 2786, 2520, 9001, 86.53, 350.00, 42
2026/09/06 13:02:23.557, GPU-c353397f-bf7b-b51e-d882-9071fb19321c, NVIDIA L40S, 0, 2786, 2520, 9001, 86.53, 350.00, 42
2026/09/06 13:02:24.057, GPU-c353397f-bf7b-b51e-d882-9071fb19321c, NVIDIA L40S, 0, 2786, 2520, 9001, 86.44, 350.00, 42
2026/09/06 13:02:24.557, GPU-c353397f-bf7b-b51e-d882-9071fb19321c, NVIDIA L40S, 10, 4418, 2520, 9001, 88.40, 350.00, 42
2026/09/06 13:02:25.058, GPU-c353397f-bf7b-b51e-d882-9071fb19321c, NVIDIA L40S, 0, 4418, 2520, 9001, 95.44, 350.00, 42
2026/09/06 13:02:25.558, GPU-c353397f-bf7b-b51e-d882-9071fb19321c, NVIDIA L40S, 99, 4418, 2520, 9001, 199.00, 350.00, 49
2026/09/06 13:02:26.059, GPU-c353397f-bf7b-b51e-d882-9071fb19321c, NVIDIA L40S, 100, 4418, 2520, 9001, 243.42, 350.00, 44
2026/09/06 13:02:26.560, GPU-c353397f-bf7b-b51e-d882-9071fb19321c, NVIDIA L40S, 100, 4418, 2520, 9001, 198.57, 350.00, 44
2026/09/06 13:02:27.060, GPU-c353397f-bf7b-b51e-d882-9071fb19321c, NVIDIA L40S, 99, 4418, 2520, 9001, 219.66, 350.00, 49
2026/09/06 13:02:27.561, GPU-c353397f-bf7b-b51e-d882-9071fb19321c, NVIDIA L40S, 100, 4418, 2520, 9001, 246.97, 350.00, 45
2026/09/06 13:02:28.062, GPU-c353397f-bf7b-b51e-d882-9071fb19321c, NVIDIA L40S, 100, 4418, 2520, 9001, 222.59, 350.00, 45
2026/09/06 13:02:28.563, GPU-c353397f-bf7b-b51e-d882-9071fb19321c, NVIDIA L40S, 99, 4418, 2520, 9001, 224.30, 350.00, 49
2026/09/06 13:02:29.063, GPU-c353397f-bf7b-b51e-d882-9071fb19321c, NVIDIA L40S, 100, 4418, 2520, 9001, 248.38, 350.00, 46
2026/09/06 13:02:29.564, GPU-c353397f-bf7b-b51e-d882-9071fb19321c, NVIDIA L40S, 100, 4418, 2520, 9001, 221.51, 350.00, 45
2026/09/06 13:02:30.064, GPU-c353397f-bf7b-b51e-d882-9071fb19321c, NVIDIA L40S, 68, 4418, 2520, 9001, 208.60, 350.00, 49
2026/09/06 13:02:30.564, GPU-c353397f-bf7b-b51e-d882-9071fb19321c, NVIDIA L40S, 100, 4418, 2520, 9001, 239.14, 350.00, 47
2026/09/06 13:02:31.065, GPU-c353397f-bf7b-b51e-d882-9071fb19321c, NVIDIA L40S, 100, 4418, 2520, 9001, 231.00, 350.00, 45
2026/09/06 13:02:31.566, GPU-c353397f-bf7b-b51e-d882-9071fb19321c, NVIDIA L40S, 45, 4418, 2520, 9001, 177.94, 350.00, 48
2026/09/06 13:02:32.067, GPU-c353397f-bf7b-b51e-d882-9071fb19321c, NVIDIA L40S, 99, 4418, 2520, 9001, 236.70, 350.00, 50
2026/09/06 13:02:32.568, GPU-c353397f-bf7b-b51e-d882-9071fb19321c, NVIDIA L40S, 100, 4418, 2520, 9001, 234.19, 350.00, 46
2026/09/06 13:02:33.068, GPU-c353397f-bf7b-b51e-d882-9071fb19321c, NVIDIA L40S, 100, 4418, 2520, 9001, 200.46, 350.00, 45
2026/09/06 13:02:33.569, GPU-c353397f-bf7b-b51e-d882-9071fb19321c, NVIDIA L40S, 99, 4418, 2520, 9001, 247.18, 350.00, 51
2026/09/06 13:02:34.069, GPU-c353397f-bf7b-b51e-d882-9071fb19321c, NVIDIA L40S, 100, 4418, 2520, 9001, 259.34, 350.00, 46
2026/09/06 13:02:34.570, GPU-c353397f-bf7b-b51e-d882-9071fb19321c, NVIDIA L40S, 100, 4418, 2520, 9001, 210.86, 350.00, 46
2026/09/06 13:02:35.070, GPU-c353397f-bf7b-b51e-d882-9071fb19321c, NVIDIA L40S, 99, 4418, 2520, 9001, 214.38, 350.00, 50
2026/09/06 13:02:35.571, GPU-c353397f-bf7b-b51e-d882-9071fb19321c, NVIDIA L40S, 100, 4418, 2520, 9001, 239.16, 350.00, 47
2026/09/06 13:02:36.072, GPU-c353397f-bf7b-b51e-d882-9071fb19321c, NVIDIA L40S, 100, 4418, 2520, 9001, 222.28, 350.00, 46
2026/09/06 13:02:36.572, GPU-c353397f-bf7b-b51e-d882-9071fb19321c, NVIDIA L40S, 99, 4418, 2520, 9001, 200.13, 350.00, 49
2026/09/06 13:02:37.073, GPU-c353397f-bf7b-b51e-d882-9071fb19321c, NVIDIA L40S, 99, 4418, 2520, 9001, 248.64, 350.00, 48
2026/09/06 13:02:37.574, GPU-c353397f-bf7b-b51e-d882-9071fb19321c, NVIDIA L40S, 100, 4418, 2520, 9001, 248.96, 350.00, 46
2026/09/06 13:02:38.075, GPU-c353397f-bf7b-b51e-d882-9071fb19321c, NVIDIA L40S, 100, 4418, 2520, 9001, 198.14, 350.00, 46
2026/09/06 13:02:38.575, GPU-c353397f-bf7b-b51e-d882-9071fb19321c, NVIDIA L40S, 99, 4418, 2520, 9001, 255.21, 350.00, 52
2026/09/06 13:02:39.076, GPU-c353397f-bf7b-b51e-d882-9071fb19321c, NVIDIA L40S, 100, 4418, 2520, 9001, 253.37, 350.00, 47
2026/09/06 13:02:39.577, GPU-c353397f-bf7b-b51e-d882-9071fb19321c, NVIDIA L40S, 100, 4418, 2520, 9001, 199.81, 350.00, 46
2026/09/06 13:02:40.077, GPU-c353397f-bf7b-b51e-d882-9071fb19321c, NVIDIA L40S, 99, 4418, 2520, 9001, 243.22, 350.00, 51
2026/09/06 13:02:40.577, GPU-c353397f-bf7b-b51e-d882-9071fb19321c, NVIDIA L40S, 100, 4418, 2520, 9001, 263.55, 350.00, 47
2026/09/06 13:02:41.078, GPU-c353397f-bf7b-b51e-d882-9071fb19321c, NVIDIA L40S, 100, 4418, 2520, 9001, 220.48, 350.00, 46
2026/09/06 13:02:41.579, GPU-c353397f-bf7b-b51e-d882-9071fb19321c, NVIDIA L40S, 99, 4418, 2520, 9001, 202.04, 350.00, 49
2026/09/06 13:02:42.079, GPU-c353397f-bf7b-b51e-d882-9071fb19321c, NVIDIA L40S, 99, 4418, 2520, 9001, 249.80, 350.00, 52
2026/09/06 13:02:42.580, GPU-c353397f-bf7b-b51e-d882-9071fb19321c, NVIDIA L40S, 100, 4418, 2520, 9001, 245.60, 350.00, 47
2026/09/06 13:02:43.081, GPU-c353397f-bf7b-b51e-d882-9071fb19321c, NVIDIA L40S, 100, 4418, 2520, 9001, 197.79, 350.00, 47
2026/09/06 13:02:43.581, GPU-c353397f-bf7b-b51e-d882-9071fb19321c, NVIDIA L40S, 99, 4418, 2520, 9001, 257.12, 350.00, 51
2026/09/06 13:02:44.082, GPU-c353397f-bf7b-b51e-d882-9071fb19321c, NVIDIA L40S, 100, 4418, 2520, 9001, 255.52, 350.00, 47
2026/09/06 13:02:44.582, GPU-c353397f-bf7b-b51e-d882-9071fb19321c, NVIDIA L40S, 100, 4418, 2520, 9001, 201.81, 350.00, 47
2026/09/06 13:02:45.083, GPU-c353397f-bf7b-b51e-d882-9071fb19321c, NVIDIA L40S, 99, 4418, 2520, 9001, 215.60, 350.00, 51
2026/09/06 13:02:45.583, GPU-c353397f-bf7b-b51e-d882-9071fb19321c, NVIDIA L40S, 100, 4418, 2520, 9001, 247.45, 350.00, 48
2026/09/06 13:02:46.084, GPU-c353397f-bf7b-b51e-d882-9071fb19321c, NVIDIA L40S, 100, 4418, 2520, 9001, 232.57, 350.00, 47
2026/09/06 13:02:46.584, GPU-c353397f-bf7b-b51e-d882-9071fb19321c, NVIDIA L40S, 99, 4418, 2520, 9001, 207.76, 350.00, 52
2026/09/06 13:02:47.084, GPU-c353397f-bf7b-b51e-d882-9071fb19321c, NVIDIA L40S, 99, 4418, 2520, 9001, 256.52, 350.00, 49
2026/09/06 13:02:47.585, GPU-c353397f-bf7b-b51e-d882-9071fb19321c, NVIDIA L40S, 100, 4418, 2520, 9001, 242.26, 350.00, 47
2026/09/06 13:02:48.086, GPU-c353397f-bf7b-b51e-d882-9071fb19321c, NVIDIA L40S, 100, 4418, 2520, 9001, 201.84, 350.00, 49
2026/09/06 13:02:48.586, GPU-c353397f-bf7b-b51e-d882-9071fb19321c, NVIDIA L40S, 99, 4418, 2520, 9001, 260.51, 350.00, 52
2026/09/06 13:02:49.087, GPU-c353397f-bf7b-b51e-d882-9071fb19321c, NVIDIA L40S, 100, 4418, 2520, 9001, 254.29, 350.00, 48
2026/09/06 13:02:49.587, GPU-c353397f-bf7b-b51e-d882-9071fb19321c, NVIDIA L40S, 100, 4418, 2520, 9001, 198.23, 350.00, 47
2026/09/06 13:02:50.088, GPU-c353397f-bf7b-b51e-d882-9071fb19321c, NVIDIA L40S, 99, 4418, 2520, 9001, 225.39, 350.00, 51
2026/09/06 13:02:50.588, GPU-c353397f-bf7b-b51e-d882-9071fb19321c, NVIDIA L40S, 100, 4418, 2520, 9001, 243.63, 350.00, 48
2026/09/06 13:02:51.089, GPU-c353397f-bf7b-b51e-d882-9071fb19321c, NVIDIA L40S, 100, 4418, 2520, 9001, 222.54, 350.00, 48
2026/09/06 13:02:51.589, GPU-c353397f-bf7b-b51e-d882-9071fb19321c, NVIDIA L40S, 99, 4418, 2520, 9001, 207.42, 350.00, 52
2026/09/06 13:02:52.090, GPU-c353397f-bf7b-b51e-d882-9071fb19321c, NVIDIA L40S, 99, 4418, 2520, 9001, 256.27, 350.00, 50
2026/09/06 13:02:52.590, GPU-c353397f-bf7b-b51e-d882-9071fb19321c, NVIDIA L40S, 100, 4418, 2520, 9001, 245.70, 350.00, 48
2026/09/06 13:02:53.091, GPU-c353397f-bf7b-b51e-d882-9071fb19321c, NVIDIA L40S, 100, 4418, 2520, 9001, 195.67, 350.00, 49
2026/09/06 13:02:53.591, GPU-c353397f-bf7b-b51e-d882-9071fb19321c, NVIDIA L40S, 99, 4418, 2520, 9001, 255.28, 350.00, 53
2026/09/06 13:02:54.092, GPU-c353397f-bf7b-b51e-d882-9071fb19321c, NVIDIA L40S, 100, 4418, 2520, 9001, 251.18, 350.00, 48
2026/09/06 13:02:54.593, GPU-c353397f-bf7b-b51e-d882-9071fb19321c, NVIDIA L40S, 100, 4418, 2520, 9001, 202.57, 350.00, 48
2026/09/06 13:02:55.093, GPU-c353397f-bf7b-b51e-d882-9071fb19321c, NVIDIA L40S, 98, 4418, 2520, 9001, 228.89, 350.00, 53
2026/09/06 13:02:55.594, GPU-c353397f-bf7b-b51e-d882-9071fb19321c, NVIDIA L40S, 100, 4418, 2520, 9001, 250.27, 350.00, 48
2026/09/06 13:02:56.095, GPU-c353397f-bf7b-b51e-d882-9071fb19321c, NVIDIA L40S, 100, 4418, 2520, 9001, 225.81, 350.00, 48
2026/09/06 13:02:56.596, GPU-c353397f-bf7b-b51e-d882-9071fb19321c, NVIDIA L40S, 99, 4418, 2520, 9001, 219.85, 350.00, 52
2026/09/06 13:02:57.096, GPU-c353397f-bf7b-b51e-d882-9071fb19321c, NVIDIA L40S, 99, 4418, 2520, 9001, 252.52, 350.00, 49
2026/09/06 13:02:57.597, GPU-c353397f-bf7b-b51e-d882-9071fb19321c, NVIDIA L40S, 100, 4418, 2520, 9001, 235.95, 350.00, 48
2026/09/06 13:02:58.097, GPU-c353397f-bf7b-b51e-d882-9071fb19321c, NVIDIA L40S, 89, 4418, 2520, 9001, 177.58, 350.00, 47
2026/09/06 13:02:58.598, GPU-c353397f-bf7b-b51e-d882-9071fb19321c, NVIDIA L40S, 99, 4418, 2520, 9001, 236.93, 350.00, 53
2026/09/06 13:02:59.098, GPU-c353397f-bf7b-b51e-d882-9071fb19321c, NVIDIA L40S, 100, 4418, 2520, 9001, 237.76, 350.00, 48
2026/09/06 13:02:59.599, GPU-c353397f-bf7b-b51e-d882-9071fb19321c, NVIDIA L40S, 100, 4418, 2520, 9001, 203.77, 350.00, 48
2026/09/06 13:03:00.100, GPU-c353397f-bf7b-b51e-d882-9071fb19321c, NVIDIA L40S, 99, 4418, 2520, 9001, 246.28, 350.00, 52
2026/09/06 13:03:00.600, GPU-c353397f-bf7b-b51e-d882-9071fb19321c, NVIDIA L40S, 100, 4418, 2520, 9001, 255.15, 350.00, 48
2026/09/06 13:03:01.100, GPU-c353397f-bf7b-b51e-d882-9071fb19321c, NVIDIA L40S, 100, 4418, 2520, 9001, 203.63, 350.00, 48
2026/09/06 13:03:01.601, GPU-c353397f-bf7b-b51e-d882-9071fb19321c, NVIDIA L40S, 33, 4418, 2520, 9001, 175.16, 350.00, 47
2026/09/06 13:03:02.102, GPU-c353397f-bf7b-b51e-d882-9071fb19321c, NVIDIA L40S, 99, 4418, 2520, 9001, 233.57, 350.00, 50
2026/09/06 13:03:02.603, GPU-c353397f-bf7b-b51e-d882-9071fb19321c, NVIDIA L40S, 100, 4418, 2520, 9001, 243.58, 350.00, 48
2026/09/06 13:03:03.104, GPU-c353397f-bf7b-b51e-d882-9071fb19321c, NVIDIA L40S, 100, 4418, 2520, 9001, 187.64, 350.00, 51
2026/09/06 13:03:03.604, GPU-c353397f-bf7b-b51e-d882-9071fb19321c, NVIDIA L40S, 99, 4418, 2520, 9001, 248.63, 350.00, 54
2026/09/06 13:03:04.104, GPU-c353397f-bf7b-b51e-d882-9071fb19321c, NVIDIA L40S, 100, 4418, 2520, 9001, 245.62, 350.00, 49
2026/09/06 13:03:04.605, GPU-c353397f-bf7b-b51e-d882-9071fb19321c, NVIDIA L40S, 100, 4418, 2520, 9001, 202.54, 350.00, 48
2026/09/06 13:03:05.105, GPU-c353397f-bf7b-b51e-d882-9071fb19321c, NVIDIA L40S, 2, 4514, 2520, 9001, 157.22, 350.00, 46
2026/09/06 13:03:05.606, GPU-c353397f-bf7b-b51e-d882-9071fb19321c, NVIDIA L40S, 0, 4514, 2520, 9001, 108.56, 350.00, 46
2026/09/06 13:03:06.106, GPU-c353397f-bf7b-b51e-d882-9071fb19321c, NVIDIA L40S, 0, 3234, 2520, 9001, 89.90, 350.00, 45
2026/09/06 13:03:06.606, GPU-c353397f-bf7b-b51e-d882-9071fb19321c, NVIDIA L40S, 18, 4290, 2520, 9001, 90.02, 350.00, 45
2026/09/06 13:03:07.107, GPU-c353397f-bf7b-b51e-d882-9071fb19321c, NVIDIA L40S, 98, 4674, 2475, 9001, 151.57, 350.00, 53
2026/09/06 13:03:07.607, GPU-c353397f-bf7b-b51e-d882-9071fb19321c, NVIDIA L40S, 98, 4674, 2475, 9001, 257.04, 350.00, 53
2026/09/06 13:03:08.108, GPU-c353397f-bf7b-b51e-d882-9071fb19321c, NVIDIA L40S, 12, 4674, 2505, 9001, 292.96, 350.00, 50
2026/09/06 13:03:08.609, GPU-c353397f-bf7b-b51e-d882-9071fb19321c, NVIDIA L40S, 98, 4674, 2505, 9001, 298.49, 350.00, 54
2026/09/06 13:03:09.109, GPU-c353397f-bf7b-b51e-d882-9071fb19321c, NVIDIA L40S, 96, 4674, 2505, 9001, 302.06, 350.00, 50
2026/09/06 13:03:09.610, GPU-c353397f-bf7b-b51e-d882-9071fb19321c, NVIDIA L40S, 98, 4674, 2505, 9001, 285.51, 350.00, 48
2026/09/06 13:03:10.111, GPU-c353397f-bf7b-b51e-d882-9071fb19321c, NVIDIA L40S, 85, 4674, 2505, 9001, 278.68, 350.00, 49
2026/09/06 13:03:10.612, GPU-c353397f-bf7b-b51e-d882-9071fb19321c, NVIDIA L40S, 98, 4674, 2505, 9001, 272.47, 350.00, 49
2026/09/06 13:03:11.112, GPU-c353397f-bf7b-b51e-d882-9071fb19321c, NVIDIA L40S, 98, 4674, 2490, 9001, 264.55, 350.00, 52
2026/09/06 13:03:11.613, GPU-c353397f-bf7b-b51e-d882-9071fb19321c, NVIDIA L40S, 98, 4674, 2505, 9001, 269.28, 350.00, 51
2026/09/06 13:03:12.113, GPU-c353397f-bf7b-b51e-d882-9071fb19321c, NVIDIA L40S, 98, 4674, 2460, 9001, 289.27, 350.00, 55
2026/09/06 13:03:12.614, GPU-c353397f-bf7b-b51e-d882-9071fb19321c, NVIDIA L40S, 98, 4674, 2490, 9001, 284.77, 350.00, 55
2026/09/06 13:03:13.114, GPU-c353397f-bf7b-b51e-d882-9071fb19321c, NVIDIA L40S, 98, 4674, 2460, 9001, 281.79, 350.00, 55
2026/09/06 13:03:13.615, GPU-c353397f-bf7b-b51e-d882-9071fb19321c, NVIDIA L40S, 98, 4674, 2490, 9001, 287.35, 350.00, 56
2026/09/06 13:03:14.116, GPU-c353397f-bf7b-b51e-d882-9071fb19321c, NVIDIA L40S, 98, 4674, 2460, 9001, 320.78, 350.00, 56
2026/09/06 13:03:14.616, GPU-c353397f-bf7b-b51e-d882-9071fb19321c, NVIDIA L40S, 86, 4674, 2460, 9001, 314.24, 350.00, 55
2026/09/06 13:03:15.117, GPU-c353397f-bf7b-b51e-d882-9071fb19321c, NVIDIA L40S, 98, 4674, 2430, 9001, 292.71, 350.00, 56
2026/09/06 13:03:15.618, GPU-c353397f-bf7b-b51e-d882-9071fb19321c, NVIDIA L40S, 45, 4674, 2445, 9001, 282.98, 350.00, 55
2026/09/06 13:03:16.118, GPU-c353397f-bf7b-b51e-d882-9071fb19321c, NVIDIA L40S, 98, 4674, 2475, 9001, 284.24, 350.00, 56
2026/09/06 13:03:16.619, GPU-c353397f-bf7b-b51e-d882-9071fb19321c, NVIDIA L40S, 22, 4674, 2490, 9001, 279.98, 350.00, 55
2026/09/06 13:03:17.120, GPU-c353397f-bf7b-b51e-d882-9071fb19321c, NVIDIA L40S, 65, 4674, 2445, 9001, 290.64, 350.00, 56
2026/09/06 13:03:17.620, GPU-c353397f-bf7b-b51e-d882-9071fb19321c, NVIDIA L40S, 86, 4674, 2505, 9001, 286.12, 350.00, 54
2026/09/06 13:03:18.121, GPU-c353397f-bf7b-b51e-d882-9071fb19321c, NVIDIA L40S, 61, 4674, 2505, 9001, 264.82, 350.00, 55
2026/09/06 13:03:18.621, GPU-c353397f-bf7b-b51e-d882-9071fb19321c, NVIDIA L40S, 98, 4674, 2505, 9001, 249.76, 350.00, 51
2026/09/06 13:03:19.122, GPU-c353397f-bf7b-b51e-d882-9071fb19321c, NVIDIA L40S, 99, 4674, 2505, 9001, 271.26, 350.00, 55
2026/09/06 13:03:19.623, GPU-c353397f-bf7b-b51e-d882-9071fb19321c, NVIDIA L40S, 98, 4674, 2505, 9001, 283.15, 350.00, 51
2026/09/06 13:03:20.123, GPU-c353397f-bf7b-b51e-d882-9071fb19321c, NVIDIA L40S, 1, 3426, 2520, 9001, 193.21, 350.00, 49
2026/09/06 13:03:20.623, GPU-c353397f-bf7b-b51e-d882-9071fb19321c, NVIDIA L40S, 0, 3426, 2520, 9001, 94.02, 350.00, 48
2026/09/06 13:03:21.124, GPU-c353397f-bf7b-b51e-d882-9071fb19321c, NVIDIA L40S, 58, 4802, 2520, 9001, 112.92, 350.00, 53
2026/09/06 13:03:21.624, GPU-c353397f-bf7b-b51e-d882-9071fb19321c, NVIDIA L40S, 98, 4802, 2505, 9001, 214.54, 350.00, 56
2026/09/06 13:03:22.125, GPU-c353397f-bf7b-b51e-d882-9071fb19321c, NVIDIA L40S, 99, 4802, 2505, 9001, 312.45, 350.00, 55
2026/09/06 13:03:22.625, GPU-c353397f-bf7b-b51e-d882-9071fb19321c, NVIDIA L40S, 98, 4802, 2505, 9001, 293.43, 350.00, 56
2026/09/06 13:03:23.125, GPU-c353397f-bf7b-b51e-d882-9071fb19321c, NVIDIA L40S, 98, 4802, 2505, 9001, 287.39, 350.00, 56
2026/09/06 13:03:23.626, GPU-c353397f-bf7b-b51e-d882-9071fb19321c, NVIDIA L40S, 98, 4802, 2460, 9001, 287.33, 350.00, 56
2026/09/06 13:03:24.126, GPU-c353397f-bf7b-b51e-d882-9071fb19321c, NVIDIA L40S, 98, 4802, 2460, 9001, 280.53, 350.00, 56
2026/09/06 13:03:24.627, GPU-c353397f-bf7b-b51e-d882-9071fb19321c, NVIDIA L40S, 98, 4802, 2490, 9001, 290.66, 350.00, 56
2026/09/06 13:03:25.127, GPU-c353397f-bf7b-b51e-d882-9071fb19321c, NVIDIA L40S, 98, 4802, 2460, 9001, 300.91, 350.00, 57
2026/09/06 13:03:25.628, GPU-c353397f-bf7b-b51e-d882-9071fb19321c, NVIDIA L40S, 49, 4802, 2430, 9001, 288.28, 350.00, 56
2026/09/06 13:03:26.129, GPU-c353397f-bf7b-b51e-d882-9071fb19321c, NVIDIA L40S, 98, 4802, 2460, 9001, 299.85, 350.00, 57
2026/09/06 13:03:26.629, GPU-c353397f-bf7b-b51e-d882-9071fb19321c, NVIDIA L40S, 98, 4802, 2460, 9001, 324.64, 350.00, 58
2026/09/06 13:03:27.130, GPU-c353397f-bf7b-b51e-d882-9071fb19321c, NVIDIA L40S, 98, 4802, 2445, 9001, 289.03, 350.00, 56
2026/09/06 13:03:27.630, GPU-c353397f-bf7b-b51e-d882-9071fb19321c, NVIDIA L40S, 66, 4802, 2460, 9001, 282.07, 350.00, 56
2026/09/06 13:03:28.131, GPU-c353397f-bf7b-b51e-d882-9071fb19321c, NVIDIA L40S, 63, 4802, 2475, 9001, 278.93, 350.00, 56
2026/09/06 13:03:28.632, GPU-c353397f-bf7b-b51e-d882-9071fb19321c, NVIDIA L40S, 96, 4802, 2460, 9001, 284.16, 350.00, 57
2026/09/06 13:03:29.132, GPU-c353397f-bf7b-b51e-d882-9071fb19321c, NVIDIA L40S, 13, 4802, 2505, 9001, 280.00, 350.00, 53
2026/09/06 13:03:29.633, GPU-c353397f-bf7b-b51e-d882-9071fb19321c, NVIDIA L40S, 98, 4802, 2490, 9001, 292.47, 350.00, 54
2026/09/06 13:03:30.134, GPU-c353397f-bf7b-b51e-d882-9071fb19321c, NVIDIA L40S, 88, 4802, 2505, 9001, 310.21, 350.00, 53
2026/09/06 13:03:30.634, GPU-c353397f-bf7b-b51e-d882-9071fb19321c, NVIDIA L40S, 98, 4802, 2490, 9001, 305.81, 350.00, 55
2026/09/06 13:03:31.135, GPU-c353397f-bf7b-b51e-d882-9071fb19321c, NVIDIA L40S, 98, 4802, 2490, 9001, 283.20, 350.00, 56
2026/09/06 13:03:31.635, GPU-c353397f-bf7b-b51e-d882-9071fb19321c, NVIDIA L40S, 98, 4802, 2430, 9001, 283.61, 350.00, 58
2026/09/06 13:03:32.135, GPU-c353397f-bf7b-b51e-d882-9071fb19321c, NVIDIA L40S, 98, 4802, 2415, 9001, 272.65, 350.00, 58
2026/09/06 13:03:32.636, GPU-c353397f-bf7b-b51e-d882-9071fb19321c, NVIDIA L40S, 98, 4802, 2445, 9001, 271.64, 350.00, 59
2026/09/06 13:03:33.137, GPU-c353397f-bf7b-b51e-d882-9071fb19321c, NVIDIA L40S, 98, 4802, 2460, 9001, 305.36, 350.00, 57
2026/09/06 13:03:33.637, GPU-c353397f-bf7b-b51e-d882-9071fb19321c, NVIDIA L40S, 98, 4802, 2430, 9001, 335.61, 350.00, 58
2026/09/06 13:03:34.138, GPU-c353397f-bf7b-b51e-d882-9071fb19321c, NVIDIA L40S, 16, 3234, 2520, 9001, 236.87, 350.00, 51
2026/09/06 13:03:34.638, GPU-c353397f-bf7b-b51e-d882-9071fb19321c, NVIDIA L40S, 0, 3234, 2520, 9001, 124.97, 350.00, 50
2026/09/06 13:03:35.138, GPU-c353397f-bf7b-b51e-d882-9071fb19321c, NVIDIA L40S, 0, 3234, 2520, 9001, 92.80, 350.00, 50
2026/09/06 13:03:35.639, GPU-c353397f-bf7b-b51e-d882-9071fb19321c, NVIDIA L40S, 0, 3234, 2520, 9001, 92.80, 350.00, 50
2026/09/06 13:03:36.139, GPU-c353397f-bf7b-b51e-d882-9071fb19321c, NVIDIA L40S, 0, 3234, 2520, 9001, 90.25, 350.00, 49
2026/09/06 13:03:36.639, GPU-c353397f-bf7b-b51e-d882-9071fb19321c, NVIDIA L40S, 0, 3234, 2520, 9001, 90.25, 350.00, 49
2026/09/06 13:03:37.140, GPU-c353397f-bf7b-b51e-d882-9071fb19321c, NVIDIA L40S, 0, 3234, 2520, 9001, 89.77, 350.00, 48
2026/09/06 13:03:37.640, GPU-c353397f-bf7b-b51e-d882-9071fb19321c, NVIDIA L40S, 0, 3234, 2520, 9001, 89.77, 350.00, 48
2026/09/06 13:03:38.140, GPU-c353397f-bf7b-b51e-d882-9071fb19321c, NVIDIA L40S, 0, 3234, 2520, 9001, 89.53, 350.00, 48
2026/09/06 13:03:38.640, GPU-c353397f-bf7b-b51e-d882-9071fb19321c, NVIDIA L40S, 0, 3234, 2520, 9001, 89.53, 350.00, 48
2026/09/06 13:03:39.141, GPU-c353397f-bf7b-b51e-d882-9071fb19321c, NVIDIA L40S, 0, 3234, 2520, 9001, 89.53, 350.00, 48
2026/09/06 13:03:39.641, GPU-c353397f-bf7b-b51e-d882-9071fb19321c, NVIDIA L40S, 0, 3234, 2520, 9001, 89.53, 350.00, 48
2026/09/06 13:03:40.141, GPU-c353397f-bf7b-b51e-d882-9071fb19321c, NVIDIA L40S, 0, 3234, 2520, 9001, 89.04, 350.00, 47
2026/09/06 13:03:40.642, GPU-c353397f-bf7b-b51e-d882-9071fb19321c, NVIDIA L40S, 49, 4738, 2520, 9001, 90.21, 350.00, 47
2026/09/06 13:03:41.142, GPU-c353397f-bf7b-b51e-d882-9071fb19321c, NVIDIA L40S, 21, 4834, 2520, 9001, 90.28, 350.00, 50
2026/09/06 13:03:41.643, GPU-c353397f-bf7b-b51e-d882-9071fb19321c, NVIDIA L40S, 99, 4834, 2520, 9001, 190.03, 350.00, 54
2026/09/06 13:03:42.143, GPU-c353397f-bf7b-b51e-d882-9071fb19321c, NVIDIA L40S, 100, 4834, 2520, 9001, 235.11, 350.00, 50
2026/09/06 13:03:42.644, GPU-c353397f-bf7b-b51e-d882-9071fb19321c, NVIDIA L40S, 100, 4834, 2520, 9001, 204.68, 350.00, 50
2026/09/06 13:03:43.145, GPU-c353397f-bf7b-b51e-d882-9071fb19321c, NVIDIA L40S, 99, 4834, 2520, 9001, 243.48, 350.00, 55
2026/09/06 13:03:43.645, GPU-c353397f-bf7b-b51e-d882-9071fb19321c, NVIDIA L40S, 100, 4834, 2520, 9001, 254.67, 350.00, 50
2026/09/06 13:03:44.145, GPU-c353397f-bf7b-b51e-d882-9071fb19321c, NVIDIA L40S, 100, 4834, 2520, 9001, 213.53, 350.00, 50
2026/09/06 13:03:44.646, GPU-c353397f-bf7b-b51e-d882-9071fb19321c, NVIDIA L40S, 99, 4834, 2520, 9001, 214.92, 350.00, 55
2026/09/06 13:03:45.146, GPU-c353397f-bf7b-b51e-d882-9071fb19321c, NVIDIA L40S, 100, 4834, 2520, 9001, 251.85, 350.00, 51
2026/09/06 13:03:45.647, GPU-c353397f-bf7b-b51e-d882-9071fb19321c, NVIDIA L40S, 100, 4834, 2520, 9001, 236.38, 350.00, 50
2026/09/06 13:03:46.147, GPU-c353397f-bf7b-b51e-d882-9071fb19321c, NVIDIA L40S, 99, 4834, 2520, 9001, 213.77, 350.00, 54
2026/09/06 13:03:46.648, GPU-c353397f-bf7b-b51e-d882-9071fb19321c, NVIDIA L40S, 99, 4834, 2520, 9001, 250.34, 350.00, 51
2026/09/06 13:03:47.148, GPU-c353397f-bf7b-b51e-d882-9071fb19321c, NVIDIA L40S, 100, 4834, 2520, 9001, 233.70, 350.00, 51
2026/09/06 13:03:47.649, GPU-c353397f-bf7b-b51e-d882-9071fb19321c, NVIDIA L40S, 94, 4834, 2520, 9001, 196.63, 350.00, 55
2026/09/06 13:03:48.150, GPU-c353397f-bf7b-b51e-d882-9071fb19321c, NVIDIA L40S, 99, 4834, 2520, 9001, 249.79, 350.00, 52
2026/09/06 13:03:48.650, GPU-c353397f-bf7b-b51e-d882-9071fb19321c, NVIDIA L40S, 100, 4834, 2520, 9001, 248.27, 350.00, 51
2026/09/06 13:03:49.150, GPU-c353397f-bf7b-b51e-d882-9071fb19321c, NVIDIA L40S, 71, 4834, 2520, 9001, 183.83, 350.00, 50
2026/09/06 13:03:49.651, GPU-c353397f-bf7b-b51e-d882-9071fb19321c, NVIDIA L40S, 99, 4834, 2520, 9001, 222.33, 350.00, 55
2026/09/06 13:03:50.152, GPU-c353397f-bf7b-b51e-d882-9071fb19321c, NVIDIA L40S, 100, 4834, 2520, 9001, 231.66, 350.00, 51
2026/09/06 13:03:50.652, GPU-c353397f-bf7b-b51e-d882-9071fb19321c, NVIDIA L40S, 100, 4834, 2520, 9001, 216.55, 350.00, 51
2026/09/06 13:03:51.153, GPU-c353397f-bf7b-b51e-d882-9071fb19321c, NVIDIA L40S, 99, 4834, 2520, 9001, 233.15, 350.00, 56
2026/09/06 13:03:51.653, GPU-c353397f-bf7b-b51e-d882-9071fb19321c, NVIDIA L40S, 100, 4834, 2520, 9001, 254.53, 350.00, 51
2026/09/06 13:03:52.154, GPU-c353397f-bf7b-b51e-d882-9071fb19321c, NVIDIA L40S, 100, 4834, 2520, 9001, 224.54, 350.00, 51
2026/09/06 13:03:52.655, GPU-c353397f-bf7b-b51e-d882-9071fb19321c, NVIDIA L40S, 98, 4836, 2520, 9001, 225.05, 350.00, 56
2026/09/06 13:03:53.155, GPU-c353397f-bf7b-b51e-d882-9071fb19321c, NVIDIA L40S, 100, 4836, 2520, 9001, 255.62, 350.00, 51
2026/09/06 13:03:53.656, GPU-c353397f-bf7b-b51e-d882-9071fb19321c, NVIDIA L40S, 100, 4836, 2520, 9001, 231.56, 350.00, 51
2026/09/06 13:03:54.156, GPU-c353397f-bf7b-b51e-d882-9071fb19321c, NVIDIA L40S, 99, 4836, 2520, 9001, 213.67, 350.00, 55
2026/09/06 13:03:54.657, GPU-c353397f-bf7b-b51e-d882-9071fb19321c, NVIDIA L40S, 99, 4836, 2520, 9001, 260.53, 350.00, 52
2026/09/06 13:03:55.158, GPU-c353397f-bf7b-b51e-d882-9071fb19321c, NVIDIA L40S, 100, 4836, 2520, 9001, 248.52, 350.00, 51
2026/09/06 13:03:55.658, GPU-c353397f-bf7b-b51e-d882-9071fb19321c, NVIDIA L40S, 100, 4836, 2520, 9001, 184.26, 350.00, 50
2026/09/06 13:03:56.158, GPU-c353397f-bf7b-b51e-d882-9071fb19321c, NVIDIA L40S, 99, 4836, 2520, 9001, 241.50, 350.00, 55
2026/09/06 13:03:56.659, GPU-c353397f-bf7b-b51e-d882-9071fb19321c, NVIDIA L40S, 100, 4836, 2520, 9001, 248.82, 350.00, 51
2026/09/06 13:03:57.159, GPU-c353397f-bf7b-b51e-d882-9071fb19321c, NVIDIA L40S, 100, 4836, 2520, 9001, 216.96, 350.00, 51
2026/09/06 13:03:57.660, GPU-c353397f-bf7b-b51e-d882-9071fb19321c, NVIDIA L40S, 99, 4836, 2520, 9001, 230.87, 350.00, 56
2026/09/06 13:03:58.160, GPU-c353397f-bf7b-b51e-d882-9071fb19321c, NVIDIA L40S, 100, 4836, 2520, 9001, 255.38, 350.00, 52
2026/09/06 13:03:58.661, GPU-c353397f-bf7b-b51e-d882-9071fb19321c, NVIDIA L40S, 100, 4836, 2520, 9001, 227.51, 350.00, 51
2026/09/06 13:03:59.162, GPU-c353397f-bf7b-b51e-d882-9071fb19321c, NVIDIA L40S, 8, 4836, 2520, 9001, 194.51, 350.00, 52
2026/09/06 13:03:59.662, GPU-c353397f-bf7b-b51e-d882-9071fb19321c, NVIDIA L40S, 99, 4836, 2520, 9001, 250.67, 350.00, 56
2026/09/06 13:04:00.163, GPU-c353397f-bf7b-b51e-d882-9071fb19321c, NVIDIA L40S, 100, 4836, 2520, 9001, 238.63, 350.00, 51
2026/09/06 13:04:00.664, GPU-c353397f-bf7b-b51e-d882-9071fb19321c, NVIDIA L40S, 100, 4836, 2520, 9001, 206.96, 350.00, 51
2026/09/06 13:04:01.164, GPU-c353397f-bf7b-b51e-d882-9071fb19321c, NVIDIA L40S, 99, 4836, 2520, 9001, 247.06, 350.00, 57
2026/09/06 13:04:01.665, GPU-c353397f-bf7b-b51e-d882-9071fb19321c, NVIDIA L40S, 100, 4836, 2520, 9001, 258.02, 350.00, 51
2026/09/06 13:04:02.165, GPU-c353397f-bf7b-b51e-d882-9071fb19321c, NVIDIA L40S, 100, 4836, 2520, 9001, 218.32, 350.00, 51
2026/09/06 13:04:02.665, GPU-c353397f-bf7b-b51e-d882-9071fb19321c, NVIDIA L40S, 99, 4836, 2520, 9001, 236.50, 350.00, 56
2026/09/06 13:04:03.166, GPU-c353397f-bf7b-b51e-d882-9071fb19321c, NVIDIA L40S, 100, 4836, 2520, 9001, 261.48, 350.00, 52
2026/09/06 13:04:03.667, GPU-c353397f-bf7b-b51e-d882-9071fb19321c, NVIDIA L40S, 100, 4836, 2520, 9001, 228.24, 350.00, 51
2026/09/06 13:04:04.167, GPU-c353397f-bf7b-b51e-d882-9071fb19321c, NVIDIA L40S, 87, 4836, 2520, 9001, 191.09, 350.00, 55
2026/09/06 13:04:04.668, GPU-c353397f-bf7b-b51e-d882-9071fb19321c, NVIDIA L40S, 99, 4836, 2520, 9001, 248.21, 350.00, 53
2026/09/06 13:04:05.168, GPU-c353397f-bf7b-b51e-d882-9071fb19321c, NVIDIA L40S, 100, 4836, 2520, 9001, 256.32, 350.00, 51
2026/09/06 13:04:05.668, GPU-c353397f-bf7b-b51e-d882-9071fb19321c, NVIDIA L40S, 100, 4836, 2520, 9001, 198.95, 350.00, 53
2026/09/06 13:04:06.169, GPU-c353397f-bf7b-b51e-d882-9071fb19321c, NVIDIA L40S, 99, 4836, 2520, 9001, 252.64, 350.00, 56
2026/09/06 13:04:06.670, GPU-c353397f-bf7b-b51e-d882-9071fb19321c, NVIDIA L40S, 100, 4836, 2520, 9001, 259.82, 350.00, 52
2026/09/06 13:04:07.171, GPU-c353397f-bf7b-b51e-d882-9071fb19321c, NVIDIA L40S, 100, 4836, 2520, 9001, 212.87, 350.00, 51
2026/09/06 13:04:07.671, GPU-c353397f-bf7b-b51e-d882-9071fb19321c, NVIDIA L40S, 99, 4836, 2520, 9001, 219.78, 350.00, 56
2026/09/06 13:04:08.172, GPU-c353397f-bf7b-b51e-d882-9071fb19321c, NVIDIA L40S, 100, 4836, 2520, 9001, 254.93, 350.00, 52
2026/09/06 13:04:08.673, GPU-c353397f-bf7b-b51e-d882-9071fb19321c, NVIDIA L40S, 100, 4836, 2520, 9001, 243.52, 350.00, 51
2026/09/06 13:04:09.173, GPU-c353397f-bf7b-b51e-d882-9071fb19321c, NVIDIA L40S, 93, 4836, 2520, 9001, 214.27, 350.00, 56
2026/09/06 13:04:09.674, GPU-c353397f-bf7b-b51e-d882-9071fb19321c, NVIDIA L40S, 99, 4836, 2520, 9001, 261.57, 350.00, 53
2026/09/06 13:04:10.175, GPU-c353397f-bf7b-b51e-d882-9071fb19321c, NVIDIA L40S, 100, 4836, 2520, 9001, 251.73, 350.00, 52
2026/09/06 13:04:10.675, GPU-c353397f-bf7b-b51e-d882-9071fb19321c, NVIDIA L40S, 100, 4836, 2520, 9001, 188.53, 350.00, 51
2026/09/06 13:04:11.175, GPU-c353397f-bf7b-b51e-d882-9071fb19321c, NVIDIA L40S, 99, 4836, 2520, 9001, 227.09, 350.00, 56
2026/09/06 13:04:11.676, GPU-c353397f-bf7b-b51e-d882-9071fb19321c, NVIDIA L40S, 100, 4836, 2520, 9001, 249.07, 350.00, 52
2026/09/06 13:04:12.176, GPU-c353397f-bf7b-b51e-d882-9071fb19321c, NVIDIA L40S, 100, 4836, 2520, 9001, 225.26, 350.00, 52
2026/09/06 13:04:12.677, GPU-c353397f-bf7b-b51e-d882-9071fb19321c, NVIDIA L40S, 99, 4836, 2520, 9001, 229.01, 350.00, 57
2026/09/06 13:04:13.177, GPU-c353397f-bf7b-b51e-d882-9071fb19321c, NVIDIA L40S, 100, 4836, 2520, 9001, 269.51, 350.00, 52
2026/09/06 13:04:13.678, GPU-c353397f-bf7b-b51e-d882-9071fb19321c, NVIDIA L40S, 100, 4836, 2520, 9001, 237.03, 350.00, 52
2026/09/06 13:04:14.179, GPU-c353397f-bf7b-b51e-d882-9071fb19321c, NVIDIA L40S, 99, 4836, 2520, 9001, 218.41, 350.00, 57
2026/09/06 13:04:14.680, GPU-c353397f-bf7b-b51e-d882-9071fb19321c, NVIDIA L40S, 99, 4836, 2520, 9001, 255.98, 350.00, 52
2026/09/06 13:04:15.180, GPU-c353397f-bf7b-b51e-d882-9071fb19321c, NVIDIA L40S, 100, 4836, 2520, 9001, 243.64, 350.00, 52
2026/09/06 13:04:15.680, GPU-c353397f-bf7b-b51e-d882-9071fb19321c, NVIDIA L40S, 69, 4836, 2520, 9001, 174.17, 350.00, 53
2026/09/06 13:04:16.181, GPU-c353397f-bf7b-b51e-d882-9071fb19321c, NVIDIA L40S, 99, 4836, 2520, 9001, 236.97, 350.00, 57
2026/09/06 13:04:16.682, GPU-c353397f-bf7b-b51e-d882-9071fb19321c, NVIDIA L40S, 100, 4836, 2520, 9001, 252.91, 350.00, 52
2026/09/06 13:04:17.183, GPU-c353397f-bf7b-b51e-d882-9071fb19321c, NVIDIA L40S, 100, 4836, 2520, 9001, 212.75, 350.00, 52
2026/09/06 13:04:17.683, GPU-c353397f-bf7b-b51e-d882-9071fb19321c, NVIDIA L40S, 99, 4836, 2520, 9001, 243.28, 350.00, 57
2026/09/06 13:04:18.184, GPU-c353397f-bf7b-b51e-d882-9071fb19321c, NVIDIA L40S, 100, 4836, 2520, 9001, 261.18, 350.00, 52
2026/09/06 13:04:18.684, GPU-c353397f-bf7b-b51e-d882-9071fb19321c, NVIDIA L40S, 100, 4836, 2520, 9001, 225.60, 350.00, 52
2026/09/06 13:04:19.185, GPU-c353397f-bf7b-b51e-d882-9071fb19321c, NVIDIA L40S, 99, 4836, 2520, 9001, 228.47, 350.00, 57
2026/09/06 13:04:19.685, GPU-c353397f-bf7b-b51e-d882-9071fb19321c, NVIDIA L40S, 100, 4836, 2520, 9001, 252.30, 350.00, 53
2026/09/06 13:04:20.186, GPU-c353397f-bf7b-b51e-d882-9071fb19321c, NVIDIA L40S, 100, 4836, 2520, 9001, 225.76, 350.00, 52
2026/09/06 13:04:20.687, GPU-c353397f-bf7b-b51e-d882-9071fb19321c, NVIDIA L40S, 10, 4836, 2520, 9001, 172.53, 350.00, 50
2026/09/06 13:04:21.187, GPU-c353397f-bf7b-b51e-d882-9071fb19321c, NVIDIA L40S, 0, 4836, 2520, 9001, 128.01, 350.00, 50
2026/09/06 13:04:21.688, GPU-c353397f-bf7b-b51e-d882-9071fb19321c, NVIDIA L40S, 0, 3396, 2520, 9001, 92.53, 350.00, 49
2026/09/06 13:04:22.188, GPU-c353397f-bf7b-b51e-d882-9071fb19321c, NVIDIA L40S, 0, 3396, 2520, 9001, 92.18, 350.00, 49
2026/09/06 13:04:22.688, GPU-c353397f-bf7b-b51e-d882-9071fb19321c, NVIDIA L40S, 0, 3396, 2520, 9001, 91.89, 350.00, 49
2026/09/06 13:04:23.189, GPU-c353397f-bf7b-b51e-d882-9071fb19321c, NVIDIA L40S, 0, 3396, 2520, 9001, 91.87, 350.00, 49
2026/09/06 13:04:23.689, GPU-c353397f-bf7b-b51e-d882-9071fb19321c, NVIDIA L40S, 0, 3396, 2520, 9001, 91.87, 350.00, 48
2026/09/06 13:04:24.189, GPU-c353397f-bf7b-b51e-d882-9071fb19321c, NVIDIA L40S, 0, 3396, 2520, 9001, 90.01, 350.00, 48
2026/09/06 13:04:24.689, GPU-c353397f-bf7b-b51e-d882-9071fb19321c, NVIDIA L40S, 0, 3396, 2520, 9001, 90.01, 350.00, 48
2026/09/06 13:04:25.190, GPU-c353397f-bf7b-b51e-d882-9071fb19321c, NVIDIA L40S, 0, 3396, 2520, 9001, 89.78, 350.00, 48
2026/09/06 13:04:25.690, GPU-c353397f-bf7b-b51e-d882-9071fb19321c, NVIDIA L40S, 0, 3396, 2520, 9001, 89.78, 350.00, 47
2026/09/06 13:04:26.190, GPU-c353397f-bf7b-b51e-d882-9071fb19321c, NVIDIA L40S, 0, 3396, 2520, 9001, 89.29, 350.00, 47
2026/09/06 13:04:26.691, GPU-c353397f-bf7b-b51e-d882-9071fb19321c, NVIDIA L40S, 0, 3396, 2520, 9001, 89.29, 350.00, 47
2026/09/06 13:04:27.191, GPU-c353397f-bf7b-b51e-d882-9071fb19321c, NVIDIA L40S, 0, 3396, 2520, 9001, 89.19, 350.00, 47
2026/09/06 13:04:27.691, GPU-c353397f-bf7b-b51e-d882-9071fb19321c, NVIDIA L40S, 0, 3396, 2520, 9001, 89.19, 350.00, 47
2026/09/06 13:04:28.191, GPU-c353397f-bf7b-b51e-d882-9071fb19321c, NVIDIA L40S, 0, 4164, 2520, 9001, 90.04, 350.00, 47
2026/09/06 13:04:28.692, GPU-c353397f-bf7b-b51e-d882-9071fb19321c, NVIDIA L40S, 4, 4964, 2520, 9001, 91.79, 350.00, 47
2026/09/06 13:04:29.192, GPU-c353397f-bf7b-b51e-d882-9071fb19321c, NVIDIA L40S, 99, 4964, 2520, 9001, 134.44, 350.00, 53
2026/09/06 13:04:29.693, GPU-c353397f-bf7b-b51e-d882-9071fb19321c, NVIDIA L40S, 99, 4964, 2520, 9001, 217.81, 350.00, 50
2026/09/06 13:04:30.193, GPU-c353397f-bf7b-b51e-d882-9071fb19321c, NVIDIA L40S, 100, 4964, 2520, 9001, 233.42, 350.00, 49
2026/09/06 13:04:30.694, GPU-c353397f-bf7b-b51e-d882-9071fb19321c, NVIDIA L40S, 99, 4964, 2520, 9001, 209.74, 350.00, 54
2026/09/06 13:04:31.194, GPU-c353397f-bf7b-b51e-d882-9071fb19321c, NVIDIA L40S, 100, 4964, 2520, 9001, 259.42, 350.00, 51
2026/09/06 13:04:31.695, GPU-c353397f-bf7b-b51e-d882-9071fb19321c, NVIDIA L40S, 100, 4964, 2520, 9001, 246.09, 350.00, 50
2026/09/06 13:04:32.196, GPU-c353397f-bf7b-b51e-d882-9071fb19321c, NVIDIA L40S, 86, 4964, 2520, 9001, 201.56, 350.00, 53
2026/09/06 13:04:32.697, GPU-c353397f-bf7b-b51e-d882-9071fb19321c, NVIDIA L40S, 99, 4964, 2520, 9001, 251.37, 350.00, 52
2026/09/06 13:04:33.197, GPU-c353397f-bf7b-b51e-d882-9071fb19321c, NVIDIA L40S, 100, 4964, 2520, 9001, 245.49, 350.00, 50
2026/09/06 13:04:33.698, GPU-c353397f-bf7b-b51e-d882-9071fb19321c, NVIDIA L40S, 100, 4964, 2520, 9001, 191.32, 350.00, 52
2026/09/06 13:04:34.200, GPU-c353397f-bf7b-b51e-d882-9071fb19321c, NVIDIA L40S, 99, 4964, 2520, 9001, 227.92, 350.00, 55
2026/09/06 13:04:34.700, GPU-c353397f-bf7b-b51e-d882-9071fb19321c, NVIDIA L40S, 100, 4964, 2520, 9001, 236.42, 350.00, 50
2026/09/06 13:04:35.201, GPU-c353397f-bf7b-b51e-d882-9071fb19321c, NVIDIA L40S, 100, 4964, 2520, 9001, 213.33, 350.00, 50
2026/09/06 13:04:35.701, GPU-c353397f-bf7b-b51e-d882-9071fb19321c, NVIDIA L40S, 99, 4964, 2520, 9001, 216.07, 350.00, 55
2026/09/06 13:04:36.202, GPU-c353397f-bf7b-b51e-d882-9071fb19321c, NVIDIA L40S, 100, 4964, 2520, 9001, 253.93, 350.00, 51
2026/09/06 13:04:36.703, GPU-c353397f-bf7b-b51e-d882-9071fb19321c, NVIDIA L40S, 100, 4964, 2520, 9001, 240.43, 350.00, 50
2026/09/06 13:04:37.204, GPU-c353397f-bf7b-b51e-d882-9071fb19321c, NVIDIA L40S, 99, 4964, 2520, 9001, 212.94, 350.00, 54
2026/09/06 13:04:37.704, GPU-c353397f-bf7b-b51e-d882-9071fb19321c, NVIDIA L40S, 99, 4964, 2520, 9001, 245.92, 350.00, 51
2026/09/06 13:04:38.204, GPU-c353397f-bf7b-b51e-d882-9071fb19321c, NVIDIA L40S, 100, 4964, 2520, 9001, 234.51, 350.00, 51
2026/09/06 13:04:38.705, GPU-c353397f-bf7b-b51e-d882-9071fb19321c, NVIDIA L40S, 95, 4964, 2520, 9001, 198.26, 350.00, 55
2026/09/06 13:04:39.206, GPU-c353397f-bf7b-b51e-d882-9071fb19321c, NVIDIA L40S, 99, 4964, 2520, 9001, 249.70, 350.00, 52
2026/09/06 13:04:39.706, GPU-c353397f-bf7b-b51e-d882-9071fb19321c, NVIDIA L40S, 100, 4964, 2520, 9001, 248.37, 350.00, 51
2026/09/06 13:04:40.207, GPU-c353397f-bf7b-b51e-d882-9071fb19321c, NVIDIA L40S, 74, 4964, 2520, 9001, 184.32, 350.00, 50
2026/09/06 13:04:40.708, GPU-c353397f-bf7b-b51e-d882-9071fb19321c, NVIDIA L40S, 99, 4964, 2520, 9001, 217.92, 350.00, 56
2026/09/06 13:04:41.208, GPU-c353397f-bf7b-b51e-d882-9071fb19321c, NVIDIA L40S, 100, 4964, 2520, 9001, 237.02, 350.00, 51
2026/09/06 13:04:41.709, GPU-c353397f-bf7b-b51e-d882-9071fb19321c, NVIDIA L40S, 100, 4964, 2520, 9001, 221.99, 350.00, 51
2026/09/06 13:04:42.209, GPU-c353397f-bf7b-b51e-d882-9071fb19321c, NVIDIA L40S, 99, 4964, 2520, 9001, 228.28, 350.00, 55
2026/09/06 13:04:42.710, GPU-c353397f-bf7b-b51e-d882-9071fb19321c, NVIDIA L40S, 100, 4964, 2520, 9001, 263.52, 350.00, 51
2026/09/06 13:04:43.210, GPU-c353397f-bf7b-b51e-d882-9071fb19321c, NVIDIA L40S, 100, 4964, 2520, 9001, 238.04, 350.00, 51
2026/09/06 13:04:43.711, GPU-c353397f-bf7b-b51e-d882-9071fb19321c, NVIDIA L40S, 69, 4964, 2520, 9001, 198.59, 350.00, 54
2026/09/06 13:04:44.212, GPU-c353397f-bf7b-b51e-d882-9071fb19321c, NVIDIA L40S, 99, 4964, 2520, 9001, 242.56, 350.00, 53
2026/09/06 13:04:44.713, GPU-c353397f-bf7b-b51e-d882-9071fb19321c, NVIDIA L40S, 100, 4964, 2520, 9001, 237.38, 350.00, 51
2026/09/06 13:04:45.213, GPU-c353397f-bf7b-b51e-d882-9071fb19321c, NVIDIA L40S, 100, 4964, 2520, 9001, 182.75, 350.00, 50
2026/09/06 13:04:45.714, GPU-c353397f-bf7b-b51e-d882-9071fb19321c, NVIDIA L40S, 99, 4964, 2520, 9001, 240.85, 350.00, 56
2026/09/06 13:04:46.215, GPU-c353397f-bf7b-b51e-d882-9071fb19321c, NVIDIA L40S, 100, 4964, 2520, 9001, 250.62, 350.00, 51
2026/09/06 13:04:46.715, GPU-c353397f-bf7b-b51e-d882-9071fb19321c, NVIDIA L40S, 100, 4964, 2520, 9001, 213.73, 350.00, 51
2026/09/06 13:04:47.216, GPU-c353397f-bf7b-b51e-d882-9071fb19321c, NVIDIA L40S, 99, 4964, 2520, 9001, 238.90, 350.00, 56
2026/09/06 13:04:47.716, GPU-c353397f-bf7b-b51e-d882-9071fb19321c, NVIDIA L40S, 99, 4964, 2520, 9001, 261.15, 350.00, 52
2026/09/06 13:04:48.217, GPU-c353397f-bf7b-b51e-d882-9071fb19321c, NVIDIA L40S, 100, 4964, 2520, 9001, 228.70, 350.00, 51
2026/09/06 13:04:48.717, GPU-c353397f-bf7b-b51e-d882-9071fb19321c, NVIDIA L40S, 54, 4964, 2520, 9001, 208.48, 350.00, 54
2026/09/06 13:04:49.218, GPU-c353397f-bf7b-b51e-d882-9071fb19321c, NVIDIA L40S, 99, 4964, 2520, 9001, 253.55, 350.00, 54
2026/09/06 13:04:49.718, GPU-c353397f-bf7b-b51e-d882-9071fb19321c, NVIDIA L40S, 100, 4964, 2520, 9001, 250.37, 350.00, 51
2026/09/06 13:04:50.219, GPU-c353397f-bf7b-b51e-d882-9071fb19321c, NVIDIA L40S, 39, 4964, 2520, 9001, 183.84, 350.00, 51
2026/09/06 13:04:50.719, GPU-c353397f-bf7b-b51e-d882-9071fb19321c, NVIDIA L40S, 99, 4964, 2520, 9001, 241.08, 350.00, 56
2026/09/06 13:04:51.221, GPU-c353397f-bf7b-b51e-d882-9071fb19321c, NVIDIA L40S, 100, 4964, 2520, 9001, 252.97, 350.00, 52
2026/09/06 13:04:51.721, GPU-c353397f-bf7b-b51e-d882-9071fb19321c, NVIDIA L40S, 100, 4964, 2520, 9001, 216.41, 350.00, 51
2026/09/06 13:04:52.222, GPU-c353397f-bf7b-b51e-d882-9071fb19321c, NVIDIA L40S, 99, 4964, 2520, 9001, 230.35, 350.00, 55
2026/09/06 13:04:52.722, GPU-c353397f-bf7b-b51e-d882-9071fb19321c, NVIDIA L40S, 100, 4964, 2520, 9001, 252.87, 350.00, 52
2026/09/06 13:04:53.223, GPU-c353397f-bf7b-b51e-d882-9071fb19321c, NVIDIA L40S, 100, 4964, 2520, 9001, 226.25, 350.00, 51
2026/09/06 13:04:53.723, GPU-c353397f-bf7b-b51e-d882-9071fb19321c, NVIDIA L40S, 22, 4964, 2520, 9001, 183.18, 350.00, 50
2026/09/06 13:04:54.223, GPU-c353397f-bf7b-b51e-d882-9071fb19321c, NVIDIA L40S, 99, 4964, 2520, 9001, 244.57, 350.00, 57
2026/09/06 13:04:54.724, GPU-c353397f-bf7b-b51e-d882-9071fb19321c, NVIDIA L40S, 100, 4964, 2520, 9001, 254.68, 350.00, 51
2026/09/06 13:04:55.225, GPU-c353397f-bf7b-b51e-d882-9071fb19321c, NVIDIA L40S, 100, 4964, 2520, 9001, 206.71, 350.00, 51
2026/09/06 13:04:55.725, GPU-c353397f-bf7b-b51e-d882-9071fb19321c, NVIDIA L40S, 99, 4964, 2520, 9001, 254.63, 350.00, 56
2026/09/06 13:04:56.226, GPU-c353397f-bf7b-b51e-d882-9071fb19321c, NVIDIA L40S, 100, 4964, 2520, 9001, 263.61, 350.00, 52
2026/09/06 13:04:56.726, GPU-c353397f-bf7b-b51e-d882-9071fb19321c, NVIDIA L40S, 100, 4964, 2520, 9001, 215.16, 350.00, 51
2026/09/06 13:04:57.227, GPU-c353397f-bf7b-b51e-d882-9071fb19321c, NVIDIA L40S, 99, 4964, 2520, 9001, 238.13, 350.00, 55
2026/09/06 13:04:57.727, GPU-c353397f-bf7b-b51e-d882-9071fb19321c, NVIDIA L40S, 100, 4964, 2520, 9001, 271.92, 350.00, 52
2026/09/06 13:04:58.228, GPU-c353397f-bf7b-b51e-d882-9071fb19321c, NVIDIA L40S, 100, 4964, 2520, 9001, 238.08, 350.00, 51
2026/09/06 13:04:58.728, GPU-c353397f-bf7b-b51e-d882-9071fb19321c, NVIDIA L40S, 21, 4964, 2520, 9001, 193.90, 350.00, 50
2026/09/06 13:04:59.229, GPU-c353397f-bf7b-b51e-d882-9071fb19321c, NVIDIA L40S, 99, 4964, 2520, 9001, 252.87, 350.00, 56
2026/09/06 13:04:59.730, GPU-c353397f-bf7b-b51e-d882-9071fb19321c, NVIDIA L40S, 100, 4964, 2520, 9001, 260.17, 350.00, 51
2026/09/06 13:05:00.230, GPU-c353397f-bf7b-b51e-d882-9071fb19321c, NVIDIA L40S, 100, 4964, 2520, 9001, 208.13, 350.00, 51
2026/09/06 13:05:00.731, GPU-c353397f-bf7b-b51e-d882-9071fb19321c, NVIDIA L40S, 99, 4964, 2520, 9001, 252.14, 350.00, 57
2026/09/06 13:05:01.232, GPU-c353397f-bf7b-b51e-d882-9071fb19321c, NVIDIA L40S, 100, 4964, 2520, 9001, 262.55, 350.00, 52
2026/09/06 13:05:01.732, GPU-c353397f-bf7b-b51e-d882-9071fb19321c, NVIDIA L40S, 100, 4964, 2520, 9001, 217.92, 350.00, 51
2026/09/06 13:05:02.232, GPU-c353397f-bf7b-b51e-d882-9071fb19321c, NVIDIA L40S, 99, 4964, 2520, 9001, 195.73, 350.00, 53
2026/09/06 13:05:02.733, GPU-c353397f-bf7b-b51e-d882-9071fb19321c, NVIDIA L40S, 99, 4964, 2520, 9001, 228.58, 350.00, 53
2026/09/06 13:05:03.234, GPU-c353397f-bf7b-b51e-d882-9071fb19321c, NVIDIA L40S, 100, 4964, 2520, 9001, 237.65, 350.00, 51
2026/09/06 13:05:03.735, GPU-c353397f-bf7b-b51e-d882-9071fb19321c, NVIDIA L40S, 100, 4964, 2520, 9001, 204.75, 350.00, 54
2026/09/06 13:05:04.236, GPU-c353397f-bf7b-b51e-d882-9071fb19321c, NVIDIA L40S, 99, 4964, 2520, 9001, 256.55, 350.00, 57
2026/09/06 13:05:04.736, GPU-c353397f-bf7b-b51e-d882-9071fb19321c, NVIDIA L40S, 100, 4964, 2520, 9001, 249.78, 350.00, 52
2026/09/06 13:05:05.237, GPU-c353397f-bf7b-b51e-d882-9071fb19321c, NVIDIA L40S, 100, 4964, 2520, 9001, 198.69, 350.00, 51
2026/09/06 13:05:05.737, GPU-c353397f-bf7b-b51e-d882-9071fb19321c, NVIDIA L40S, 99, 4964, 2520, 9001, 256.68, 350.00, 57
2026/09/06 13:05:06.238, GPU-c353397f-bf7b-b51e-d882-9071fb19321c, NVIDIA L40S, 100, 4964, 2520, 9001, 253.03, 350.00, 52
2026/09/06 13:05:06.739, GPU-c353397f-bf7b-b51e-d882-9071fb19321c, NVIDIA L40S, 100, 4964, 2520, 9001, 205.04, 350.00, 51
2026/09/06 13:05:07.239, GPU-c353397f-bf7b-b51e-d882-9071fb19321c, NVIDIA L40S, 99, 4964, 2520, 9001, 241.77, 350.00, 56
2026/09/06 13:05:07.739, GPU-c353397f-bf7b-b51e-d882-9071fb19321c, NVIDIA L40S, 100, 4964, 2520, 9001, 248.71, 350.00, 52
2026/09/06 13:05:08.240, GPU-c353397f-bf7b-b51e-d882-9071fb19321c, NVIDIA L40S, 100, 4964, 2520, 9001, 217.60, 350.00, 51
2026/09/06 13:05:08.740, GPU-c353397f-bf7b-b51e-d882-9071fb19321c, NVIDIA L40S, 11, 5092, 2520, 9001, 159.99, 350.00, 50
2026/09/06 13:05:09.241, GPU-c353397f-bf7b-b51e-d882-9071fb19321c, NVIDIA L40S, 0, 5092, 2520, 9001, 110.58, 350.00, 49
2026/09/06 13:05:09.741, GPU-c353397f-bf7b-b51e-d882-9071fb19321c, NVIDIA L40S, 0, 3524, 2520, 9001, 94.04, 350.00, 49
2026/09/06 13:05:10.242, GPU-c353397f-bf7b-b51e-d882-9071fb19321c, NVIDIA L40S, 57, 4644, 2520, 9001, 93.80, 350.00, 48
2026/09/06 13:05:10.742, GPU-c353397f-bf7b-b51e-d882-9071fb19321c, NVIDIA L40S, 99, 4996, 2505, 9001, 163.61, 350.00, 56
2026/09/06 13:05:11.243, GPU-c353397f-bf7b-b51e-d882-9071fb19321c, NVIDIA L40S, 98, 4996, 2505, 9001, 276.01, 350.00, 56
2026/09/06 13:05:11.744, GPU-c353397f-bf7b-b51e-d882-9071fb19321c, NVIDIA L40S, 99, 4996, 2505, 9001, 328.54, 350.00, 56
2026/09/06 13:05:12.245, GPU-c353397f-bf7b-b51e-d882-9071fb19321c, NVIDIA L40S, 27, 4996, 2505, 9001, 279.12, 350.00, 51
2026/09/06 13:05:12.746, GPU-c353397f-bf7b-b51e-d882-9071fb19321c, NVIDIA L40S, 93, 4996, 2460, 9001, 285.30, 350.00, 55
2026/09/06 13:05:13.246, GPU-c353397f-bf7b-b51e-d882-9071fb19321c, NVIDIA L40S, 76, 4998, 2430, 9001, 306.15, 350.00, 56
2026/09/06 13:05:13.747, GPU-c353397f-bf7b-b51e-d882-9071fb19321c, NVIDIA L40S, 63, 4998, 2505, 9001, 280.47, 350.00, 52
2026/09/06 13:05:14.247, GPU-c353397f-bf7b-b51e-d882-9071fb19321c, NVIDIA L40S, 91, 4998, 2505, 9001, 291.40, 350.00, 56
2026/09/06 13:05:14.748, GPU-c353397f-bf7b-b51e-d882-9071fb19321c, NVIDIA L40S, 11, 4998, 2505, 9001, 296.82, 350.00, 53
2026/09/06 13:05:15.249, GPU-c353397f-bf7b-b51e-d882-9071fb19321c, NVIDIA L40S, 98, 4998, 2505, 9001, 274.85, 350.00, 55
2026/09/06 13:05:15.749, GPU-c353397f-bf7b-b51e-d882-9071fb19321c, NVIDIA L40S, 37, 4998, 2505, 9001, 261.46, 350.00, 56
2026/09/06 13:05:16.250, GPU-c353397f-bf7b-b51e-d882-9071fb19321c, NVIDIA L40S, 98, 4998, 2475, 9001, 274.46, 350.00, 57
2026/09/06 13:05:16.750, GPU-c353397f-bf7b-b51e-d882-9071fb19321c, NVIDIA L40S, 99, 4998, 2460, 9001, 283.84, 350.00, 57
2026/09/06 13:05:17.250, GPU-c353397f-bf7b-b51e-d882-9071fb19321c, NVIDIA L40S, 98, 4998, 2445, 9001, 283.62, 350.00, 57
2026/09/06 13:05:17.751, GPU-c353397f-bf7b-b51e-d882-9071fb19321c, NVIDIA L40S, 98, 4998, 2475, 9001, 289.12, 350.00, 59
2026/09/06 13:05:18.251, GPU-c353397f-bf7b-b51e-d882-9071fb19321c, NVIDIA L40S, 98, 4998, 2445, 9001, 282.00, 350.00, 58
2026/09/06 13:05:18.752, GPU-c353397f-bf7b-b51e-d882-9071fb19321c, NVIDIA L40S, 98, 4998, 2460, 9001, 280.17, 350.00, 57
2026/09/06 13:05:19.253, GPU-c353397f-bf7b-b51e-d882-9071fb19321c, NVIDIA L40S, 98, 4998, 2430, 9001, 285.88, 350.00, 58
2026/09/06 13:05:19.754, GPU-c353397f-bf7b-b51e-d882-9071fb19321c, NVIDIA L40S, 98, 4998, 2445, 9001, 297.06, 350.00, 58
2026/09/06 13:05:20.254, GPU-c353397f-bf7b-b51e-d882-9071fb19321c, NVIDIA L40S, 28, 4998, 2415, 9001, 304.48, 350.00, 57
2026/09/06 13:05:20.755, GPU-c353397f-bf7b-b51e-d882-9071fb19321c, NVIDIA L40S, 98, 4998, 2475, 9001, 295.10, 350.00, 58
2026/09/06 13:05:21.256, GPU-c353397f-bf7b-b51e-d882-9071fb19321c, NVIDIA L40S, 0, 4998, 2490, 9001, 284.76, 350.00, 53
2026/09/06 13:05:21.757, GPU-c353397f-bf7b-b51e-d882-9071fb19321c, NVIDIA L40S, 62, 4998, 2490, 9001, 292.68, 350.00, 59
2026/09/06 13:05:22.257, GPU-c353397f-bf7b-b51e-d882-9071fb19321c, NVIDIA L40S, 84, 4998, 2505, 9001, 293.34, 350.00, 54
2026/09/06 13:05:22.758, GPU-c353397f-bf7b-b51e-d882-9071fb19321c, NVIDIA L40S, 98, 4998, 2505, 9001, 292.75, 350.00, 56
2026/09/06 13:05:23.258, GPU-c353397f-bf7b-b51e-d882-9071fb19321c, NVIDIA L40S, 99, 4998, 2505, 9001, 276.74, 350.00, 55
2026/09/06 13:05:23.759, GPU-c353397f-bf7b-b51e-d882-9071fb19321c, NVIDIA L40S, 0, 3750, 2520, 9001, 195.24, 350.00, 51
2026/09/06 13:05:24.259, GPU-c353397f-bf7b-b51e-d882-9071fb19321c, NVIDIA L40S, 0, 4806, 2520, 9001, 93.45, 350.00, 51
2026/09/06 13:05:24.759, GPU-c353397f-bf7b-b51e-d882-9071fb19321c, NVIDIA L40S, 98, 5094, 2460, 9001, 179.75, 350.00, 58
2026/09/06 13:05:25.260, GPU-c353397f-bf7b-b51e-d882-9071fb19321c, NVIDIA L40S, 99, 5094, 2460, 9001, 260.29, 350.00, 57
2026/09/06 13:05:25.760, GPU-c353397f-bf7b-b51e-d882-9071fb19321c, NVIDIA L40S, 99, 5094, 2505, 9001, 291.21, 350.00, 59
2026/09/06 13:05:26.261, GPU-c353397f-bf7b-b51e-d882-9071fb19321c, NVIDIA L40S, 39, 5094, 2505, 9001, 283.61, 350.00, 53
2026/09/06 13:05:26.762, GPU-c353397f-bf7b-b51e-d882-9071fb19321c, NVIDIA L40S, 98, 5094, 2490, 9001, 290.16, 350.00, 56
2026/09/06 13:05:27.262, GPU-c353397f-bf7b-b51e-d882-9071fb19321c, NVIDIA L40S, 87, 5094, 2505, 9001, 279.33, 350.00, 54
2026/09/06 13:05:27.763, GPU-c353397f-bf7b-b51e-d882-9071fb19321c, NVIDIA L40S, 99, 5094, 2505, 9001, 299.67, 350.00, 57
2026/09/06 13:05:28.264, GPU-c353397f-bf7b-b51e-d882-9071fb19321c, NVIDIA L40S, 98, 5094, 2505, 9001, 288.83, 350.00, 57
2026/09/06 13:05:28.764, GPU-c353397f-bf7b-b51e-d882-9071fb19321c, NVIDIA L40S, 99, 5094, 2490, 9001, 275.97, 350.00, 60
2026/09/06 13:05:29.265, GPU-c353397f-bf7b-b51e-d882-9071fb19321c, NVIDIA L40S, 98, 5094, 2505, 9001, 272.73, 350.00, 59
2026/09/06 13:05:29.765, GPU-c353397f-bf7b-b51e-d882-9071fb19321c, NVIDIA L40S, 98, 5094, 2415, 9001, 284.73, 350.00, 59
2026/09/06 13:05:30.265, GPU-c353397f-bf7b-b51e-d882-9071fb19321c, NVIDIA L40S, 98, 5094, 2400, 9001, 277.22, 350.00, 59
2026/09/06 13:05:30.766, GPU-c353397f-bf7b-b51e-d882-9071fb19321c, NVIDIA L40S, 98, 5094, 2400, 9001, 284.57, 350.00, 59
2026/09/06 13:05:31.266, GPU-c353397f-bf7b-b51e-d882-9071fb19321c, NVIDIA L40S, 98, 5094, 2460, 9001, 308.70, 350.00, 60
2026/09/06 13:05:31.767, GPU-c353397f-bf7b-b51e-d882-9071fb19321c, NVIDIA L40S, 98, 5094, 2475, 9001, 314.86, 350.00, 59
2026/09/06 13:05:32.267, GPU-c353397f-bf7b-b51e-d882-9071fb19321c, NVIDIA L40S, 98, 5094, 2475, 9001, 304.96, 350.00, 59
2026/09/06 13:05:32.768, GPU-c353397f-bf7b-b51e-d882-9071fb19321c, NVIDIA L40S, 98, 5094, 2415, 9001, 297.36, 350.00, 59
2026/09/06 13:05:33.269, GPU-c353397f-bf7b-b51e-d882-9071fb19321c, NVIDIA L40S, 91, 5094, 2415, 9001, 296.73, 350.00, 60
2026/09/06 13:05:33.770, GPU-c353397f-bf7b-b51e-d882-9071fb19321c, NVIDIA L40S, 14, 5094, 2505, 9001, 285.23, 350.00, 58
2026/09/06 13:05:34.271, GPU-c353397f-bf7b-b51e-d882-9071fb19321c, NVIDIA L40S, 99, 5094, 2460, 9001, 287.38, 350.00, 60
2026/09/06 13:05:34.771, GPU-c353397f-bf7b-b51e-d882-9071fb19321c, NVIDIA L40S, 98, 5094, 2415, 9001, 320.54, 350.00, 60
2026/09/06 13:05:35.272, GPU-c353397f-bf7b-b51e-d882-9071fb19321c, NVIDIA L40S, 22, 5094, 2505, 9001, 304.06, 350.00, 59
2026/09/06 13:05:35.772, GPU-c353397f-bf7b-b51e-d882-9071fb19321c, NVIDIA L40S, 72, 5094, 2445, 9001, 291.17, 350.00, 60
2026/09/06 13:05:36.274, GPU-c353397f-bf7b-b51e-d882-9071fb19321c, NVIDIA L40S, 92, 5094, 2505, 9001, 288.79, 350.00, 58
2026/09/06 13:05:36.775, GPU-c353397f-bf7b-b51e-d882-9071fb19321c, NVIDIA L40S, 99, 5094, 2475, 9001, 303.29, 350.00, 60
2026/09/06 13:05:37.275, GPU-c353397f-bf7b-b51e-d882-9071fb19321c, NVIDIA L40S, 98, 5094, 2505, 9001, 283.54, 350.00, 55
2026/09/06 13:05:37.776, GPU-c353397f-bf7b-b51e-d882-9071fb19321c, NVIDIA L40S, 0, 3558, 2520, 9001, 180.51, 350.00, 52
2026/09/06 13:05:38.276, GPU-c353397f-bf7b-b51e-d882-9071fb19321c, NVIDIA L40S, 0, 3558, 2520, 9001, 95.75, 350.00, 52
2026/09/06 13:05:38.776, GPU-c353397f-bf7b-b51e-d882-9071fb19321c, NVIDIA L40S, 0, 3558, 2520, 9001, 92.89, 350.00, 51
2026/09/06 13:05:39.277, GPU-c353397f-bf7b-b51e-d882-9071fb19321c, NVIDIA L40S, 0, 3558, 2520, 9001, 92.89, 350.00, 51
2026/09/06 13:05:39.777, GPU-c353397f-bf7b-b51e-d882-9071fb19321c, NVIDIA L40S, 0, 3558, 2520, 9001, 90.98, 350.00, 51
2026/09/06 13:05:40.277, GPU-c353397f-bf7b-b51e-d882-9071fb19321c, NVIDIA L40S, 0, 3558, 2520, 9001, 90.98, 350.00, 51
2026/09/06 13:05:40.777, GPU-c353397f-bf7b-b51e-d882-9071fb19321c, NVIDIA L40S, 0, 3558, 2520, 9001, 91.02, 350.00, 50
2026/09/06 13:05:41.278, GPU-c353397f-bf7b-b51e-d882-9071fb19321c, NVIDIA L40S, 0, 3558, 2520, 9001, 91.02, 350.00, 50
2026/09/06 13:05:41.778, GPU-c353397f-bf7b-b51e-d882-9071fb19321c, NVIDIA L40S, 0, 3558, 2520, 9001, 90.90, 350.00, 50
2026/09/06 13:05:42.278, GPU-c353397f-bf7b-b51e-d882-9071fb19321c, NVIDIA L40S, 0, 3558, 2520, 9001, 90.90, 350.00, 50
2026/09/06 13:05:42.779, GPU-c353397f-bf7b-b51e-d882-9071fb19321c, NVIDIA L40S, 0, 3558, 2520, 9001, 90.50, 350.00, 49
2026/09/06 13:05:43.279, GPU-c353397f-bf7b-b51e-d882-9071fb19321c, NVIDIA L40S, 0, 3558, 2520, 9001, 90.50, 350.00, 49
2026/09/06 13:05:43.779, GPU-c353397f-bf7b-b51e-d882-9071fb19321c, NVIDIA L40S, 0, 3558, 2520, 9001, 90.14, 350.00, 49
2026/09/06 13:05:44.280, GPU-c353397f-bf7b-b51e-d882-9071fb19321c, NVIDIA L40S, 0, 3558, 2520, 9001, 90.14, 350.00, 49
2026/09/06 13:05:44.780, GPU-c353397f-bf7b-b51e-d882-9071fb19321c, NVIDIA L40S, 12, 4934, 2520, 9001, 93.30, 350.00, 49
2026/09/06 13:05:45.280, GPU-c353397f-bf7b-b51e-d882-9071fb19321c, NVIDIA L40S, 40, 5094, 2520, 9001, 121.94, 350.00, 54
2026/09/06 13:05:45.781, GPU-c353397f-bf7b-b51e-d882-9071fb19321c, NVIDIA L40S, 99, 5094, 2520, 9001, 217.48, 350.00, 52
2026/09/06 13:05:46.281, GPU-c353397f-bf7b-b51e-d882-9071fb19321c, NVIDIA L40S, 100, 5094, 2520, 9001, 246.34, 350.00, 51
2026/09/06 13:05:46.781, GPU-c353397f-bf7b-b51e-d882-9071fb19321c, NVIDIA L40S, 99, 5094, 2520, 9001, 203.48, 350.00, 54
2026/09/06 13:05:47.282, GPU-c353397f-bf7b-b51e-d882-9071fb19321c, NVIDIA L40S, 99, 5094, 2520, 9001, 253.07, 350.00, 53
2026/09/06 13:05:47.783, GPU-c353397f-bf7b-b51e-d882-9071fb19321c, NVIDIA L40S, 100, 5094, 2520, 9001, 251.76, 350.00, 51
2026/09/06 13:05:48.284, GPU-c353397f-bf7b-b51e-d882-9071fb19321c, NVIDIA L40S, 100, 5094, 2520, 9001, 197.14, 350.00, 51
2026/09/06 13:05:48.784, GPU-c353397f-bf7b-b51e-d882-9071fb19321c, NVIDIA L40S, 99, 5094, 2520, 9001, 227.36, 350.00, 57
2026/09/06 13:05:49.285, GPU-c353397f-bf7b-b51e-d882-9071fb19321c, NVIDIA L40S, 100, 5094, 2520, 9001, 232.26, 350.00, 52
2026/09/06 13:05:49.786, GPU-c353397f-bf7b-b51e-d882-9071fb19321c, NVIDIA L40S, 100, 5094, 2520, 9001, 214.62, 350.00, 52
2026/09/06 13:05:50.287, GPU-c353397f-bf7b-b51e-d882-9071fb19321c, NVIDIA L40S, 99, 5094, 2520, 9001, 217.90, 350.00, 57
2026/09/06 13:05:50.787, GPU-c353397f-bf7b-b51e-d882-9071fb19321c, NVIDIA L40S, 100, 5094, 2520, 9001, 242.96, 350.00, 52
2026/09/06 13:05:51.288, GPU-c353397f-bf7b-b51e-d882-9071fb19321c, NVIDIA L40S, 100, 5094, 2520, 9001, 228.56, 350.00, 52
2026/09/06 13:05:51.788, GPU-c353397f-bf7b-b51e-d882-9071fb19321c, NVIDIA L40S, 99, 5094, 2520, 9001, 229.23, 350.00, 56
2026/09/06 13:05:52.289, GPU-c353397f-bf7b-b51e-d882-9071fb19321c, NVIDIA L40S, 100, 5094, 2520, 9001, 261.86, 350.00, 52
2026/09/06 13:05:52.789, GPU-c353397f-bf7b-b51e-d882-9071fb19321c, NVIDIA L40S, 100, 5094, 2520, 9001, 240.31, 350.00, 52
2026/09/06 13:05:53.290, GPU-c353397f-bf7b-b51e-d882-9071fb19321c, NVIDIA L40S, 50, 5094, 2520, 9001, 194.20, 350.00, 51
2026/09/06 13:05:53.790, GPU-c353397f-bf7b-b51e-d882-9071fb19321c, NVIDIA L40S, 99, 5094, 2520, 9001, 250.02, 350.00, 57
2026/09/06 13:05:54.291, GPU-c353397f-bf7b-b51e-d882-9071fb19321c, NVIDIA L40S, 100, 5094, 2520, 9001, 239.56, 350.00, 52
2026/09/06 13:05:54.792, GPU-c353397f-bf7b-b51e-d882-9071fb19321c, NVIDIA L40S, 100, 5094, 2520, 9001, 207.09, 350.00, 52
2026/09/06 13:05:55.292, GPU-c353397f-bf7b-b51e-d882-9071fb19321c, NVIDIA L40S, 99, 5094, 2520, 9001, 253.37, 350.00, 57
2026/09/06 13:05:55.793, GPU-c353397f-bf7b-b51e-d882-9071fb19321c, NVIDIA L40S, 100, 5094, 2520, 9001, 262.53, 350.00, 52
2026/09/06 13:05:56.294, GPU-c353397f-bf7b-b51e-d882-9071fb19321c, NVIDIA L40S, 100, 5094, 2520, 9001, 213.95, 350.00, 52
2026/09/06 13:05:56.794, GPU-c353397f-bf7b-b51e-d882-9071fb19321c, NVIDIA L40S, 99, 5094, 2520, 9001, 238.97, 350.00, 57
2026/09/06 13:05:57.294, GPU-c353397f-bf7b-b51e-d882-9071fb19321c, NVIDIA L40S, 100, 5094, 2520, 9001, 252.04, 350.00, 52
2026/09/06 13:05:57.795, GPU-c353397f-bf7b-b51e-d882-9071fb19321c, NVIDIA L40S, 100, 5094, 2520, 9001, 218.70, 350.00, 52
2026/09/06 13:05:58.296, GPU-c353397f-bf7b-b51e-d882-9071fb19321c, NVIDIA L40S, 99, 5094, 2520, 9001, 222.93, 350.00, 57
2026/09/06 13:05:58.796, GPU-c353397f-bf7b-b51e-d882-9071fb19321c, NVIDIA L40S, 100, 5094, 2520, 9001, 254.24, 350.00, 53
2026/09/06 13:05:59.297, GPU-c353397f-bf7b-b51e-d882-9071fb19321c, NVIDIA L40S, 100, 5094, 2520, 9001, 239.88, 350.00, 52
2026/09/06 13:05:59.798, GPU-c353397f-bf7b-b51e-d882-9071fb19321c, NVIDIA L40S, 0, 5094, 2520, 9001, 175.42, 350.00, 53
2026/09/06 13:06:00.298, GPU-c353397f-bf7b-b51e-d882-9071fb19321c, NVIDIA L40S, 99, 5094, 2520, 9001, 234.73, 350.00, 57
2026/09/06 13:06:00.799, GPU-c353397f-bf7b-b51e-d882-9071fb19321c, NVIDIA L40S, 100, 5094, 2520, 9001, 254.21, 350.00, 52
2026/09/06 13:06:01.299, GPU-c353397f-bf7b-b51e-d882-9071fb19321c, NVIDIA L40S, 100, 5094, 2520, 9001, 217.14, 350.00, 52
2026/09/06 13:06:01.800, GPU-c353397f-bf7b-b51e-d882-9071fb19321c, NVIDIA L40S, 99, 5094, 2520, 9001, 239.51, 350.00, 58
2026/09/06 13:06:02.300, GPU-c353397f-bf7b-b51e-d882-9071fb19321c, NVIDIA L40S, 100, 5094, 2520, 9001, 265.04, 350.00, 53
2026/09/06 13:06:02.801, GPU-c353397f-bf7b-b51e-d882-9071fb19321c, NVIDIA L40S, 100, 5094, 2520, 9001, 229.68, 350.00, 52
2026/09/06 13:06:03.302, GPU-c353397f-bf7b-b51e-d882-9071fb19321c, NVIDIA L40S, 98, 5094, 2520, 9001, 211.60, 350.00, 56
2026/09/06 13:06:03.802, GPU-c353397f-bf7b-b51e-d882-9071fb19321c, NVIDIA L40S, 100, 5094, 2520, 9001, 246.29, 350.00, 53
2026/09/06 13:06:04.303, GPU-c353397f-bf7b-b51e-d882-9071fb19321c, NVIDIA L40S, 100, 5094, 2520, 9001, 239.74, 350.00, 53
2026/09/06 13:06:04.804, GPU-c353397f-bf7b-b51e-d882-9071fb19321c, NVIDIA L40S, 0, 5094, 2520, 9001, 180.23, 350.00, 52
2026/09/06 13:06:05.304, GPU-c353397f-bf7b-b51e-d882-9071fb19321c, NVIDIA L40S, 99, 5094, 2520, 9001, 243.47, 350.00, 57
2026/09/06 13:06:05.805, GPU-c353397f-bf7b-b51e-d882-9071fb19321c, NVIDIA L40S, 100, 5094, 2520, 9001, 257.98, 350.00, 52
2026/09/06 13:06:06.305, GPU-c353397f-bf7b-b51e-d882-9071fb19321c, NVIDIA L40S, 100, 5094, 2520, 9001, 216.20, 350.00, 52
2026/09/06 13:06:06.806, GPU-c353397f-bf7b-b51e-d882-9071fb19321c, NVIDIA L40S, 99, 5094, 2520, 9001, 241.23, 350.00, 57
2026/09/06 13:06:07.306, GPU-c353397f-bf7b-b51e-d882-9071fb19321c, NVIDIA L40S, 100, 5094, 2520, 9001, 266.32, 350.00, 53
2026/09/06 13:06:07.807, GPU-c353397f-bf7b-b51e-d882-9071fb19321c, NVIDIA L40S, 100, 5094, 2520, 9001, 227.76, 350.00, 52
2026/09/06 13:06:08.308, GPU-c353397f-bf7b-b51e-d882-9071fb19321c, NVIDIA L40S, 0, 5094, 2520, 9001, 201.09, 350.00, 56
2026/09/06 13:06:08.808, GPU-c353397f-bf7b-b51e-d882-9071fb19321c, NVIDIA L40S, 99, 5094, 2520, 9001, 253.81, 350.00, 54
2026/09/06 13:06:09.308, GPU-c353397f-bf7b-b51e-d882-9071fb19321c, NVIDIA L40S, 100, 5094, 2520, 9001, 251.82, 350.00, 52
2026/09/06 13:06:09.809, GPU-c353397f-bf7b-b51e-d882-9071fb19321c, NVIDIA L40S, 99, 5094, 2520, 9001, 203.46, 350.00, 56
2026/09/06 13:06:10.309, GPU-c353397f-bf7b-b51e-d882-9071fb19321c, NVIDIA L40S, 99, 5094, 2520, 9001, 262.51, 350.00, 56
2026/09/06 13:06:10.810, GPU-c353397f-bf7b-b51e-d882-9071fb19321c, NVIDIA L40S, 100, 5094, 2520, 9001, 262.93, 350.00, 53
2026/09/06 13:06:11.311, GPU-c353397f-bf7b-b51e-d882-9071fb19321c, NVIDIA L40S, 100, 5094, 2520, 9001, 208.50, 350.00, 52
2026/09/06 13:06:11.811, GPU-c353397f-bf7b-b51e-d882-9071fb19321c, NVIDIA L40S, 99, 5094, 2520, 9001, 242.73, 350.00, 58
2026/09/06 13:06:12.312, GPU-c353397f-bf7b-b51e-d882-9071fb19321c, NVIDIA L40S, 100, 5094, 2520, 9001, 250.24, 350.00, 53
2026/09/06 13:06:12.812, GPU-c353397f-bf7b-b51e-d882-9071fb19321c, NVIDIA L40S, 100, 5094, 2520, 9001, 219.59, 350.00, 52
2026/09/06 13:06:13.313, GPU-c353397f-bf7b-b51e-d882-9071fb19321c, NVIDIA L40S, 11, 5094, 2520, 9001, 192.60, 350.00, 57
2026/09/06 13:06:13.813, GPU-c353397f-bf7b-b51e-d882-9071fb19321c, NVIDIA L40S, 100, 5094, 2520, 9001, 237.76, 350.00, 54
2026/09/06 13:06:14.314, GPU-c353397f-bf7b-b51e-d882-9071fb19321c, NVIDIA L40S, 100, 5094, 2520, 9001, 249.34, 350.00, 52
2026/09/06 13:06:14.814, GPU-c353397f-bf7b-b51e-d882-9071fb19321c, NVIDIA L40S, 88, 5094, 2520, 9001, 197.96, 350.00, 56
2026/09/06 13:06:15.315, GPU-c353397f-bf7b-b51e-d882-9071fb19321c, NVIDIA L40S, 99, 5094, 2520, 9001, 256.99, 350.00, 58
2026/09/06 13:06:15.816, GPU-c353397f-bf7b-b51e-d882-9071fb19321c, NVIDIA L40S, 100, 5094, 2520, 9001, 252.68, 350.00, 52
2026/09/06 13:06:16.316, GPU-c353397f-bf7b-b51e-d882-9071fb19321c, NVIDIA L40S, 100, 5094, 2520, 9001, 206.80, 350.00, 52
2026/09/06 13:06:16.817, GPU-c353397f-bf7b-b51e-d882-9071fb19321c, NVIDIA L40S, 99, 5094, 2520, 9001, 247.65, 350.00, 57
2026/09/06 13:06:17.318, GPU-c353397f-bf7b-b51e-d882-9071fb19321c, NVIDIA L40S, 100, 5094, 2520, 9001, 259.00, 350.00, 52
2026/09/06 13:06:17.818, GPU-c353397f-bf7b-b51e-d882-9071fb19321c, NVIDIA L40S, 100, 5094, 2520, 9001, 220.29, 350.00, 52
2026/09/06 13:06:18.319, GPU-c353397f-bf7b-b51e-d882-9071fb19321c, NVIDIA L40S, 93, 5094, 2520, 9001, 198.96, 350.00, 57
2026/09/06 13:06:18.819, GPU-c353397f-bf7b-b51e-d882-9071fb19321c, NVIDIA L40S, 100, 5094, 2520, 9001, 231.15, 350.00, 53
2026/09/06 13:06:19.319, GPU-c353397f-bf7b-b51e-d882-9071fb19321c, NVIDIA L40S, 100, 5094, 2520, 9001, 236.87, 350.00, 52
2026/09/06 13:06:19.820, GPU-c353397f-bf7b-b51e-d882-9071fb19321c, NVIDIA L40S, 99, 5094, 2520, 9001, 214.81, 350.00, 57
2026/09/06 13:06:20.321, GPU-c353397f-bf7b-b51e-d882-9071fb19321c, NVIDIA L40S, 99, 5094, 2520, 9001, 258.11, 350.00, 54
2026/09/06 13:06:20.822, GPU-c353397f-bf7b-b51e-d882-9071fb19321c, NVIDIA L40S, 100, 5094, 2520, 9001, 248.74, 350.00, 52
2026/09/06 13:06:21.323, GPU-c353397f-bf7b-b51e-d882-9071fb19321c, NVIDIA L40S, 100, 5094, 2520, 9001, 186.57, 350.00, 54
2026/09/06 13:06:21.823, GPU-c353397f-bf7b-b51e-d882-9071fb19321c, NVIDIA L40S, 99, 5094, 2520, 9001, 224.84, 350.00, 57
2026/09/06 13:06:22.324, GPU-c353397f-bf7b-b51e-d882-9071fb19321c, NVIDIA L40S, 100, 5094, 2520, 9001, 247.42, 350.00, 52
2026/09/06 13:06:22.825, GPU-c353397f-bf7b-b51e-d882-9071fb19321c, NVIDIA L40S, 100, 5094, 2520, 9001, 228.43, 350.00, 52
2026/09/06 13:06:23.325, GPU-c353397f-bf7b-b51e-d882-9071fb19321c, NVIDIA L40S, 99, 5094, 2520, 9001, 229.08, 350.00, 57
2026/09/06 13:06:23.826, GPU-c353397f-bf7b-b51e-d882-9071fb19321c, NVIDIA L40S, 100, 5094, 2520, 9001, 264.50, 350.00, 53
2026/09/06 13:06:24.327, GPU-c353397f-bf7b-b51e-d882-9071fb19321c, NVIDIA L40S, 100, 5094, 2520, 9001, 239.79, 350.00, 52
2026/09/06 13:06:24.827, GPU-c353397f-bf7b-b51e-d882-9071fb19321c, NVIDIA L40S, 0, 5094, 2520, 9001, 176.11, 350.00, 51
2026/09/06 13:06:25.327, GPU-c353397f-bf7b-b51e-d882-9071fb19321c, NVIDIA L40S, 0, 5094, 2520, 9001, 129.91, 350.00, 50
