2026/09/06 12:40:07.411, GPU-59ee7ef9-898f-524a-dde1-7a0426a41ecb, Tesla V100-PCIE-16GB, 0, 0, 135, 877, 23.52, 250.00, 29
2026/09/06 12:40:07.914, GPU-59ee7ef9-898f-524a-dde1-7a0426a41ecb, Tesla V100-PCIE-16GB, 0, 0, 135, 877, 23.52, 250.00, 29
2026/09/06 12:40:08.429, GPU-59ee7ef9-898f-524a-dde1-7a0426a41ecb, Tesla V100-PCIE-16GB, 0, 0, 135, 877, 23.43, 250.00, 29
2026/09/06 12:40:08.932, GPU-59ee7ef9-898f-524a-dde1-7a0426a41ecb, Tesla V100-PCIE-16GB, 0, 0, 135, 877, 23.43, 250.00, 29
2026/09/06 12:40:09.435, GPU-59ee7ef9-898f-524a-dde1-7a0426a41ecb, Tesla V100-PCIE-16GB, 0, 0, 135, 877, 23.43, 250.00, 29
2026/09/06 12:40:09.938, GPU-59ee7ef9-898f-524a-dde1-7a0426a41ecb, Tesla V100-PCIE-16GB, 0, 0, 135, 877, 23.33, 250.00, 29
2026/09/06 12:40:10.441, GPU-59ee7ef9-898f-524a-dde1-7a0426a41ecb, Tesla V100-PCIE-16GB, 0, 0, 135, 877, 23.33, 250.00, 29
2026/09/06 12:40:10.944, GPU-59ee7ef9-898f-524a-dde1-7a0426a41ecb, Tesla V100-PCIE-16GB, 0, 0, 135, 877, 23.43, 250.00, 29
2026/09/06 12:40:11.447, GPU-59ee7ef9-898f-524a-dde1-7a0426a41ecb, Tesla V100-PCIE-16GB, 0, 0, 135, 877, 23.52, 250.00, 29
2026/09/06 12:40:11.950, GPU-59ee7ef9-898f-524a-dde1-7a0426a41ecb, Tesla V100-PCIE-16GB, 0, 0, 135, 877, 23.42, 250.00, 29
2026/09/06 12:40:12.453, GPU-59ee7ef9-898f-524a-dde1-7a0426a41ecb, Tesla V100-PCIE-16GB, 0, 0, 135, 877, 23.41, 250.00, 29
2026/09/06 12:40:12.957, GPU-59ee7ef9-898f-524a-dde1-7a0426a41ecb, Tesla V100-PCIE-16GB, 0, 0, 135, 877, 23.42, 250.00, 29
2026/09/06 12:40:13.460, GPU-59ee7ef9-898f-524a-dde1-7a0426a41ecb, Tesla V100-PCIE-16GB, 0, 0, 135, 877, 23.33, 250.00, 29
2026/09/06 12:40:13.963, GPU-59ee7ef9-898f-524a-dde1-7a0426a41ecb, Tesla V100-PCIE-16GB, 0, 0, 135, 877, 23.33, 250.00, 29
2026/09/06 12:40:14.476, GPU-59ee7ef9-898f-524a-dde1-7a0426a41ecb, Tesla V100-PCIE-16GB, 0, 0, 135, 877, 23.33, 250.00, 29
2026/09/06 12:40:14.979, GPU-59ee7ef9-898f-524a-dde1-7a0426a41ecb, Tesla V100-PCIE-16GB, 0, 0, 135, 877, 23.43, 250.00, 29
2026/09/06 12:40:15.482, GPU-59ee7ef9-898f-524a-dde1-7a0426a41ecb, Tesla V100-PCIE-16GB, 0, 0, 135, 877, 23.43, 250.00, 29
2026/09/06 12:40:15.986, GPU-59ee7ef9-898f-524a-dde1-7a0426a41ecb, Tesla V100-PCIE-16GB, 0, 0, 135, 877, 23.43, 250.00, 29
2026/09/06 12:40:16.489, GPU-59ee7ef9-898f-524a-dde1-7a0426a41ecb, Tesla V100-PCIE-16GB, 0, 0, 135, 877, 23.43, 250.00, 29
2026/09/06 12:40:16.992, GPU-59ee7ef9-898f-524a-dde1-7a0426a41ecb, Tesla V100-PCIE-16GB, 0, 0, 135, 877, 23.33, 250.00, 29
2026/09/06 12:40:17.495, GPU-59ee7ef9-898f-524a-dde1-7a0426a41ecb, Tesla V100-PCIE-16GB, 0, 0, 135, 877, 23.33, 250.00, 29
2026/09/06 12:40:17.998, GPU-59ee7ef9-898f-524a-dde1-7a0426a41ecb, Tesla V100-PCIE-16GB, 0, 0, 135, 877, 23.33, 250.00, 29
2026/09/06 12:40:18.501, GPU-59ee7ef9-898f-524a-dde1-7a0426a41ecb, Tesla V100-PCIE-16GB, 0, 0, 135, 877, 23.43, 250.00, 29
2026/09/06 12:40:19.004, GPU-59ee7ef9-898f-524a-dde1-7a0426a41ecb, Tesla V100-PCIE-16GB, 0, 0, 135, 877, 23.33, 250.00, 29
2026/09/06 12:40:19.507, GPU-59ee7ef9-898f-524a-dde1-7a0426a41ecb, Tesla V100-PCIE-16GB, 0, 0, 135, 877, 23.32, 250.00, 29
2026/09/06 12:40:20.011, GPU-59ee7ef9-898f-524a-dde1-7a0426a41ecb, Tesla V100-PCIE-16GB, 0, 0, 135, 877, 23.33, 250.00, 29
2026/09/06 12:40:20.516, GPU-59ee7ef9-898f-524a-dde1-7a0426a41ecb, Tesla V100-PCIE-16GB, 0, 0, 135, 877, 23.33, 250.00, 29
2026/09/06 12:40:21.021, GPU-59ee7ef9-898f-524a-dde1-7a0426a41ecb, Tesla V100-PCIE-16GB, 0, 0, 135, 877, 23.43, 250.00, 29
2026/09/06 12:40:21.525, GPU-59ee7ef9-898f-524a-dde1-7a0426a41ecb, Tesla V100-PCIE-16GB, 0, 0, 135, 877, 23.33, 250.00, 29
2026/09/06 12:40:22.032, GPU-59ee7ef9-898f-524a-dde1-7a0426a41ecb, Tesla V100-PCIE-16GB, 0, 0, 135, 877, 23.33, 250.00, 29
2026/09/06 12:40:22.536, GPU-59ee7ef9-898f-524a-dde1-7a0426a41ecb, Tesla V100-PCIE-16GB, 0, 0, 135, 877, 23.32, 250.00, 29
2026/09/06 12:40:23.042, GPU-59ee7ef9-898f-524a-dde1-7a0426a41ecb, Tesla V100-PCIE-16GB, 0, 0, 135, 877, 23.33, 250.00, 29
2026/09/06 12:40:23.546, GPU-59ee7ef9-898f-524a-dde1-7a0426a41ecb, Tesla V100-PCIE-16GB, 0, 0, 135, 877, 23.33, 250.00, 29
2026/09/06 12:40:24.051, GPU-59ee7ef9-898f-524a-dde1-7a0426a41ecb, Tesla V100-PCIE-16GB, 0, 0, 135, 877, 23.33, 250.00, 29
2026/09/06 12:40:24.555, GPU-59ee7ef9-898f-524a-dde1-7a0426a41ecb, Tesla V100-PCIE-16GB, 0, 0, 135, 877, 23.43, 250.00, 29
2026/09/06 12:40:25.060, GPU-59ee7ef9-898f-524a-dde1-7a0426a41ecb, Tesla V100-PCIE-16GB, 0, 0, 135, 877, 23.33, 250.00, 29
2026/09/06 12:40:25.565, GPU-59ee7ef9-898f-524a-dde1-7a0426a41ecb, Tesla V100-PCIE-16GB, 0, 0, 135, 877, 23.33, 250.00, 29
2026/09/06 12:40:26.072, GPU-59ee7ef9-898f-524a-dde1-7a0426a41ecb, Tesla V100-PCIE-16GB, 0, 0, 135, 877, 23.33, 250.00, 29
2026/09/06 12:40:26.576, GPU-59ee7ef9-898f-524a-dde1-7a0426a41ecb, Tesla V100-PCIE-16GB, 0, 0, 135, 877, 23.33, 250.00, 29
2026/09/06 12:40:27.079, GPU-59ee7ef9-898f-524a-dde1-7a0426a41ecb, Tesla V100-PCIE-16GB, 0, 0, 135, 877, 23.33, 250.00, 29
2026/09/06 12:40:27.582, GPU-59ee7ef9-898f-524a-dde1-7a0426a41ecb, Tesla V100-PCIE-16GB, 0, 0, 135, 877, 23.33, 250.00, 29
2026/09/06 12:40:28.085, GPU-59ee7ef9-898f-524a-dde1-7a0426a41ecb, Tesla V100-PCIE-16GB, 0, 0, 135, 877, 23.23, 250.00, 29
2026/09/06 12:40:28.588, GPU-59ee7ef9-898f-524a-dde1-7a0426a41ecb, Tesla V100-PCIE-16GB, 0, 0, 135, 877, 23.33, 250.00, 29
2026/09/06 12:40:29.102, GPU-59ee7ef9-898f-524a-dde1-7a0426a41ecb, Tesla V100-PCIE-16GB, 0, 0, 135, 877, 23.33, 250.00, 29
2026/09/06 12:40:29.606, GPU-59ee7ef9-898f-524a-dde1-7a0426a41ecb, Tesla V100-PCIE-16GB, 0, 0, 135, 877, 23.23, 250.00, 29
2026/09/06 12:40:30.109, GPU-59ee7ef9-898f-524a-dde1-7a0426a41ecb, Tesla V100-PCIE-16GB, 0, 0, 135, 877, 23.33, 250.00, 29
2026/09/06 12:40:30.612, GPU-59ee7ef9-898f-524a-dde1-7a0426a41ecb, Tesla V100-PCIE-16GB, 0, 0, 135, 877, 23.33, 250.00, 29
2026/09/06 12:40:31.115, GPU-59ee7ef9-898f-524a-dde1-7a0426a41ecb, Tesla V100-PCIE-16GB, 0, 0, 135, 877, 23.23, 250.00, 29
2026/09/06 12:40:31.630, GPU-59ee7ef9-898f-524a-dde1-7a0426a41ecb, Tesla V100-PCIE-16GB, 0, 0, 135, 877, 23.33, 250.00, 29
2026/09/06 12:40:32.133, GPU-59ee7ef9-898f-524a-dde1-7a0426a41ecb, Tesla V100-PCIE-16GB, 0, 0, 135, 877, 23.33, 250.00, 29
2026/09/06 12:40:32.636, GPU-59ee7ef9-898f-524a-dde1-7a0426a41ecb, Tesla V100-PCIE-16GB, 0, 0, 135, 877, 23.23, 250.00, 29
2026/09/06 12:40:33.139, GPU-59ee7ef9-898f-524a-dde1-7a0426a41ecb, Tesla V100-PCIE-16GB, 0, 0, 135, 877, 23.40, 250.00, 29
2026/09/06 12:40:33.643, GPU-59ee7ef9-898f-524a-dde1-7a0426a41ecb, Tesla V100-PCIE-16GB, 0, 0, 135, 877, 23.31, 250.00, 29
2026/09/06 12:40:34.156, GPU-59ee7ef9-898f-524a-dde1-7a0426a41ecb, Tesla V100-PCIE-16GB, 0, 0, 135, 877, 23.32, 250.00, 29
2026/09/06 12:40:34.659, GPU-59ee7ef9-898f-524a-dde1-7a0426a41ecb, Tesla V100-PCIE-16GB, 0, 0, 135, 877, 23.33, 250.00, 29
2026/09/06 12:40:35.162, GPU-59ee7ef9-898f-524a-dde1-7a0426a41ecb, Tesla V100-PCIE-16GB, 0, 0, 135, 877, 23.33, 250.00, 29
2026/09/06 12:40:35.665, GPU-59ee7ef9-898f-524a-dde1-7a0426a41ecb, Tesla V100-PCIE-16GB, 0, 0, 135, 877, 23.33, 250.00, 29
2026/09/06 12:40:36.168, GPU-59ee7ef9-898f-524a-dde1-7a0426a41ecb, Tesla V100-PCIE-16GB, 0, 0, 135, 877, 23.33, 250.00, 29
2026/09/06 12:40:36.683, GPU-59ee7ef9-898f-524a-dde1-7a0426a41ecb, Tesla V100-PCIE-16GB, 0, 0, 135, 877, 23.33, 250.00, 29
2026/09/06 12:40:37.186, GPU-59ee7ef9-898f-524a-dde1-7a0426a41ecb, Tesla V100-PCIE-16GB, 0, 0, 135, 877, 23.33, 250.00, 29
2026/09/06 12:40:37.690, GPU-59ee7ef9-898f-524a-dde1-7a0426a41ecb, Tesla V100-PCIE-16GB, 0, 0, 135, 877, 23.34, 250.00, 29
2026/09/06 12:40:38.193, GPU-59ee7ef9-898f-524a-dde1-7a0426a41ecb, Tesla V100-PCIE-16GB, 0, 0, 135, 877, 23.33, 250.00, 29
2026/09/06 12:40:38.695, GPU-59ee7ef9-898f-524a-dde1-7a0426a41ecb, Tesla V100-PCIE-16GB, 0, 0, 135, 877, 23.34, 250.00, 29
2026/09/06 12:40:39.209, GPU-59ee7ef9-898f-524a-dde1-7a0426a41ecb, Tesla V100-PCIE-16GB, 0, 0, 135, 877, 23.34, 250.00, 29
2026/09/06 12:40:39.712, GPU-59ee7ef9-898f-524a-dde1-7a0426a41ecb, Tesla V100-PCIE-16GB, 0, 0, 135, 877, 23.24, 250.00, 29
2026/09/06 12:40:40.215, GPU-59ee7ef9-898f-524a-dde1-7a0426a41ecb, Tesla V100-PCIE-16GB, 0, 0, 135, 877, 23.24, 250.00, 29
2026/09/06 12:40:40.718, GPU-59ee7ef9-898f-524a-dde1-7a0426a41ecb, Tesla V100-PCIE-16GB, 0, 0, 135, 877, 23.34, 250.00, 29
2026/09/06 12:40:41.221, GPU-59ee7ef9-898f-524a-dde1-7a0426a41ecb, Tesla V100-PCIE-16GB, 0, 0, 135, 877, 23.33, 250.00, 29
2026/09/06 12:40:41.735, GPU-59ee7ef9-898f-524a-dde1-7a0426a41ecb, Tesla V100-PCIE-16GB, 0, 0, 135, 877, 23.33, 250.00, 29
2026/09/06 12:40:42.238, GPU-59ee7ef9-898f-524a-dde1-7a0426a41ecb, Tesla V100-PCIE-16GB, 0, 0, 135, 877, 23.33, 250.00, 29
2026/09/06 12:40:42.741, GPU-59ee7ef9-898f-524a-dde1-7a0426a41ecb, Tesla V100-PCIE-16GB, 0, 0, 135, 877, 23.34, 250.00, 29
2026/09/06 12:40:43.244, GPU-59ee7ef9-898f-524a-dde1-7a0426a41ecb, Tesla V100-PCIE-16GB, 0, 0, 135, 877, 23.24, 250.00, 29
2026/09/06 12:40:43.747, GPU-59ee7ef9-898f-524a-dde1-7a0426a41ecb, Tesla V100-PCIE-16GB, 0, 0, 135, 877, 23.24, 250.00, 29
2026/09/06 12:40:44.262, GPU-59ee7ef9-898f-524a-dde1-7a0426a41ecb, Tesla V100-PCIE-16GB, 0, 0, 135, 877, 23.33, 250.00, 29
2026/09/06 12:40:44.765, GPU-59ee7ef9-898f-524a-dde1-7a0426a41ecb, Tesla V100-PCIE-16GB, 0, 0, 135, 877, 23.34, 250.00, 29
2026/09/06 12:40:45.269, GPU-59ee7ef9-898f-524a-dde1-7a0426a41ecb, Tesla V100-PCIE-16GB, 0, 0, 135, 877, 23.34, 250.00, 29
2026/09/06 12:40:45.772, GPU-59ee7ef9-898f-524a-dde1-7a0426a41ecb, Tesla V100-PCIE-16GB, 0, 0, 135, 877, 23.24, 250.00, 29
2026/09/06 12:40:46.275, GPU-59ee7ef9-898f-524a-dde1-7a0426a41ecb, Tesla V100-PCIE-16GB, 0, 0, 135, 877, 23.34, 250.00, 29
2026/09/06 12:40:46.789, GPU-59ee7ef9-898f-524a-dde1-7a0426a41ecb, Tesla V100-PCIE-16GB, 0, 0, 135, 877, 23.34, 250.00, 29
2026/09/06 12:40:47.292, GPU-59ee7ef9-898f-524a-dde1-7a0426a41ecb, Tesla V100-PCIE-16GB, 0, 0, 135, 877, 23.33, 250.00, 29
2026/09/06 12:40:47.794, GPU-59ee7ef9-898f-524a-dde1-7a0426a41ecb, Tesla V100-PCIE-16GB, 0, 0, 135, 877, 23.24, 250.00, 29
2026/09/06 12:40:48.297, GPU-59ee7ef9-898f-524a-dde1-7a0426a41ecb, Tesla V100-PCIE-16GB, 0, 0, 135, 877, 23.34, 250.00, 29
2026/09/06 12:40:48.800, GPU-59ee7ef9-898f-524a-dde1-7a0426a41ecb, Tesla V100-PCIE-16GB, 0, 0, 135, 877, 23.34, 250.00, 29
2026/09/06 12:40:49.303, GPU-59ee7ef9-898f-524a-dde1-7a0426a41ecb, Tesla V100-PCIE-16GB, 0, 0, 135, 877, 23.24, 250.00, 29
2026/09/06 12:40:49.806, GPU-59ee7ef9-898f-524a-dde1-7a0426a41ecb, Tesla V100-PCIE-16GB, 0, 0, 135, 877, 23.24, 250.00, 29
2026/09/06 12:40:50.319, GPU-59ee7ef9-898f-524a-dde1-7a0426a41ecb, Tesla V100-PCIE-16GB, 0, 0, 135, 877, 23.31, 250.00, 29
2026/09/06 12:40:50.822, GPU-59ee7ef9-898f-524a-dde1-7a0426a41ecb, Tesla V100-PCIE-16GB, 0, 0, 135, 877, 23.30, 250.00, 29
2026/09/06 12:40:51.325, GPU-59ee7ef9-898f-524a-dde1-7a0426a41ecb, Tesla V100-PCIE-16GB, 0, 0, 135, 877, 23.31, 250.00, 29
2026/09/06 12:40:51.829, GPU-59ee7ef9-898f-524a-dde1-7a0426a41ecb, Tesla V100-PCIE-16GB, 0, 0, 135, 877, 23.22, 250.00, 29
2026/09/06 12:40:52.332, GPU-59ee7ef9-898f-524a-dde1-7a0426a41ecb, Tesla V100-PCIE-16GB, 0, 0, 135, 877, 23.23, 250.00, 29
2026/09/06 12:40:52.844, GPU-59ee7ef9-898f-524a-dde1-7a0426a41ecb, Tesla V100-PCIE-16GB, 0, 0, 135, 877, 23.33, 250.00, 29
2026/09/06 12:40:53.347, GPU-59ee7ef9-898f-524a-dde1-7a0426a41ecb, Tesla V100-PCIE-16GB, 0, 0, 135, 877, 23.34, 250.00, 29
2026/09/06 12:40:53.851, GPU-59ee7ef9-898f-524a-dde1-7a0426a41ecb, Tesla V100-PCIE-16GB, 0, 0, 135, 877, 23.34, 250.00, 29
2026/09/06 12:40:54.354, GPU-59ee7ef9-898f-524a-dde1-7a0426a41ecb, Tesla V100-PCIE-16GB, 0, 0, 135, 877, 23.24, 250.00, 29
2026/09/06 12:40:54.857, GPU-59ee7ef9-898f-524a-dde1-7a0426a41ecb, Tesla V100-PCIE-16GB, 0, 0, 135, 877, 23.33, 250.00, 29
2026/09/06 12:40:55.372, GPU-59ee7ef9-898f-524a-dde1-7a0426a41ecb, Tesla V100-PCIE-16GB, 0, 0, 135, 877, 23.24, 250.00, 29
2026/09/06 12:40:55.875, GPU-59ee7ef9-898f-524a-dde1-7a0426a41ecb, Tesla V100-PCIE-16GB, 0, 0, 135, 877, 23.24, 250.00, 29
2026/09/06 12:40:56.378, GPU-59ee7ef9-898f-524a-dde1-7a0426a41ecb, Tesla V100-PCIE-16GB, 0, 0, 135, 877, 23.24, 250.00, 29
2026/09/06 12:40:56.881, GPU-59ee7ef9-898f-524a-dde1-7a0426a41ecb, Tesla V100-PCIE-16GB, 0, 0, 135, 877, 23.24, 250.00, 29
2026/09/06 12:40:57.384, GPU-59ee7ef9-898f-524a-dde1-7a0426a41ecb, Tesla V100-PCIE-16GB, 0, 0, 135, 877, 23.24, 250.00, 29
2026/09/06 12:40:57.887, GPU-59ee7ef9-898f-524a-dde1-7a0426a41ecb, Tesla V100-PCIE-16GB, 0, 0, 135, 877, 23.24, 250.00, 29
2026/09/06 12:40:58.402, GPU-59ee7ef9-898f-524a-dde1-7a0426a41ecb, Tesla V100-PCIE-16GB, 0, 0, 135, 877, 23.24, 250.00, 29
2026/09/06 12:40:58.905, GPU-59ee7ef9-898f-524a-dde1-7a0426a41ecb, Tesla V100-PCIE-16GB, 0, 0, 135, 877, 23.24, 250.00, 29
2026/09/06 12:40:59.408, GPU-59ee7ef9-898f-524a-dde1-7a0426a41ecb, Tesla V100-PCIE-16GB, 0, 0, 135, 877, 23.24, 250.00, 29
2026/09/06 12:40:59.911, GPU-59ee7ef9-898f-524a-dde1-7a0426a41ecb, Tesla V100-PCIE-16GB, 0, 0, 135, 877, 23.24, 250.00, 29
2026/09/06 12:41:00.414, GPU-59ee7ef9-898f-524a-dde1-7a0426a41ecb, Tesla V100-PCIE-16GB, 0, 0, 135, 877, 23.24, 250.00, 29
2026/09/06 12:41:00.917, GPU-59ee7ef9-898f-524a-dde1-7a0426a41ecb, Tesla V100-PCIE-16GB, 0, 0, 135, 877, 23.24, 250.00, 29
2026/09/06 12:41:01.420, GPU-59ee7ef9-898f-524a-dde1-7a0426a41ecb, Tesla V100-PCIE-16GB, 0, 0, 135, 877, 23.24, 250.00, 29
2026/09/06 12:41:01.923, GPU-59ee7ef9-898f-524a-dde1-7a0426a41ecb, Tesla V100-PCIE-16GB, 0, 0, 135, 877, 23.24, 250.00, 29
2026/09/06 12:41:02.426, GPU-59ee7ef9-898f-524a-dde1-7a0426a41ecb, Tesla V100-PCIE-16GB, 0, 0, 135, 877, 23.24, 250.00, 29
2026/09/06 12:41:02.929, GPU-59ee7ef9-898f-524a-dde1-7a0426a41ecb, Tesla V100-PCIE-16GB, 0, 0, 135, 877, 23.24, 250.00, 29
2026/09/06 12:41:03.443, GPU-59ee7ef9-898f-524a-dde1-7a0426a41ecb, Tesla V100-PCIE-16GB, 0, 0, 135, 877, 23.24, 250.00, 29
2026/09/06 12:41:03.946, GPU-59ee7ef9-898f-524a-dde1-7a0426a41ecb, Tesla V100-PCIE-16GB, 0, 0, 135, 877, 23.24, 250.00, 29
2026/09/06 12:41:04.449, GPU-59ee7ef9-898f-524a-dde1-7a0426a41ecb, Tesla V100-PCIE-16GB, 0, 0, 135, 877, 23.24, 250.00, 29
2026/09/06 12:41:04.952, GPU-59ee7ef9-898f-524a-dde1-7a0426a41ecb, Tesla V100-PCIE-16GB, 0, 0, 135, 877, 23.24, 250.00, 29
2026/09/06 12:41:05.455, GPU-59ee7ef9-898f-524a-dde1-7a0426a41ecb, Tesla V100-PCIE-16GB, 0, 0, 135, 877, 23.24, 250.00, 29
2026/09/06 12:41:05.958, GPU-59ee7ef9-898f-524a-dde1-7a0426a41ecb, Tesla V100-PCIE-16GB, 0, 0, 135, 877, 23.24, 250.00, 29
2026/09/06 12:41:06.461, GPU-59ee7ef9-898f-524a-dde1-7a0426a41ecb, Tesla V100-PCIE-16GB, 0, 0, 135, 877, 23.24, 250.00, 29
2026/09/06 12:41:06.964, GPU-59ee7ef9-898f-524a-dde1-7a0426a41ecb, Tesla V100-PCIE-16GB, 0, 0, 135, 877, 23.34, 250.00, 29
2026/09/06 12:41:07.467, GPU-59ee7ef9-898f-524a-dde1-7a0426a41ecb, Tesla V100-PCIE-16GB, 0, 0, 135, 877, 23.24, 250.00, 29
2026/09/06 12:41:07.970, GPU-59ee7ef9-898f-524a-dde1-7a0426a41ecb, Tesla V100-PCIE-16GB, 0, 0, 135, 877, 23.24, 250.00, 29
2026/09/06 12:41:08.472, GPU-59ee7ef9-898f-524a-dde1-7a0426a41ecb, Tesla V100-PCIE-16GB, 0, 0, 135, 877, 23.24, 250.00, 29
2026/09/06 12:41:08.975, GPU-59ee7ef9-898f-524a-dde1-7a0426a41ecb, Tesla V100-PCIE-16GB, 0, 0, 135, 877, 23.24, 250.00, 29
2026/09/06 12:41:09.478, GPU-59ee7ef9-898f-524a-dde1-7a0426a41ecb, Tesla V100-PCIE-16GB, 0, 0, 135, 877, 23.24, 250.00, 29
2026/09/06 12:41:09.993, GPU-59ee7ef9-898f-524a-dde1-7a0426a41ecb, Tesla V100-PCIE-16GB, 0, 0, 135, 877, 23.24, 250.00, 29
2026/09/06 12:41:10.496, GPU-59ee7ef9-898f-524a-dde1-7a0426a41ecb, Tesla V100-PCIE-16GB, 0, 0, 135, 877, 23.24, 250.00, 29
2026/09/06 12:41:10.999, GPU-59ee7ef9-898f-524a-dde1-7a0426a41ecb, Tesla V100-PCIE-16GB, 0, 0, 135, 877, 23.24, 250.00, 29
2026/09/06 12:41:11.502, GPU-59ee7ef9-898f-524a-dde1-7a0426a41ecb, Tesla V100-PCIE-16GB, 0, 0, 135, 877, 23.24, 250.00, 29
2026/09/06 12:41:12.005, GPU-59ee7ef9-898f-524a-dde1-7a0426a41ecb, Tesla V100-PCIE-16GB, 0, 0, 135, 877, 23.24, 250.00, 29
2026/09/06 12:41:12.508, GPU-59ee7ef9-898f-524a-dde1-7a0426a41ecb, Tesla V100-PCIE-16GB, 0, 0, 135, 877, 23.24, 250.00, 29
2026/09/06 12:41:13.011, GPU-59ee7ef9-898f-524a-dde1-7a0426a41ecb, Tesla V100-PCIE-16GB, 0, 0, 135, 877, 23.24, 250.00, 29
2026/09/06 12:41:13.514, GPU-59ee7ef9-898f-524a-dde1-7a0426a41ecb, Tesla V100-PCIE-16GB, 0, 0, 135, 877, 23.24, 250.00, 29
2026/09/06 12:41:14.017, GPU-59ee7ef9-898f-524a-dde1-7a0426a41ecb, Tesla V100-PCIE-16GB, 0, 0, 135, 877, 23.24, 250.00, 28
2026/09/06 12:41:14.520, GPU-59ee7ef9-898f-524a-dde1-7a0426a41ecb, Tesla V100-PCIE-16GB, 0, 0, 135, 877, 23.24, 250.00, 29
2026/09/06 12:41:15.023, GPU-59ee7ef9-898f-524a-dde1-7a0426a41ecb, Tesla V100-PCIE-16GB, 0, 0, 135, 877, 23.24, 250.00, 29
2026/09/06 12:41:15.526, GPU-59ee7ef9-898f-524a-dde1-7a0426a41ecb, Tesla V100-PCIE-16GB, 0, 0, 135, 877, 23.24, 250.00, 29
2026/09/06 12:41:16.041, GPU-59ee7ef9-898f-524a-dde1-7a0426a41ecb, Tesla V100-PCIE-16GB, 0, 0, 135, 877, 23.24, 250.00, 28
2026/09/06 12:41:16.544, GPU-59ee7ef9-898f-524a-dde1-7a0426a41ecb, Tesla V100-PCIE-16GB, 0, 0, 135, 877, 23.24, 250.00, 29
2026/09/06 12:41:17.048, GPU-59ee7ef9-898f-524a-dde1-7a0426a41ecb, Tesla V100-PCIE-16GB, 0, 0, 135, 877, 23.24, 250.00, 28
2026/09/06 12:41:17.550, GPU-59ee7ef9-898f-524a-dde1-7a0426a41ecb, Tesla V100-PCIE-16GB, 0, 0, 135, 877, 23.24, 250.00, 29
2026/09/06 12:41:18.053, GPU-59ee7ef9-898f-524a-dde1-7a0426a41ecb, Tesla V100-PCIE-16GB, 0, 0, 135, 877, 23.24, 250.00, 28
2026/09/06 12:41:18.556, GPU-59ee7ef9-898f-524a-dde1-7a0426a41ecb, Tesla V100-PCIE-16GB, 0, 0, 135, 877, 23.24, 250.00, 28
2026/09/06 12:41:19.060, GPU-59ee7ef9-898f-524a-dde1-7a0426a41ecb, Tesla V100-PCIE-16GB, 0, 0, 135, 877, 23.24, 250.00, 28
2026/09/06 12:41:19.562, GPU-59ee7ef9-898f-524a-dde1-7a0426a41ecb, Tesla V100-PCIE-16GB, 0, 0, 135, 877, 23.24, 250.00, 28
2026/09/06 12:41:20.065, GPU-59ee7ef9-898f-524a-dde1-7a0426a41ecb, Tesla V100-PCIE-16GB, 0, 0, 135, 877, 23.24, 250.00, 28
2026/09/06 12:41:20.568, GPU-59ee7ef9-898f-524a-dde1-7a0426a41ecb, Tesla V100-PCIE-16GB, 0, 0, 135, 877, 23.24, 250.00, 28
2026/09/06 12:41:21.071, GPU-59ee7ef9-898f-524a-dde1-7a0426a41ecb, Tesla V100-PCIE-16GB, 0, 0, 135, 877, 23.24, 250.00, 28
2026/09/06 12:41:21.586, GPU-59ee7ef9-898f-524a-dde1-7a0426a41ecb, Tesla V100-PCIE-16GB, 0, 0, 135, 877, 23.34, 250.00, 28
2026/09/06 12:41:22.089, GPU-59ee7ef9-898f-524a-dde1-7a0426a41ecb, Tesla V100-PCIE-16GB, 0, 0, 135, 877, 23.24, 250.00, 28
2026/09/06 12:41:22.592, GPU-59ee7ef9-898f-524a-dde1-7a0426a41ecb, Tesla V100-PCIE-16GB, 0, 0, 135, 877, 23.24, 250.00, 28
2026/09/06 12:41:23.095, GPU-59ee7ef9-898f-524a-dde1-7a0426a41ecb, Tesla V100-PCIE-16GB, 0, 0, 135, 877, 23.24, 250.00, 28
2026/09/06 12:41:23.598, GPU-59ee7ef9-898f-524a-dde1-7a0426a41ecb, Tesla V100-PCIE-16GB, 0, 0, 135, 877, 23.24, 250.00, 28
2026/09/06 12:41:24.101, GPU-59ee7ef9-898f-524a-dde1-7a0426a41ecb, Tesla V100-PCIE-16GB, 0, 0, 135, 877, 23.24, 250.00, 28
2026/09/06 12:41:24.604, GPU-59ee7ef9-898f-524a-dde1-7a0426a41ecb, Tesla V100-PCIE-16GB, 0, 0, 135, 877, 23.24, 250.00, 28
2026/09/06 12:41:25.107, GPU-59ee7ef9-898f-524a-dde1-7a0426a41ecb, Tesla V100-PCIE-16GB, 0, 0, 135, 877, 23.24, 250.00, 28
2026/09/06 12:41:25.610, GPU-59ee7ef9-898f-524a-dde1-7a0426a41ecb, Tesla V100-PCIE-16GB, 0, 0, 135, 877, 23.24, 250.00, 28
2026/09/06 12:41:26.113, GPU-59ee7ef9-898f-524a-dde1-7a0426a41ecb, Tesla V100-PCIE-16GB, 0, 0, 135, 877, 23.25, 250.00, 28
2026/09/06 12:41:26.617, GPU-59ee7ef9-898f-524a-dde1-7a0426a41ecb, Tesla V100-PCIE-16GB, 0, 0, 135, 877, 23.24, 250.00, 28
2026/09/06 12:41:27.122, GPU-59ee7ef9-898f-524a-dde1-7a0426a41ecb, Tesla V100-PCIE-16GB, 0, 0, 135, 877, 23.24, 250.00, 28
2026/09/06 12:41:27.626, GPU-59ee7ef9-898f-524a-dde1-7a0426a41ecb, Tesla V100-PCIE-16GB, 0, 0, 135, 877, 23.24, 250.00, 28
2026/09/06 12:41:28.131, GPU-59ee7ef9-898f-524a-dde1-7a0426a41ecb, Tesla V100-PCIE-16GB, 0, 0, 135, 877, 23.24, 250.00, 28
2026/09/06 12:41:28.635, GPU-59ee7ef9-898f-524a-dde1-7a0426a41ecb, Tesla V100-PCIE-16GB, 0, 0, 135, 877, 23.24, 250.00, 28
2026/09/06 12:41:29.140, GPU-59ee7ef9-898f-524a-dde1-7a0426a41ecb, Tesla V100-PCIE-16GB, 0, 0, 135, 877, 23.24, 250.00, 28
2026/09/06 12:41:29.646, GPU-59ee7ef9-898f-524a-dde1-7a0426a41ecb, Tesla V100-PCIE-16GB, 0, 0, 135, 877, 23.24, 250.00, 28
2026/09/06 12:41:30.151, GPU-59ee7ef9-898f-524a-dde1-7a0426a41ecb, Tesla V100-PCIE-16GB, 0, 0, 135, 877, 23.24, 250.00, 28
2026/09/06 12:41:30.658, GPU-59ee7ef9-898f-524a-dde1-7a0426a41ecb, Tesla V100-PCIE-16GB, 0, 0, 135, 877, 23.24, 250.00, 28
2026/09/06 12:41:31.161, GPU-59ee7ef9-898f-524a-dde1-7a0426a41ecb, Tesla V100-PCIE-16GB, 0, 0, 135, 877, 23.24, 250.00, 28
2026/09/06 12:41:31.667, GPU-59ee7ef9-898f-524a-dde1-7a0426a41ecb, Tesla V100-PCIE-16GB, 0, 0, 135, 877, 23.21, 250.00, 28
2026/09/06 12:41:32.173, GPU-59ee7ef9-898f-524a-dde1-7a0426a41ecb, Tesla V100-PCIE-16GB, 0, 0, 135, 877, 23.32, 250.00, 28
2026/09/06 12:41:32.678, GPU-59ee7ef9-898f-524a-dde1-7a0426a41ecb, Tesla V100-PCIE-16GB, 0, 0, 135, 877, 23.23, 250.00, 28
2026/09/06 12:41:33.183, GPU-59ee7ef9-898f-524a-dde1-7a0426a41ecb, Tesla V100-PCIE-16GB, 0, 0, 135, 877, 23.24, 250.00, 28
2026/09/06 12:41:33.687, GPU-59ee7ef9-898f-524a-dde1-7a0426a41ecb, Tesla V100-PCIE-16GB, 0, 0, 135, 877, 23.24, 250.00, 28
2026/09/06 12:41:34.191, GPU-59ee7ef9-898f-524a-dde1-7a0426a41ecb, Tesla V100-PCIE-16GB, 0, 0, 135, 877, 23.24, 250.00, 28
2026/09/06 12:41:34.694, GPU-59ee7ef9-898f-524a-dde1-7a0426a41ecb, Tesla V100-PCIE-16GB, 0, 0, 135, 877, 23.24, 250.00, 28
2026/09/06 12:41:35.198, GPU-59ee7ef9-898f-524a-dde1-7a0426a41ecb, Tesla V100-PCIE-16GB, 0, 0, 135, 877, 23.24, 250.00, 28
2026/09/06 12:41:35.712, GPU-59ee7ef9-898f-524a-dde1-7a0426a41ecb, Tesla V100-PCIE-16GB, 0, 0, 135, 877, 23.24, 250.00, 28
2026/09/06 12:41:36.215, GPU-59ee7ef9-898f-524a-dde1-7a0426a41ecb, Tesla V100-PCIE-16GB, 0, 0, 135, 877, 23.24, 250.00, 28
2026/09/06 12:41:36.718, GPU-59ee7ef9-898f-524a-dde1-7a0426a41ecb, Tesla V100-PCIE-16GB, 0, 0, 135, 877, 23.24, 250.00, 28
2026/09/06 12:41:37.221, GPU-59ee7ef9-898f-524a-dde1-7a0426a41ecb, Tesla V100-PCIE-16GB, 0, 0, 135, 877, 23.33, 250.00, 28
2026/09/06 12:41:37.724, GPU-59ee7ef9-898f-524a-dde1-7a0426a41ecb, Tesla V100-PCIE-16GB, 0, 0, 135, 877, 23.24, 250.00, 28
2026/09/06 12:41:38.238, GPU-59ee7ef9-898f-524a-dde1-7a0426a41ecb, Tesla V100-PCIE-16GB, 0, 0, 135, 877, 23.24, 250.00, 28
2026/09/06 12:41:38.741, GPU-59ee7ef9-898f-524a-dde1-7a0426a41ecb, Tesla V100-PCIE-16GB, 0, 4, 135, 877, 23.23, 250.00, 28
2026/09/06 12:41:39.244, GPU-59ee7ef9-898f-524a-dde1-7a0426a41ecb, Tesla V100-PCIE-16GB, 0, 0, 135, 877, 23.23, 250.00, 28
2026/09/06 12:41:39.748, GPU-59ee7ef9-898f-524a-dde1-7a0426a41ecb, Tesla V100-PCIE-16GB, 0, 0, 135, 877, 23.24, 250.00, 28
2026/09/06 12:41:40.264, GPU-59ee7ef9-898f-524a-dde1-7a0426a41ecb, Tesla V100-PCIE-16GB, 0, 0, 135, 877, 23.24, 250.00, 28
2026/09/06 12:41:40.767, GPU-59ee7ef9-898f-524a-dde1-7a0426a41ecb, Tesla V100-PCIE-16GB, 0, 0, 135, 877, 23.14, 250.00, 28
2026/09/06 12:41:41.270, GPU-59ee7ef9-898f-524a-dde1-7a0426a41ecb, Tesla V100-PCIE-16GB, 0, 2, 135, 877, 23.24, 250.00, 28
2026/09/06 12:41:41.773, GPU-59ee7ef9-898f-524a-dde1-7a0426a41ecb, Tesla V100-PCIE-16GB, 0, 0, 135, 877, 23.24, 250.00, 28
2026/09/06 12:41:42.288, GPU-59ee7ef9-898f-524a-dde1-7a0426a41ecb, Tesla V100-PCIE-16GB, 0, 0, 135, 877, 23.24, 250.00, 28
2026/09/06 12:41:42.791, GPU-59ee7ef9-898f-524a-dde1-7a0426a41ecb, Tesla V100-PCIE-16GB, 0, 0, 135, 877, 23.23, 250.00, 28
2026/09/06 12:41:43.294, GPU-59ee7ef9-898f-524a-dde1-7a0426a41ecb, Tesla V100-PCIE-16GB, 0, 4, 135, 877, 23.24, 250.00, 28
2026/09/06 12:41:43.797, GPU-59ee7ef9-898f-524a-dde1-7a0426a41ecb, Tesla V100-PCIE-16GB, 0, 4, 135, 877, 23.24, 250.00, 28
2026/09/06 12:41:44.300, GPU-59ee7ef9-898f-524a-dde1-7a0426a41ecb, Tesla V100-PCIE-16GB, 0, 4, 135, 877, 23.25, 250.00, 28
2026/09/06 12:41:44.814, GPU-59ee7ef9-898f-524a-dde1-7a0426a41ecb, Tesla V100-PCIE-16GB, 0, 4, 135, 877, 23.24, 250.00, 28
2026/09/06 12:41:45.318, GPU-59ee7ef9-898f-524a-dde1-7a0426a41ecb, Tesla V100-PCIE-16GB, 0, 4, 135, 877, 23.25, 250.00, 28
2026/09/06 12:41:45.821, GPU-59ee7ef9-898f-524a-dde1-7a0426a41ecb, Tesla V100-PCIE-16GB, 0, 4, 135, 877, 23.25, 250.00, 28
2026/09/06 12:41:46.324, GPU-59ee7ef9-898f-524a-dde1-7a0426a41ecb, Tesla V100-PCIE-16GB, 0, 4, 135, 877, 23.24, 250.00, 28
2026/09/06 12:41:46.839, GPU-59ee7ef9-898f-524a-dde1-7a0426a41ecb, Tesla V100-PCIE-16GB, 0, 4, 135, 877, 23.25, 250.00, 28
2026/09/06 12:41:47.343, GPU-59ee7ef9-898f-524a-dde1-7a0426a41ecb, Tesla V100-PCIE-16GB, 0, 4, 135, 877, 23.25, 250.00, 28
2026/09/06 12:41:47.846, GPU-59ee7ef9-898f-524a-dde1-7a0426a41ecb, Tesla V100-PCIE-16GB, 0, 4, 135, 877, 23.25, 250.00, 28
2026/09/06 12:41:48.349, GPU-59ee7ef9-898f-524a-dde1-7a0426a41ecb, Tesla V100-PCIE-16GB, 0, 4, 135, 877, 23.24, 250.00, 28
2026/09/06 12:41:48.863, GPU-59ee7ef9-898f-524a-dde1-7a0426a41ecb, Tesla V100-PCIE-16GB, 0, 4, 135, 877, 23.25, 250.00, 28
2026/09/06 12:41:49.366, GPU-59ee7ef9-898f-524a-dde1-7a0426a41ecb, Tesla V100-PCIE-16GB, 0, 4, 135, 877, 23.24, 250.00, 28
2026/09/06 12:41:49.869, GPU-59ee7ef9-898f-524a-dde1-7a0426a41ecb, Tesla V100-PCIE-16GB, 0, 4, 135, 877, 23.25, 250.00, 28
2026/09/06 12:41:50.372, GPU-59ee7ef9-898f-524a-dde1-7a0426a41ecb, Tesla V100-PCIE-16GB, 0, 4, 135, 877, 23.24, 250.00, 28
2026/09/06 12:41:50.875, GPU-59ee7ef9-898f-524a-dde1-7a0426a41ecb, Tesla V100-PCIE-16GB, 0, 4, 135, 877, 23.23, 250.00, 28
2026/09/06 12:41:51.387, GPU-59ee7ef9-898f-524a-dde1-7a0426a41ecb, Tesla V100-PCIE-16GB, 0, 4, 135, 877, 23.24, 250.00, 28
2026/09/06 12:41:51.891, GPU-59ee7ef9-898f-524a-dde1-7a0426a41ecb, Tesla V100-PCIE-16GB, 0, 4, 135, 877, 23.23, 250.00, 28
2026/09/06 12:41:52.394, GPU-59ee7ef9-898f-524a-dde1-7a0426a41ecb, Tesla V100-PCIE-16GB, 0, 4, 135, 877, 23.23, 250.00, 28
2026/09/06 12:41:52.897, GPU-59ee7ef9-898f-524a-dde1-7a0426a41ecb, Tesla V100-PCIE-16GB, 0, 4, 135, 877, 23.32, 250.00, 28
2026/09/06 12:41:53.400, GPU-59ee7ef9-898f-524a-dde1-7a0426a41ecb, Tesla V100-PCIE-16GB, 0, 4, 135, 877, 23.13, 250.00, 28
2026/09/06 12:41:53.913, GPU-59ee7ef9-898f-524a-dde1-7a0426a41ecb, Tesla V100-PCIE-16GB, 0, 4, 135, 877, 23.32, 250.00, 28
2026/09/06 12:41:54.417, GPU-59ee7ef9-898f-524a-dde1-7a0426a41ecb, Tesla V100-PCIE-16GB, 0, 4, 135, 877, 23.22, 250.00, 28
2026/09/06 12:41:54.920, GPU-59ee7ef9-898f-524a-dde1-7a0426a41ecb, Tesla V100-PCIE-16GB, 0, 4, 135, 877, 23.22, 250.00, 28
2026/09/06 12:41:55.427, GPU-59ee7ef9-898f-524a-dde1-7a0426a41ecb, Tesla V100-PCIE-16GB, 0, 4, 135, 877, 23.22, 250.00, 28
2026/09/06 12:41:55.939, GPU-59ee7ef9-898f-524a-dde1-7a0426a41ecb, Tesla V100-PCIE-16GB, 0, 4, 135, 877, 23.32, 250.00, 28
2026/09/06 12:41:56.442, GPU-59ee7ef9-898f-524a-dde1-7a0426a41ecb, Tesla V100-PCIE-16GB, 0, 4, 135, 877, 23.23, 250.00, 28
2026/09/06 12:41:56.945, GPU-59ee7ef9-898f-524a-dde1-7a0426a41ecb, Tesla V100-PCIE-16GB, 0, 4, 135, 877, 23.22, 250.00, 28
2026/09/06 12:41:57.449, GPU-59ee7ef9-898f-524a-dde1-7a0426a41ecb, Tesla V100-PCIE-16GB, 0, 4, 135, 877, 23.21, 250.00, 28
2026/09/06 12:41:57.952, GPU-59ee7ef9-898f-524a-dde1-7a0426a41ecb, Tesla V100-PCIE-16GB, 0, 4, 135, 877, 23.10, 250.00, 28
2026/09/06 12:41:58.466, GPU-59ee7ef9-898f-524a-dde1-7a0426a41ecb, Tesla V100-PCIE-16GB, 0, 4, 135, 877, 23.13, 250.00, 28
2026/09/06 12:41:58.969, GPU-59ee7ef9-898f-524a-dde1-7a0426a41ecb, Tesla V100-PCIE-16GB, 0, 4, 135, 877, 23.23, 250.00, 28
2026/09/06 12:41:59.472, GPU-59ee7ef9-898f-524a-dde1-7a0426a41ecb, Tesla V100-PCIE-16GB, 0, 4, 135, 877, 23.23, 250.00, 28
2026/09/06 12:41:59.975, GPU-59ee7ef9-898f-524a-dde1-7a0426a41ecb, Tesla V100-PCIE-16GB, 0, 4, 135, 877, 23.23, 250.00, 28
2026/09/06 12:42:00.489, GPU-59ee7ef9-898f-524a-dde1-7a0426a41ecb, Tesla V100-PCIE-16GB, 0, 4, 135, 877, 23.23, 250.00, 28
2026/09/06 12:42:00.992, GPU-59ee7ef9-898f-524a-dde1-7a0426a41ecb, Tesla V100-PCIE-16GB, 0, 4, 135, 877, 23.23, 250.00, 28
2026/09/06 12:42:01.495, GPU-59ee7ef9-898f-524a-dde1-7a0426a41ecb, Tesla V100-PCIE-16GB, 0, 4, 135, 877, 23.23, 250.00, 28
2026/09/06 12:42:01.999, GPU-59ee7ef9-898f-524a-dde1-7a0426a41ecb, Tesla V100-PCIE-16GB, 0, 4, 135, 877, 23.23, 250.00, 28
2026/09/06 12:42:02.502, GPU-59ee7ef9-898f-524a-dde1-7a0426a41ecb, Tesla V100-PCIE-16GB, 0, 4, 135, 877, 23.13, 250.00, 28
2026/09/06 12:42:03.005, GPU-59ee7ef9-898f-524a-dde1-7a0426a41ecb, Tesla V100-PCIE-16GB, 0, 4, 135, 877, 23.13, 250.00, 28
2026/09/06 12:42:03.517, GPU-59ee7ef9-898f-524a-dde1-7a0426a41ecb, Tesla V100-PCIE-16GB, 0, 4, 135, 877, 23.23, 250.00, 28
2026/09/06 12:42:04.021, GPU-59ee7ef9-898f-524a-dde1-7a0426a41ecb, Tesla V100-PCIE-16GB, 0, 4, 135, 877, 23.23, 250.00, 28
2026/09/06 12:42:04.524, GPU-59ee7ef9-898f-524a-dde1-7a0426a41ecb, Tesla V100-PCIE-16GB, 0, 4, 135, 877, 23.23, 250.00, 28
2026/09/06 12:42:05.027, GPU-59ee7ef9-898f-524a-dde1-7a0426a41ecb, Tesla V100-PCIE-16GB, 0, 4, 135, 877, 23.23, 250.00, 28
2026/09/06 12:42:05.530, GPU-59ee7ef9-898f-524a-dde1-7a0426a41ecb, Tesla V100-PCIE-16GB, 0, 4, 135, 877, 23.23, 250.00, 28
2026/09/06 12:42:06.033, GPU-59ee7ef9-898f-524a-dde1-7a0426a41ecb, Tesla V100-PCIE-16GB, 0, 4, 135, 877, 23.13, 250.00, 28
2026/09/06 12:42:06.536, GPU-59ee7ef9-898f-524a-dde1-7a0426a41ecb, Tesla V100-PCIE-16GB, 0, 4, 135, 877, 23.23, 250.00, 28
2026/09/06 12:42:07.039, GPU-59ee7ef9-898f-524a-dde1-7a0426a41ecb, Tesla V100-PCIE-16GB, 0, 4, 135, 877, 23.13, 250.00, 28
2026/09/06 12:42:07.542, GPU-59ee7ef9-898f-524a-dde1-7a0426a41ecb, Tesla V100-PCIE-16GB, 0, 4, 135, 877, 23.23, 250.00, 28
2026/09/06 12:42:08.045, GPU-59ee7ef9-898f-524a-dde1-7a0426a41ecb, Tesla V100-PCIE-16GB, 0, 4, 135, 877, 23.13, 250.00, 28
2026/09/06 12:42:08.548, GPU-59ee7ef9-898f-524a-dde1-7a0426a41ecb, Tesla V100-PCIE-16GB, 0, 4, 135, 877, 23.13, 250.00, 28
2026/09/06 12:42:09.051, GPU-59ee7ef9-898f-524a-dde1-7a0426a41ecb, Tesla V100-PCIE-16GB, 0, 4, 135, 877, 23.12, 250.00, 28
2026/09/06 12:42:09.554, GPU-59ee7ef9-898f-524a-dde1-7a0426a41ecb, Tesla V100-PCIE-16GB, 0, 4, 135, 877, 23.23, 250.00, 28
2026/09/06 12:42:10.070, GPU-59ee7ef9-898f-524a-dde1-7a0426a41ecb, Tesla V100-PCIE-16GB, 0, 4, 135, 877, 23.23, 250.00, 28
2026/09/06 12:42:10.573, GPU-59ee7ef9-898f-524a-dde1-7a0426a41ecb, Tesla V100-PCIE-16GB, 0, 4, 135, 877, 23.21, 250.00, 28
2026/09/06 12:42:11.076, GPU-59ee7ef9-898f-524a-dde1-7a0426a41ecb, Tesla V100-PCIE-16GB, 0, 4, 135, 877, 23.13, 250.00, 28
2026/09/06 12:42:11.579, GPU-59ee7ef9-898f-524a-dde1-7a0426a41ecb, Tesla V100-PCIE-16GB, 0, 4, 135, 877, 23.23, 250.00, 28
2026/09/06 12:42:12.082, GPU-59ee7ef9-898f-524a-dde1-7a0426a41ecb, Tesla V100-PCIE-16GB, 0, 4, 135, 877, 23.23, 250.00, 28
2026/09/06 12:42:12.585, GPU-59ee7ef9-898f-524a-dde1-7a0426a41ecb, Tesla V100-PCIE-16GB, 0, 4, 135, 877, 23.23, 250.00, 28
2026/09/06 12:42:13.088, GPU-59ee7ef9-898f-524a-dde1-7a0426a41ecb, Tesla V100-PCIE-16GB, 0, 4, 135, 877, 23.14, 250.00, 28
2026/09/06 12:42:13.591, GPU-59ee7ef9-898f-524a-dde1-7a0426a41ecb, Tesla V100-PCIE-16GB, 0, 4, 135, 877, 23.23, 250.00, 28
2026/09/06 12:42:14.094, GPU-59ee7ef9-898f-524a-dde1-7a0426a41ecb, Tesla V100-PCIE-16GB, 0, 4, 135, 877, 23.23, 250.00, 28
2026/09/06 12:42:14.597, GPU-59ee7ef9-898f-524a-dde1-7a0426a41ecb, Tesla V100-PCIE-16GB, 0, 4, 135, 877, 23.23, 250.00, 28
2026/09/06 12:42:15.100, GPU-59ee7ef9-898f-524a-dde1-7a0426a41ecb, Tesla V100-PCIE-16GB, 0, 4, 135, 877, 23.23, 250.00, 28
2026/09/06 12:42:15.603, GPU-59ee7ef9-898f-524a-dde1-7a0426a41ecb, Tesla V100-PCIE-16GB, 0, 4, 135, 877, 23.23, 250.00, 28
2026/09/06 12:42:16.118, GPU-59ee7ef9-898f-524a-dde1-7a0426a41ecb, Tesla V100-PCIE-16GB, 0, 4, 135, 877, 23.24, 250.00, 28
2026/09/06 12:42:16.621, GPU-59ee7ef9-898f-524a-dde1-7a0426a41ecb, Tesla V100-PCIE-16GB, 0, 4, 135, 877, 23.24, 250.00, 28
2026/09/06 12:42:17.124, GPU-59ee7ef9-898f-524a-dde1-7a0426a41ecb, Tesla V100-PCIE-16GB, 0, 4, 135, 877, 23.24, 250.00, 28
2026/09/06 12:42:17.628, GPU-59ee7ef9-898f-524a-dde1-7a0426a41ecb, Tesla V100-PCIE-16GB, 0, 4, 135, 877, 23.12, 250.00, 28
2026/09/06 12:42:18.131, GPU-59ee7ef9-898f-524a-dde1-7a0426a41ecb, Tesla V100-PCIE-16GB, 0, 4, 135, 877, 23.23, 250.00, 28
2026/09/06 12:42:18.634, GPU-59ee7ef9-898f-524a-dde1-7a0426a41ecb, Tesla V100-PCIE-16GB, 0, 4, 135, 877, 23.13, 250.00, 28
2026/09/06 12:42:19.137, GPU-59ee7ef9-898f-524a-dde1-7a0426a41ecb, Tesla V100-PCIE-16GB, 0, 4, 135, 877, 23.23, 250.00, 28
2026/09/06 12:42:19.639, GPU-59ee7ef9-898f-524a-dde1-7a0426a41ecb, Tesla V100-PCIE-16GB, 0, 4, 135, 877, 23.15, 250.00, 28
2026/09/06 12:42:20.142, GPU-59ee7ef9-898f-524a-dde1-7a0426a41ecb, Tesla V100-PCIE-16GB, 0, 4, 135, 877, 23.15, 250.00, 28
2026/09/06 12:42:20.646, GPU-59ee7ef9-898f-524a-dde1-7a0426a41ecb, Tesla V100-PCIE-16GB, 0, 4, 135, 877, 23.24, 250.00, 28
2026/09/06 12:42:21.149, GPU-59ee7ef9-898f-524a-dde1-7a0426a41ecb, Tesla V100-PCIE-16GB, 0, 4, 135, 877, 23.24, 250.00, 28
2026/09/06 12:42:21.664, GPU-59ee7ef9-898f-524a-dde1-7a0426a41ecb, Tesla V100-PCIE-16GB, 0, 4, 135, 877, 23.15, 250.00, 28
2026/09/06 12:42:22.167, GPU-59ee7ef9-898f-524a-dde1-7a0426a41ecb, Tesla V100-PCIE-16GB, 0, 4, 135, 877, 23.15, 250.00, 28
2026/09/06 12:42:22.670, GPU-59ee7ef9-898f-524a-dde1-7a0426a41ecb, Tesla V100-PCIE-16GB, 0, 4, 135, 877, 23.24, 250.00, 28
2026/09/06 12:42:23.173, GPU-59ee7ef9-898f-524a-dde1-7a0426a41ecb, Tesla V100-PCIE-16GB, 0, 4, 135, 877, 23.15, 250.00, 28
2026/09/06 12:42:23.677, GPU-59ee7ef9-898f-524a-dde1-7a0426a41ecb, Tesla V100-PCIE-16GB, 0, 4, 135, 877, 23.13, 250.00, 28
2026/09/06 12:42:24.180, GPU-59ee7ef9-898f-524a-dde1-7a0426a41ecb, Tesla V100-PCIE-16GB, 0, 4, 135, 877, 23.24, 250.00, 28
2026/09/06 12:42:24.683, GPU-59ee7ef9-898f-524a-dde1-7a0426a41ecb, Tesla V100-PCIE-16GB, 0, 4, 135, 877, 23.24, 250.00, 28
2026/09/06 12:42:25.186, GPU-59ee7ef9-898f-524a-dde1-7a0426a41ecb, Tesla V100-PCIE-16GB, 0, 4, 135, 877, 23.24, 250.00, 28
2026/09/06 12:42:25.689, GPU-59ee7ef9-898f-524a-dde1-7a0426a41ecb, Tesla V100-PCIE-16GB, 0, 4, 135, 877, 23.24, 250.00, 28
2026/09/06 12:42:26.204, GPU-59ee7ef9-898f-524a-dde1-7a0426a41ecb, Tesla V100-PCIE-16GB, 0, 4, 135, 877, 23.24, 250.00, 28
2026/09/06 12:42:26.707, GPU-59ee7ef9-898f-524a-dde1-7a0426a41ecb, Tesla V100-PCIE-16GB, 0, 4, 135, 877, 23.24, 250.00, 28
2026/09/06 12:42:27.210, GPU-59ee7ef9-898f-524a-dde1-7a0426a41ecb, Tesla V100-PCIE-16GB, 0, 4, 135, 877, 23.15, 250.00, 28
2026/09/06 12:42:27.713, GPU-59ee7ef9-898f-524a-dde1-7a0426a41ecb, Tesla V100-PCIE-16GB, 0, 4, 135, 877, 23.24, 250.00, 28
2026/09/06 12:42:28.216, GPU-59ee7ef9-898f-524a-dde1-7a0426a41ecb, Tesla V100-PCIE-16GB, 0, 4, 135, 877, 23.15, 250.00, 28
2026/09/06 12:42:28.719, GPU-59ee7ef9-898f-524a-dde1-7a0426a41ecb, Tesla V100-PCIE-16GB, 0, 4, 135, 877, 23.15, 250.00, 28
2026/09/06 12:42:29.222, GPU-59ee7ef9-898f-524a-dde1-7a0426a41ecb, Tesla V100-PCIE-16GB, 0, 4, 135, 877, 23.24, 250.00, 28
2026/09/06 12:42:29.725, GPU-59ee7ef9-898f-524a-dde1-7a0426a41ecb, Tesla V100-PCIE-16GB, 0, 4, 135, 877, 23.15, 250.00, 28
2026/09/06 12:42:30.228, GPU-59ee7ef9-898f-524a-dde1-7a0426a41ecb, Tesla V100-PCIE-16GB, 0, 4, 135, 877, 23.15, 250.00, 28
2026/09/06 12:42:30.743, GPU-59ee7ef9-898f-524a-dde1-7a0426a41ecb, Tesla V100-PCIE-16GB, 0, 4, 135, 877, 23.24, 250.00, 28
2026/09/06 12:42:31.246, GPU-59ee7ef9-898f-524a-dde1-7a0426a41ecb, Tesla V100-PCIE-16GB, 0, 4, 135, 877, 23.15, 250.00, 28
2026/09/06 12:42:31.749, GPU-59ee7ef9-898f-524a-dde1-7a0426a41ecb, Tesla V100-PCIE-16GB, 0, 4, 135, 877, 23.15, 250.00, 28
2026/09/06 12:42:32.252, GPU-59ee7ef9-898f-524a-dde1-7a0426a41ecb, Tesla V100-PCIE-16GB, 0, 4, 135, 877, 23.24, 250.00, 28
2026/09/06 12:42:32.755, GPU-59ee7ef9-898f-524a-dde1-7a0426a41ecb, Tesla V100-PCIE-16GB, 0, 4, 135, 877, 23.15, 250.00, 28
2026/09/06 12:42:33.259, GPU-59ee7ef9-898f-524a-dde1-7a0426a41ecb, Tesla V100-PCIE-16GB, 0, 4, 135, 877, 23.24, 250.00, 28
2026/09/06 12:42:33.764, GPU-59ee7ef9-898f-524a-dde1-7a0426a41ecb, Tesla V100-PCIE-16GB, 0, 4, 135, 877, 23.24, 250.00, 28
2026/09/06 12:42:34.269, GPU-59ee7ef9-898f-524a-dde1-7a0426a41ecb, Tesla V100-PCIE-16GB, 0, 4, 135, 877, 23.15, 250.00, 28
2026/09/06 12:42:34.775, GPU-59ee7ef9-898f-524a-dde1-7a0426a41ecb, Tesla V100-PCIE-16GB, 0, 4, 135, 877, 23.24, 250.00, 28
2026/09/06 12:42:35.280, GPU-59ee7ef9-898f-524a-dde1-7a0426a41ecb, Tesla V100-PCIE-16GB, 0, 4, 135, 877, 23.24, 250.00, 28
2026/09/06 12:42:35.784, GPU-59ee7ef9-898f-524a-dde1-7a0426a41ecb, Tesla V100-PCIE-16GB, 0, 4, 135, 877, 23.24, 250.00, 28
2026/09/06 12:42:36.289, GPU-59ee7ef9-898f-524a-dde1-7a0426a41ecb, Tesla V100-PCIE-16GB, 0, 4, 135, 877, 23.24, 250.00, 28
2026/09/06 12:42:36.793, GPU-59ee7ef9-898f-524a-dde1-7a0426a41ecb, Tesla V100-PCIE-16GB, 0, 4, 135, 877, 23.24, 250.00, 28
2026/09/06 12:42:37.299, GPU-59ee7ef9-898f-524a-dde1-7a0426a41ecb, Tesla V100-PCIE-16GB, 0, 4, 135, 877, 23.24, 250.00, 28
2026/09/06 12:42:37.802, GPU-59ee7ef9-898f-524a-dde1-7a0426a41ecb, Tesla V100-PCIE-16GB, 0, 4, 135, 877, 23.15, 250.00, 28
2026/09/06 12:42:38.305, GPU-59ee7ef9-898f-524a-dde1-7a0426a41ecb, Tesla V100-PCIE-16GB, 0, 4, 135, 877, 23.15, 250.00, 28
2026/09/06 12:42:38.810, GPU-59ee7ef9-898f-524a-dde1-7a0426a41ecb, Tesla V100-PCIE-16GB, 0, 4, 135, 877, 23.24, 250.00, 28
2026/09/06 12:42:39.316, GPU-59ee7ef9-898f-524a-dde1-7a0426a41ecb, Tesla V100-PCIE-16GB, 0, 4, 135, 877, 23.24, 250.00, 28
2026/09/06 12:42:39.822, GPU-59ee7ef9-898f-524a-dde1-7a0426a41ecb, Tesla V100-PCIE-16GB, 0, 4, 135, 877, 23.24, 250.00, 28
2026/09/06 12:42:40.326, GPU-59ee7ef9-898f-524a-dde1-7a0426a41ecb, Tesla V100-PCIE-16GB, 0, 4, 135, 877, 23.14, 250.00, 28
2026/09/06 12:42:40.829, GPU-59ee7ef9-898f-524a-dde1-7a0426a41ecb, Tesla V100-PCIE-16GB, 0, 4, 135, 877, 23.15, 250.00, 28
2026/09/06 12:42:41.332, GPU-59ee7ef9-898f-524a-dde1-7a0426a41ecb, Tesla V100-PCIE-16GB, 0, 4, 135, 877, 23.24, 250.00, 28
2026/09/06 12:42:41.835, GPU-59ee7ef9-898f-524a-dde1-7a0426a41ecb, Tesla V100-PCIE-16GB, 0, 4, 135, 877, 23.24, 250.00, 28
2026/09/06 12:42:42.338, GPU-59ee7ef9-898f-524a-dde1-7a0426a41ecb, Tesla V100-PCIE-16GB, 0, 4, 135, 877, 23.24, 250.00, 28
2026/09/06 12:42:42.841, GPU-59ee7ef9-898f-524a-dde1-7a0426a41ecb, Tesla V100-PCIE-16GB, 0, 4, 135, 877, 23.23, 250.00, 28
2026/09/06 12:42:43.354, GPU-59ee7ef9-898f-524a-dde1-7a0426a41ecb, Tesla V100-PCIE-16GB, 0, 4, 135, 877, 23.24, 250.00, 28
2026/09/06 12:42:43.857, GPU-59ee7ef9-898f-524a-dde1-7a0426a41ecb, Tesla V100-PCIE-16GB, 0, 4, 135, 877, 23.23, 250.00, 28
2026/09/06 12:42:44.361, GPU-59ee7ef9-898f-524a-dde1-7a0426a41ecb, Tesla V100-PCIE-16GB, 0, 4, 135, 877, 23.24, 250.00, 28
2026/09/06 12:42:44.865, GPU-59ee7ef9-898f-524a-dde1-7a0426a41ecb, Tesla V100-PCIE-16GB, 0, 4, 135, 877, 23.24, 250.00, 28
2026/09/06 12:42:45.368, GPU-59ee7ef9-898f-524a-dde1-7a0426a41ecb, Tesla V100-PCIE-16GB, 0, 4, 135, 877, 23.24, 250.00, 28
2026/09/06 12:42:45.881, GPU-59ee7ef9-898f-524a-dde1-7a0426a41ecb, Tesla V100-PCIE-16GB, 0, 4, 135, 877, 23.24, 250.00, 28
2026/09/06 12:42:46.384, GPU-59ee7ef9-898f-524a-dde1-7a0426a41ecb, Tesla V100-PCIE-16GB, 0, 4, 135, 877, 23.24, 250.00, 28
2026/09/06 12:42:46.887, GPU-59ee7ef9-898f-524a-dde1-7a0426a41ecb, Tesla V100-PCIE-16GB, 0, 4, 135, 877, 23.15, 250.00, 28
2026/09/06 12:42:47.390, GPU-59ee7ef9-898f-524a-dde1-7a0426a41ecb, Tesla V100-PCIE-16GB, 0, 4, 135, 877, 23.24, 250.00, 28
2026/09/06 12:42:47.893, GPU-59ee7ef9-898f-524a-dde1-7a0426a41ecb, Tesla V100-PCIE-16GB, 0, 4, 135, 877, 23.24, 250.00, 28
2026/09/06 12:42:48.407, GPU-59ee7ef9-898f-524a-dde1-7a0426a41ecb, Tesla V100-PCIE-16GB, 0, 4, 135, 877, 23.25, 250.00, 28
2026/09/06 12:42:48.911, GPU-59ee7ef9-898f-524a-dde1-7a0426a41ecb, Tesla V100-PCIE-16GB, 0, 4, 135, 877, 23.25, 250.00, 28
2026/09/06 12:42:49.414, GPU-59ee7ef9-898f-524a-dde1-7a0426a41ecb, Tesla V100-PCIE-16GB, 0, 4, 135, 877, 23.25, 250.00, 28
2026/09/06 12:42:49.917, GPU-59ee7ef9-898f-524a-dde1-7a0426a41ecb, Tesla V100-PCIE-16GB, 0, 4, 135, 877, 23.25, 250.00, 28
2026/09/06 12:42:50.420, GPU-59ee7ef9-898f-524a-dde1-7a0426a41ecb, Tesla V100-PCIE-16GB, 0, 4, 135, 877, 23.25, 250.00, 28
2026/09/06 12:42:50.923, GPU-59ee7ef9-898f-524a-dde1-7a0426a41ecb, Tesla V100-PCIE-16GB, 0, 4, 135, 877, 23.25, 250.00, 28
2026/09/06 12:42:51.437, GPU-59ee7ef9-898f-524a-dde1-7a0426a41ecb, Tesla V100-PCIE-16GB, 0, 4, 135, 877, 23.15, 250.00, 28
2026/09/06 12:42:51.940, GPU-59ee7ef9-898f-524a-dde1-7a0426a41ecb, Tesla V100-PCIE-16GB, 0, 4, 135, 877, 23.15, 250.00, 28
2026/09/06 12:42:52.443, GPU-59ee7ef9-898f-524a-dde1-7a0426a41ecb, Tesla V100-PCIE-16GB, 0, 4, 135, 877, 23.24, 250.00, 28
2026/09/06 12:42:52.946, GPU-59ee7ef9-898f-524a-dde1-7a0426a41ecb, Tesla V100-PCIE-16GB, 0, 4, 135, 877, 23.15, 250.00, 28
2026/09/06 12:42:53.449, GPU-59ee7ef9-898f-524a-dde1-7a0426a41ecb, Tesla V100-PCIE-16GB, 0, 4, 135, 877, 23.24, 250.00, 28
2026/09/06 12:42:53.963, GPU-59ee7ef9-898f-524a-dde1-7a0426a41ecb, Tesla V100-PCIE-16GB, 0, 4, 135, 877, 23.24, 250.00, 28
2026/09/06 12:42:54.466, GPU-59ee7ef9-898f-524a-dde1-7a0426a41ecb, Tesla V100-PCIE-16GB, 0, 4, 135, 877, 23.24, 250.00, 28
2026/09/06 12:42:54.969, GPU-59ee7ef9-898f-524a-dde1-7a0426a41ecb, Tesla V100-PCIE-16GB, 0, 4, 135, 877, 23.24, 250.00, 28
2026/09/06 12:42:55.472, GPU-59ee7ef9-898f-524a-dde1-7a0426a41ecb, Tesla V100-PCIE-16GB, 0, 4, 135, 877, 23.24, 250.00, 28
2026/09/06 12:42:55.975, GPU-59ee7ef9-898f-524a-dde1-7a0426a41ecb, Tesla V100-PCIE-16GB, 0, 4, 135, 877, 23.24, 250.00, 28
2026/09/06 12:42:56.489, GPU-59ee7ef9-898f-524a-dde1-7a0426a41ecb, Tesla V100-PCIE-16GB, 0, 4, 135, 877, 23.24, 250.00, 28
2026/09/06 12:42:56.993, GPU-59ee7ef9-898f-524a-dde1-7a0426a41ecb, Tesla V100-PCIE-16GB, 0, 4, 135, 877, 23.24, 250.00, 28
2026/09/06 12:42:57.496, GPU-59ee7ef9-898f-524a-dde1-7a0426a41ecb, Tesla V100-PCIE-16GB, 0, 4, 135, 877, 23.24, 250.00, 28
2026/09/06 12:42:57.999, GPU-59ee7ef9-898f-524a-dde1-7a0426a41ecb, Tesla V100-PCIE-16GB, 0, 4, 135, 877, 23.14, 250.00, 28
2026/09/06 12:42:58.501, GPU-59ee7ef9-898f-524a-dde1-7a0426a41ecb, Tesla V100-PCIE-16GB, 0, 4, 135, 877, 23.15, 250.00, 28
2026/09/06 12:42:59.005, GPU-59ee7ef9-898f-524a-dde1-7a0426a41ecb, Tesla V100-PCIE-16GB, 0, 4, 135, 877, 23.15, 250.00, 28
2026/09/06 12:42:59.518, GPU-59ee7ef9-898f-524a-dde1-7a0426a41ecb, Tesla V100-PCIE-16GB, 0, 4, 135, 877, 23.24, 250.00, 28
2026/09/06 12:43:00.021, GPU-59ee7ef9-898f-524a-dde1-7a0426a41ecb, Tesla V100-PCIE-16GB, 0, 4, 135, 877, 23.24, 250.00, 28
2026/09/06 12:43:00.524, GPU-59ee7ef9-898f-524a-dde1-7a0426a41ecb, Tesla V100-PCIE-16GB, 0, 4, 135, 877, 23.24, 250.00, 28
2026/09/06 12:43:01.027, GPU-59ee7ef9-898f-524a-dde1-7a0426a41ecb, Tesla V100-PCIE-16GB, 0, 4, 135, 877, 23.24, 250.00, 28
2026/09/06 12:43:01.530, GPU-59ee7ef9-898f-524a-dde1-7a0426a41ecb, Tesla V100-PCIE-16GB, 0, 4, 135, 877, 23.24, 250.00, 28
2026/09/06 12:43:02.034, GPU-59ee7ef9-898f-524a-dde1-7a0426a41ecb, Tesla V100-PCIE-16GB, 0, 4, 135, 877, 23.24, 250.00, 28
2026/09/06 12:43:02.546, GPU-59ee7ef9-898f-524a-dde1-7a0426a41ecb, Tesla V100-PCIE-16GB, 0, 4, 135, 877, 23.24, 250.00, 28
2026/09/06 12:43:03.049, GPU-59ee7ef9-898f-524a-dde1-7a0426a41ecb, Tesla V100-PCIE-16GB, 0, 4, 135, 877, 23.24, 250.00, 28
2026/09/06 12:43:03.552, GPU-59ee7ef9-898f-524a-dde1-7a0426a41ecb, Tesla V100-PCIE-16GB, 0, 4, 135, 877, 23.24, 250.00, 28
2026/09/06 12:43:04.055, GPU-59ee7ef9-898f-524a-dde1-7a0426a41ecb, Tesla V100-PCIE-16GB, 0, 4, 135, 877, 23.24, 250.00, 28
2026/09/06 12:43:04.558, GPU-59ee7ef9-898f-524a-dde1-7a0426a41ecb, Tesla V100-PCIE-16GB, 0, 4, 135, 877, 23.24, 250.00, 28
2026/09/06 12:43:05.061, GPU-59ee7ef9-898f-524a-dde1-7a0426a41ecb, Tesla V100-PCIE-16GB, 0, 4, 135, 877, 23.24, 250.00, 28
2026/09/06 12:43:05.574, GPU-59ee7ef9-898f-524a-dde1-7a0426a41ecb, Tesla V100-PCIE-16GB, 0, 4, 135, 877, 23.24, 250.00, 28
2026/09/06 12:43:06.077, GPU-59ee7ef9-898f-524a-dde1-7a0426a41ecb, Tesla V100-PCIE-16GB, 0, 4, 135, 877, 23.24, 250.00, 28
2026/09/06 12:43:06.580, GPU-59ee7ef9-898f-524a-dde1-7a0426a41ecb, Tesla V100-PCIE-16GB, 0, 4, 135, 877, 23.15, 250.00, 28
2026/09/06 12:43:07.083, GPU-59ee7ef9-898f-524a-dde1-7a0426a41ecb, Tesla V100-PCIE-16GB, 0, 4, 135, 877, 23.24, 250.00, 28
2026/09/06 12:43:07.586, GPU-59ee7ef9-898f-524a-dde1-7a0426a41ecb, Tesla V100-PCIE-16GB, 0, 4, 135, 877, 23.24, 250.00, 28
2026/09/06 12:43:08.099, GPU-59ee7ef9-898f-524a-dde1-7a0426a41ecb, Tesla V100-PCIE-16GB, 0, 4, 135, 877, 23.24, 250.00, 28
2026/09/06 12:43:08.603, GPU-59ee7ef9-898f-524a-dde1-7a0426a41ecb, Tesla V100-PCIE-16GB, 0, 4, 135, 877, 23.24, 250.00, 28
2026/09/06 12:43:09.106, GPU-59ee7ef9-898f-524a-dde1-7a0426a41ecb, Tesla V100-PCIE-16GB, 0, 4, 135, 877, 23.24, 250.00, 28
2026/09/06 12:43:09.609, GPU-59ee7ef9-898f-524a-dde1-7a0426a41ecb, Tesla V100-PCIE-16GB, 0, 4, 135, 877, 23.24, 250.00, 28
2026/09/06 12:43:10.112, GPU-59ee7ef9-898f-524a-dde1-7a0426a41ecb, Tesla V100-PCIE-16GB, 0, 4, 135, 877, 23.24, 250.00, 28
2026/09/06 12:43:10.615, GPU-59ee7ef9-898f-524a-dde1-7a0426a41ecb, Tesla V100-PCIE-16GB, 0, 4, 135, 877, 23.24, 250.00, 28
2026/09/06 12:43:11.118, GPU-59ee7ef9-898f-524a-dde1-7a0426a41ecb, Tesla V100-PCIE-16GB, 0, 4, 135, 877, 23.24, 250.00, 28
2026/09/06 12:43:11.632, GPU-59ee7ef9-898f-524a-dde1-7a0426a41ecb, Tesla V100-PCIE-16GB, 0, 4, 135, 877, 23.24, 250.00, 28
2026/09/06 12:43:12.136, GPU-59ee7ef9-898f-524a-dde1-7a0426a41ecb, Tesla V100-PCIE-16GB, 0, 312, 1245, 877, 37.48, 250.00, 28
2026/09/06 12:43:12.639, GPU-59ee7ef9-898f-524a-dde1-7a0426a41ecb, Tesla V100-PCIE-16GB, 0, 312, 1245, 877, 37.38, 250.00, 29
2026/09/06 12:43:13.142, GPU-59ee7ef9-898f-524a-dde1-7a0426a41ecb, Tesla V100-PCIE-16GB, 0, 312, 1245, 877, 37.38, 250.00, 29
2026/09/06 12:43:13.645, GPU-59ee7ef9-898f-524a-dde1-7a0426a41ecb, Tesla V100-PCIE-16GB, 0, 312, 1245, 877, 37.38, 250.00, 29
2026/09/06 12:43:14.148, GPU-59ee7ef9-898f-524a-dde1-7a0426a41ecb, Tesla V100-PCIE-16GB, 0, 312, 1245, 877, 37.38, 250.00, 29
2026/09/06 12:43:14.651, GPU-59ee7ef9-898f-524a-dde1-7a0426a41ecb, Tesla V100-PCIE-16GB, 0, 312, 1245, 877, 37.48, 250.00, 29
2026/09/06 12:43:15.156, GPU-59ee7ef9-898f-524a-dde1-7a0426a41ecb, Tesla V100-PCIE-16GB, 0, 312, 1245, 877, 37.48, 250.00, 29
2026/09/06 12:43:15.659, GPU-59ee7ef9-898f-524a-dde1-7a0426a41ecb, Tesla V100-PCIE-16GB, 0, 312, 1245, 877, 37.48, 250.00, 29
2026/09/06 12:43:16.162, GPU-59ee7ef9-898f-524a-dde1-7a0426a41ecb, Tesla V100-PCIE-16GB, 0, 312, 1245, 877, 37.48, 250.00, 29
2026/09/06 12:43:16.664, GPU-59ee7ef9-898f-524a-dde1-7a0426a41ecb, Tesla V100-PCIE-16GB, 0, 312, 1245, 877, 37.48, 250.00, 29
2026/09/06 12:43:17.167, GPU-59ee7ef9-898f-524a-dde1-7a0426a41ecb, Tesla V100-PCIE-16GB, 0, 312, 1245, 877, 37.48, 250.00, 29
2026/09/06 12:43:17.671, GPU-59ee7ef9-898f-524a-dde1-7a0426a41ecb, Tesla V100-PCIE-16GB, 0, 312, 1245, 877, 37.48, 250.00, 29
2026/09/06 12:43:18.174, GPU-59ee7ef9-898f-524a-dde1-7a0426a41ecb, Tesla V100-PCIE-16GB, 0, 312, 1245, 877, 37.48, 250.00, 29
2026/09/06 12:43:18.677, GPU-59ee7ef9-898f-524a-dde1-7a0426a41ecb, Tesla V100-PCIE-16GB, 0, 312, 1245, 877, 37.48, 250.00, 29
2026/09/06 12:43:19.180, GPU-59ee7ef9-898f-524a-dde1-7a0426a41ecb, Tesla V100-PCIE-16GB, 0, 312, 1245, 877, 37.48, 250.00, 29
2026/09/06 12:43:19.684, GPU-59ee7ef9-898f-524a-dde1-7a0426a41ecb, Tesla V100-PCIE-16GB, 0, 312, 1245, 877, 37.48, 250.00, 29
2026/09/06 12:43:20.187, GPU-59ee7ef9-898f-524a-dde1-7a0426a41ecb, Tesla V100-PCIE-16GB, 0, 312, 1245, 877, 37.48, 250.00, 29
2026/09/06 12:43:20.690, GPU-59ee7ef9-898f-524a-dde1-7a0426a41ecb, Tesla V100-PCIE-16GB, 0, 312, 1245, 877, 37.48, 250.00, 29
2026/09/06 12:43:21.193, GPU-59ee7ef9-898f-524a-dde1-7a0426a41ecb, Tesla V100-PCIE-16GB, 0, 312, 1245, 877, 37.48, 250.00, 29
2026/09/06 12:43:21.696, GPU-59ee7ef9-898f-524a-dde1-7a0426a41ecb, Tesla V100-PCIE-16GB, 0, 312, 1245, 877, 37.48, 250.00, 29
2026/09/06 12:43:22.199, GPU-59ee7ef9-898f-524a-dde1-7a0426a41ecb, Tesla V100-PCIE-16GB, 0, 312, 1245, 877, 37.48, 250.00, 29
2026/09/06 12:43:22.703, GPU-59ee7ef9-898f-524a-dde1-7a0426a41ecb, Tesla V100-PCIE-16GB, 0, 312, 1245, 877, 37.48, 250.00, 29
2026/09/06 12:43:23.206, GPU-59ee7ef9-898f-524a-dde1-7a0426a41ecb, Tesla V100-PCIE-16GB, 0, 312, 1245, 877, 37.48, 250.00, 29
2026/09/06 12:43:23.709, GPU-59ee7ef9-898f-524a-dde1-7a0426a41ecb, Tesla V100-PCIE-16GB, 0, 312, 1245, 877, 37.48, 250.00, 29
2026/09/06 12:43:24.213, GPU-59ee7ef9-898f-524a-dde1-7a0426a41ecb, Tesla V100-PCIE-16GB, 0, 312, 1245, 877, 37.48, 250.00, 29
2026/09/06 12:43:24.716, GPU-59ee7ef9-898f-524a-dde1-7a0426a41ecb, Tesla V100-PCIE-16GB, 0, 312, 1245, 877, 37.48, 250.00, 29
2026/09/06 12:43:25.219, GPU-59ee7ef9-898f-524a-dde1-7a0426a41ecb, Tesla V100-PCIE-16GB, 0, 312, 1245, 877, 37.48, 250.00, 29
2026/09/06 12:43:25.722, GPU-59ee7ef9-898f-524a-dde1-7a0426a41ecb, Tesla V100-PCIE-16GB, 0, 312, 1245, 877, 37.48, 250.00, 29
2026/09/06 12:43:26.224, GPU-59ee7ef9-898f-524a-dde1-7a0426a41ecb, Tesla V100-PCIE-16GB, 0, 312, 1245, 877, 37.48, 250.00, 29
2026/09/06 12:43:26.727, GPU-59ee7ef9-898f-524a-dde1-7a0426a41ecb, Tesla V100-PCIE-16GB, 0, 312, 1245, 877, 37.48, 250.00, 29
2026/09/06 12:43:27.230, GPU-59ee7ef9-898f-524a-dde1-7a0426a41ecb, Tesla V100-PCIE-16GB, 0, 312, 1245, 877, 37.48, 250.00, 29
2026/09/06 12:43:27.733, GPU-59ee7ef9-898f-524a-dde1-7a0426a41ecb, Tesla V100-PCIE-16GB, 0, 312, 1245, 877, 37.48, 250.00, 29
2026/09/06 12:43:28.236, GPU-59ee7ef9-898f-524a-dde1-7a0426a41ecb, Tesla V100-PCIE-16GB, 0, 312, 1245, 877, 37.48, 250.00, 29
2026/09/06 12:43:28.741, GPU-59ee7ef9-898f-524a-dde1-7a0426a41ecb, Tesla V100-PCIE-16GB, 0, 312, 1245, 877, 37.58, 250.00, 29
2026/09/06 12:43:29.244, GPU-59ee7ef9-898f-524a-dde1-7a0426a41ecb, Tesla V100-PCIE-16GB, 0, 312, 1245, 877, 37.58, 250.00, 29
2026/09/06 12:43:29.747, GPU-59ee7ef9-898f-524a-dde1-7a0426a41ecb, Tesla V100-PCIE-16GB, 0, 312, 1245, 877, 37.48, 250.00, 29
2026/09/06 12:43:30.250, GPU-59ee7ef9-898f-524a-dde1-7a0426a41ecb, Tesla V100-PCIE-16GB, 0, 312, 1245, 877, 37.48, 250.00, 29
2026/09/06 12:43:30.753, GPU-59ee7ef9-898f-524a-dde1-7a0426a41ecb, Tesla V100-PCIE-16GB, 0, 312, 1245, 877, 37.47, 250.00, 29
2026/09/06 12:43:31.256, GPU-59ee7ef9-898f-524a-dde1-7a0426a41ecb, Tesla V100-PCIE-16GB, 0, 312, 1245, 877, 37.48, 250.00, 30
2026/09/06 12:43:31.759, GPU-59ee7ef9-898f-524a-dde1-7a0426a41ecb, Tesla V100-PCIE-16GB, 0, 312, 1245, 877, 37.48, 250.00, 29
2026/09/06 12:43:32.262, GPU-59ee7ef9-898f-524a-dde1-7a0426a41ecb, Tesla V100-PCIE-16GB, 0, 312, 1245, 877, 37.48, 250.00, 30
2026/09/06 12:43:32.764, GPU-59ee7ef9-898f-524a-dde1-7a0426a41ecb, Tesla V100-PCIE-16GB, 0, 312, 1245, 877, 37.58, 250.00, 30
2026/09/06 12:43:33.271, GPU-59ee7ef9-898f-524a-dde1-7a0426a41ecb, Tesla V100-PCIE-16GB, 0, 312, 1245, 877, 37.58, 250.00, 30
2026/09/06 12:43:33.774, GPU-59ee7ef9-898f-524a-dde1-7a0426a41ecb, Tesla V100-PCIE-16GB, 0, 312, 1245, 877, 37.58, 250.00, 30
2026/09/06 12:43:34.277, GPU-59ee7ef9-898f-524a-dde1-7a0426a41ecb, Tesla V100-PCIE-16GB, 0, 312, 1245, 877, 37.48, 250.00, 30
2026/09/06 12:43:34.780, GPU-59ee7ef9-898f-524a-dde1-7a0426a41ecb, Tesla V100-PCIE-16GB, 0, 312, 1245, 877, 37.48, 250.00, 30
2026/09/06 12:43:35.283, GPU-59ee7ef9-898f-524a-dde1-7a0426a41ecb, Tesla V100-PCIE-16GB, 0, 312, 1245, 877, 37.48, 250.00, 30
2026/09/06 12:43:35.786, GPU-59ee7ef9-898f-524a-dde1-7a0426a41ecb, Tesla V100-PCIE-16GB, 0, 312, 1245, 877, 37.48, 250.00, 30
2026/09/06 12:43:36.289, GPU-59ee7ef9-898f-524a-dde1-7a0426a41ecb, Tesla V100-PCIE-16GB, 0, 312, 1245, 877, 37.57, 250.00, 30
2026/09/06 12:43:36.792, GPU-59ee7ef9-898f-524a-dde1-7a0426a41ecb, Tesla V100-PCIE-16GB, 0, 312, 1245, 877, 37.48, 250.00, 30
2026/09/06 12:43:37.295, GPU-59ee7ef9-898f-524a-dde1-7a0426a41ecb, Tesla V100-PCIE-16GB, 0, 312, 1245, 877, 37.58, 250.00, 30
2026/09/06 12:43:37.798, GPU-59ee7ef9-898f-524a-dde1-7a0426a41ecb, Tesla V100-PCIE-16GB, 0, 312, 1245, 877, 37.47, 250.00, 30
2026/09/06 12:43:38.301, GPU-59ee7ef9-898f-524a-dde1-7a0426a41ecb, Tesla V100-PCIE-16GB, 0, 312, 1245, 877, 37.58, 250.00, 30
2026/09/06 12:43:38.804, GPU-59ee7ef9-898f-524a-dde1-7a0426a41ecb, Tesla V100-PCIE-16GB, 0, 312, 1245, 877, 37.58, 250.00, 30
2026/09/06 12:43:39.307, GPU-59ee7ef9-898f-524a-dde1-7a0426a41ecb, Tesla V100-PCIE-16GB, 0, 312, 1245, 877, 37.58, 250.00, 30
2026/09/06 12:43:39.810, GPU-59ee7ef9-898f-524a-dde1-7a0426a41ecb, Tesla V100-PCIE-16GB, 0, 312, 1245, 877, 37.58, 250.00, 30
2026/09/06 12:43:40.312, GPU-59ee7ef9-898f-524a-dde1-7a0426a41ecb, Tesla V100-PCIE-16GB, 0, 312, 1245, 877, 37.58, 250.00, 30
2026/09/06 12:43:40.822, GPU-59ee7ef9-898f-524a-dde1-7a0426a41ecb, Tesla V100-PCIE-16GB, 0, 312, 1245, 877, 37.58, 250.00, 30
2026/09/06 12:43:41.325, GPU-59ee7ef9-898f-524a-dde1-7a0426a41ecb, Tesla V100-PCIE-16GB, 0, 312, 1245, 877, 37.48, 250.00, 30
2026/09/06 12:43:41.827, GPU-59ee7ef9-898f-524a-dde1-7a0426a41ecb, Tesla V100-PCIE-16GB, 0, 312, 1245, 877, 37.58, 250.00, 30
2026/09/06 12:43:42.330, GPU-59ee7ef9-898f-524a-dde1-7a0426a41ecb, Tesla V100-PCIE-16GB, 0, 312, 1245, 877, 37.58, 250.00, 30
2026/09/06 12:43:42.833, GPU-59ee7ef9-898f-524a-dde1-7a0426a41ecb, Tesla V100-PCIE-16GB, 0, 312, 1245, 877, 37.68, 250.00, 30
2026/09/06 12:43:43.336, GPU-59ee7ef9-898f-524a-dde1-7a0426a41ecb, Tesla V100-PCIE-16GB, 0, 312, 1245, 877, 37.57, 250.00, 30
2026/09/06 12:43:43.839, GPU-59ee7ef9-898f-524a-dde1-7a0426a41ecb, Tesla V100-PCIE-16GB, 0, 312, 1245, 877, 37.58, 250.00, 30
2026/09/06 12:43:44.342, GPU-59ee7ef9-898f-524a-dde1-7a0426a41ecb, Tesla V100-PCIE-16GB, 0, 312, 1245, 877, 37.68, 250.00, 30
2026/09/06 12:43:44.845, GPU-59ee7ef9-898f-524a-dde1-7a0426a41ecb, Tesla V100-PCIE-16GB, 0, 312, 1245, 877, 37.58, 250.00, 30
2026/09/06 12:43:45.348, GPU-59ee7ef9-898f-524a-dde1-7a0426a41ecb, Tesla V100-PCIE-16GB, 0, 312, 1245, 877, 37.48, 250.00, 30
2026/09/06 12:43:45.850, GPU-59ee7ef9-898f-524a-dde1-7a0426a41ecb, Tesla V100-PCIE-16GB, 0, 312, 1245, 877, 37.68, 250.00, 30
2026/09/06 12:43:46.353, GPU-59ee7ef9-898f-524a-dde1-7a0426a41ecb, Tesla V100-PCIE-16GB, 0, 312, 1245, 877, 37.58, 250.00, 30
2026/09/06 12:43:46.856, GPU-59ee7ef9-898f-524a-dde1-7a0426a41ecb, Tesla V100-PCIE-16GB, 0, 312, 1245, 877, 37.58, 250.00, 30
2026/09/06 12:43:47.362, GPU-59ee7ef9-898f-524a-dde1-7a0426a41ecb, Tesla V100-PCIE-16GB, 0, 312, 1245, 877, 37.58, 250.00, 30
2026/09/06 12:43:47.865, GPU-59ee7ef9-898f-524a-dde1-7a0426a41ecb, Tesla V100-PCIE-16GB, 0, 312, 1245, 877, 37.68, 250.00, 30
2026/09/06 12:43:48.368, GPU-59ee7ef9-898f-524a-dde1-7a0426a41ecb, Tesla V100-PCIE-16GB, 0, 312, 1245, 877, 37.68, 250.00, 30
2026/09/06 12:43:48.872, GPU-59ee7ef9-898f-524a-dde1-7a0426a41ecb, Tesla V100-PCIE-16GB, 0, 312, 1245, 877, 37.68, 250.00, 30
2026/09/06 12:43:49.378, GPU-59ee7ef9-898f-524a-dde1-7a0426a41ecb, Tesla V100-PCIE-16GB, 0, 312, 1245, 877, 37.58, 250.00, 30
2026/09/06 12:43:49.880, GPU-59ee7ef9-898f-524a-dde1-7a0426a41ecb, Tesla V100-PCIE-16GB, 0, 312, 1245, 877, 37.68, 250.00, 30
2026/09/06 12:43:50.383, GPU-59ee7ef9-898f-524a-dde1-7a0426a41ecb, Tesla V100-PCIE-16GB, 0, 312, 1245, 877, 37.68, 250.00, 30
2026/09/06 12:43:50.886, GPU-59ee7ef9-898f-524a-dde1-7a0426a41ecb, Tesla V100-PCIE-16GB, 0, 312, 1245, 877, 37.58, 250.00, 30
2026/09/06 12:43:51.389, GPU-59ee7ef9-898f-524a-dde1-7a0426a41ecb, Tesla V100-PCIE-16GB, 0, 312, 1245, 877, 37.58, 250.00, 30
2026/09/06 12:43:51.892, GPU-59ee7ef9-898f-524a-dde1-7a0426a41ecb, Tesla V100-PCIE-16GB, 0, 312, 1245, 877, 37.57, 250.00, 30
2026/09/06 12:43:52.395, GPU-59ee7ef9-898f-524a-dde1-7a0426a41ecb, Tesla V100-PCIE-16GB, 0, 312, 1245, 877, 37.68, 250.00, 30
2026/09/06 12:43:52.898, GPU-59ee7ef9-898f-524a-dde1-7a0426a41ecb, Tesla V100-PCIE-16GB, 0, 312, 1245, 877, 37.58, 250.00, 30
2026/09/06 12:43:53.401, GPU-59ee7ef9-898f-524a-dde1-7a0426a41ecb, Tesla V100-PCIE-16GB, 0, 312, 1245, 877, 37.58, 250.00, 30
2026/09/06 12:43:53.904, GPU-59ee7ef9-898f-524a-dde1-7a0426a41ecb, Tesla V100-PCIE-16GB, 0, 312, 1245, 877, 37.58, 250.00, 30
2026/09/06 12:43:54.408, GPU-59ee7ef9-898f-524a-dde1-7a0426a41ecb, Tesla V100-PCIE-16GB, 0, 312, 1245, 877, 37.68, 250.00, 30
2026/09/06 12:43:54.911, GPU-59ee7ef9-898f-524a-dde1-7a0426a41ecb, Tesla V100-PCIE-16GB, 0, 312, 1245, 877, 37.68, 250.00, 30
2026/09/06 12:43:55.414, GPU-59ee7ef9-898f-524a-dde1-7a0426a41ecb, Tesla V100-PCIE-16GB, 0, 312, 1245, 877, 37.58, 250.00, 30
2026/09/06 12:43:55.917, GPU-59ee7ef9-898f-524a-dde1-7a0426a41ecb, Tesla V100-PCIE-16GB, 0, 312, 1245, 877, 37.68, 250.00, 30
2026/09/06 12:43:56.419, GPU-59ee7ef9-898f-524a-dde1-7a0426a41ecb, Tesla V100-PCIE-16GB, 0, 312, 1245, 877, 37.58, 250.00, 30
2026/09/06 12:43:56.922, GPU-59ee7ef9-898f-524a-dde1-7a0426a41ecb, Tesla V100-PCIE-16GB, 0, 312, 1245, 877, 37.68, 250.00, 30
2026/09/06 12:43:57.425, GPU-59ee7ef9-898f-524a-dde1-7a0426a41ecb, Tesla V100-PCIE-16GB, 0, 312, 1245, 877, 37.68, 250.00, 30
2026/09/06 12:43:57.928, GPU-59ee7ef9-898f-524a-dde1-7a0426a41ecb, Tesla V100-PCIE-16GB, 0, 312, 1245, 877, 37.68, 250.00, 30
2026/09/06 12:43:58.431, GPU-59ee7ef9-898f-524a-dde1-7a0426a41ecb, Tesla V100-PCIE-16GB, 0, 312, 1245, 877, 37.58, 250.00, 30
2026/09/06 12:43:58.937, GPU-59ee7ef9-898f-524a-dde1-7a0426a41ecb, Tesla V100-PCIE-16GB, 0, 312, 1245, 877, 37.58, 250.00, 30
2026/09/06 12:43:59.439, GPU-59ee7ef9-898f-524a-dde1-7a0426a41ecb, Tesla V100-PCIE-16GB, 0, 312, 1245, 877, 37.68, 250.00, 30
2026/09/06 12:43:59.942, GPU-59ee7ef9-898f-524a-dde1-7a0426a41ecb, Tesla V100-PCIE-16GB, 0, 312, 1245, 877, 37.68, 250.00, 30
2026/09/06 12:44:00.445, GPU-59ee7ef9-898f-524a-dde1-7a0426a41ecb, Tesla V100-PCIE-16GB, 0, 312, 1245, 877, 37.68, 250.00, 30
2026/09/06 12:44:00.948, GPU-59ee7ef9-898f-524a-dde1-7a0426a41ecb, Tesla V100-PCIE-16GB, 0, 312, 1245, 877, 37.68, 250.00, 30
2026/09/06 12:44:01.451, GPU-59ee7ef9-898f-524a-dde1-7a0426a41ecb, Tesla V100-PCIE-16GB, 0, 312, 1245, 877, 37.68, 250.00, 30
2026/09/06 12:44:01.954, GPU-59ee7ef9-898f-524a-dde1-7a0426a41ecb, Tesla V100-PCIE-16GB, 0, 312, 1245, 877, 37.68, 250.00, 30
2026/09/06 12:44:02.457, GPU-59ee7ef9-898f-524a-dde1-7a0426a41ecb, Tesla V100-PCIE-16GB, 0, 312, 1245, 877, 37.68, 250.00, 30
2026/09/06 12:44:02.960, GPU-59ee7ef9-898f-524a-dde1-7a0426a41ecb, Tesla V100-PCIE-16GB, 0, 312, 1245, 877, 37.68, 250.00, 30
2026/09/06 12:44:03.465, GPU-59ee7ef9-898f-524a-dde1-7a0426a41ecb, Tesla V100-PCIE-16GB, 0, 312, 1245, 877, 37.67, 250.00, 30
2026/09/06 12:44:03.968, GPU-59ee7ef9-898f-524a-dde1-7a0426a41ecb, Tesla V100-PCIE-16GB, 0, 312, 1245, 877, 37.68, 250.00, 30
2026/09/06 12:44:04.471, GPU-59ee7ef9-898f-524a-dde1-7a0426a41ecb, Tesla V100-PCIE-16GB, 0, 312, 1245, 877, 37.68, 250.00, 30
2026/09/06 12:44:04.974, GPU-59ee7ef9-898f-524a-dde1-7a0426a41ecb, Tesla V100-PCIE-16GB, 0, 312, 1245, 877, 37.68, 250.00, 30
2026/09/06 12:44:05.477, GPU-59ee7ef9-898f-524a-dde1-7a0426a41ecb, Tesla V100-PCIE-16GB, 0, 312, 1245, 877, 37.68, 250.00, 30
2026/09/06 12:44:05.981, GPU-59ee7ef9-898f-524a-dde1-7a0426a41ecb, Tesla V100-PCIE-16GB, 0, 312, 1245, 877, 37.68, 250.00, 30
2026/09/06 12:44:06.484, GPU-59ee7ef9-898f-524a-dde1-7a0426a41ecb, Tesla V100-PCIE-16GB, 0, 312, 1245, 877, 37.68, 250.00, 30
2026/09/06 12:44:06.987, GPU-59ee7ef9-898f-524a-dde1-7a0426a41ecb, Tesla V100-PCIE-16GB, 0, 312, 1245, 877, 37.68, 250.00, 30
2026/09/06 12:44:07.490, GPU-59ee7ef9-898f-524a-dde1-7a0426a41ecb, Tesla V100-PCIE-16GB, 0, 312, 1245, 877, 37.68, 250.00, 30
2026/09/06 12:44:07.995, GPU-59ee7ef9-898f-524a-dde1-7a0426a41ecb, Tesla V100-PCIE-16GB, 0, 312, 1245, 877, 37.68, 250.00, 30
2026/09/06 12:44:08.498, GPU-59ee7ef9-898f-524a-dde1-7a0426a41ecb, Tesla V100-PCIE-16GB, 0, 312, 1245, 877, 37.68, 250.00, 30
2026/09/06 12:44:09.001, GPU-59ee7ef9-898f-524a-dde1-7a0426a41ecb, Tesla V100-PCIE-16GB, 0, 312, 1245, 877, 37.68, 250.00, 30
2026/09/06 12:44:09.504, GPU-59ee7ef9-898f-524a-dde1-7a0426a41ecb, Tesla V100-PCIE-16GB, 0, 312, 1245, 877, 37.68, 250.00, 30
2026/09/06 12:44:10.007, GPU-59ee7ef9-898f-524a-dde1-7a0426a41ecb, Tesla V100-PCIE-16GB, 0, 312, 1245, 877, 37.57, 250.00, 30
2026/09/06 12:44:10.510, GPU-59ee7ef9-898f-524a-dde1-7a0426a41ecb, Tesla V100-PCIE-16GB, 0, 312, 1245, 877, 37.68, 250.00, 30
2026/09/06 12:44:11.013, GPU-59ee7ef9-898f-524a-dde1-7a0426a41ecb, Tesla V100-PCIE-16GB, 0, 312, 1245, 877, 37.68, 250.00, 30
2026/09/06 12:44:11.516, GPU-59ee7ef9-898f-524a-dde1-7a0426a41ecb, Tesla V100-PCIE-16GB, 0, 312, 1245, 877, 37.67, 250.00, 30
2026/09/06 12:44:12.019, GPU-59ee7ef9-898f-524a-dde1-7a0426a41ecb, Tesla V100-PCIE-16GB, 0, 312, 1245, 877, 37.58, 250.00, 30
2026/09/06 12:44:12.524, GPU-59ee7ef9-898f-524a-dde1-7a0426a41ecb, Tesla V100-PCIE-16GB, 0, 312, 1245, 877, 37.68, 250.00, 30
2026/09/06 12:44:13.026, GPU-59ee7ef9-898f-524a-dde1-7a0426a41ecb, Tesla V100-PCIE-16GB, 0, 312, 1245, 877, 37.68, 250.00, 31
2026/09/06 12:44:13.529, GPU-59ee7ef9-898f-524a-dde1-7a0426a41ecb, Tesla V100-PCIE-16GB, 0, 312, 1245, 877, 37.68, 250.00, 30
2026/09/06 12:44:14.032, GPU-59ee7ef9-898f-524a-dde1-7a0426a41ecb, Tesla V100-PCIE-16GB, 0, 312, 1245, 877, 37.68, 250.00, 30
2026/09/06 12:44:14.535, GPU-59ee7ef9-898f-524a-dde1-7a0426a41ecb, Tesla V100-PCIE-16GB, 0, 312, 1245, 877, 37.68, 250.00, 31
2026/09/06 12:44:15.038, GPU-59ee7ef9-898f-524a-dde1-7a0426a41ecb, Tesla V100-PCIE-16GB, 0, 312, 1245, 877, 37.68, 250.00, 31
2026/09/06 12:44:15.541, GPU-59ee7ef9-898f-524a-dde1-7a0426a41ecb, Tesla V100-PCIE-16GB, 0, 312, 1245, 877, 37.68, 250.00, 31
2026/09/06 12:44:16.044, GPU-59ee7ef9-898f-524a-dde1-7a0426a41ecb, Tesla V100-PCIE-16GB, 0, 312, 1245, 877, 37.68, 250.00, 30
2026/09/06 12:44:16.546, GPU-59ee7ef9-898f-524a-dde1-7a0426a41ecb, Tesla V100-PCIE-16GB, 0, 312, 1245, 877, 37.68, 250.00, 31
2026/09/06 12:44:17.052, GPU-59ee7ef9-898f-524a-dde1-7a0426a41ecb, Tesla V100-PCIE-16GB, 0, 312, 1245, 877, 37.68, 250.00, 31
2026/09/06 12:44:17.555, GPU-59ee7ef9-898f-524a-dde1-7a0426a41ecb, Tesla V100-PCIE-16GB, 0, 312, 1245, 877, 37.68, 250.00, 31
2026/09/06 12:44:18.058, GPU-59ee7ef9-898f-524a-dde1-7a0426a41ecb, Tesla V100-PCIE-16GB, 0, 312, 1245, 877, 37.68, 250.00, 31
2026/09/06 12:44:18.561, GPU-59ee7ef9-898f-524a-dde1-7a0426a41ecb, Tesla V100-PCIE-16GB, 5, 472, 1245, 877, 37.68, 250.00, 31
2026/09/06 12:44:19.064, GPU-59ee7ef9-898f-524a-dde1-7a0426a41ecb, Tesla V100-PCIE-16GB, 0, 600, 1245, 877, 37.68, 250.00, 31
2026/09/06 12:44:19.567, GPU-59ee7ef9-898f-524a-dde1-7a0426a41ecb, Tesla V100-PCIE-16GB, 0, 632, 1245, 877, 37.68, 250.00, 31
2026/09/06 12:44:20.070, GPU-59ee7ef9-898f-524a-dde1-7a0426a41ecb, Tesla V100-PCIE-16GB, 0, 632, 1245, 877, 37.66, 250.00, 31
2026/09/06 12:44:20.573, GPU-59ee7ef9-898f-524a-dde1-7a0426a41ecb, Tesla V100-PCIE-16GB, 0, 632, 1245, 877, 37.68, 250.00, 31
2026/09/06 12:44:21.075, GPU-59ee7ef9-898f-524a-dde1-7a0426a41ecb, Tesla V100-PCIE-16GB, 0, 632, 1245, 877, 37.68, 250.00, 31
2026/09/06 12:44:21.578, GPU-59ee7ef9-898f-524a-dde1-7a0426a41ecb, Tesla V100-PCIE-16GB, 0, 632, 1245, 877, 37.68, 250.00, 31
2026/09/06 12:44:22.082, GPU-59ee7ef9-898f-524a-dde1-7a0426a41ecb, Tesla V100-PCIE-16GB, 0, 632, 1245, 877, 37.68, 250.00, 31
2026/09/06 12:44:22.585, GPU-59ee7ef9-898f-524a-dde1-7a0426a41ecb, Tesla V100-PCIE-16GB, 0, 632, 1245, 877, 37.68, 250.00, 31
2026/09/06 12:44:23.088, GPU-59ee7ef9-898f-524a-dde1-7a0426a41ecb, Tesla V100-PCIE-16GB, 0, 632, 1245, 877, 37.68, 250.00, 31
2026/09/06 12:44:23.591, GPU-59ee7ef9-898f-524a-dde1-7a0426a41ecb, Tesla V100-PCIE-16GB, 0, 632, 1245, 877, 37.68, 250.00, 31
2026/09/06 12:44:24.094, GPU-59ee7ef9-898f-524a-dde1-7a0426a41ecb, Tesla V100-PCIE-16GB, 0, 632, 1245, 877, 37.68, 250.00, 31
2026/09/06 12:44:24.597, GPU-59ee7ef9-898f-524a-dde1-7a0426a41ecb, Tesla V100-PCIE-16GB, 0, 632, 1245, 877, 37.68, 250.00, 31
2026/09/06 12:44:25.100, GPU-59ee7ef9-898f-524a-dde1-7a0426a41ecb, Tesla V100-PCIE-16GB, 0, 632, 1245, 877, 37.66, 250.00, 31
2026/09/06 12:44:25.603, GPU-59ee7ef9-898f-524a-dde1-7a0426a41ecb, Tesla V100-PCIE-16GB, 0, 632, 1245, 877, 37.68, 250.00, 31
2026/09/06 12:44:26.106, GPU-59ee7ef9-898f-524a-dde1-7a0426a41ecb, Tesla V100-PCIE-16GB, 0, 632, 1245, 877, 37.67, 250.00, 31
2026/09/06 12:44:26.612, GPU-59ee7ef9-898f-524a-dde1-7a0426a41ecb, Tesla V100-PCIE-16GB, 0, 632, 1245, 877, 37.68, 250.00, 31
2026/09/06 12:44:27.115, GPU-59ee7ef9-898f-524a-dde1-7a0426a41ecb, Tesla V100-PCIE-16GB, 0, 632, 1245, 877, 37.76, 250.00, 31
2026/09/06 12:44:27.619, GPU-59ee7ef9-898f-524a-dde1-7a0426a41ecb, Tesla V100-PCIE-16GB, 0, 632, 1245, 877, 37.68, 250.00, 31
2026/09/06 12:44:28.122, GPU-59ee7ef9-898f-524a-dde1-7a0426a41ecb, Tesla V100-PCIE-16GB, 0, 632, 1245, 877, 37.68, 250.00, 31
2026/09/06 12:44:28.625, GPU-59ee7ef9-898f-524a-dde1-7a0426a41ecb, Tesla V100-PCIE-16GB, 0, 632, 1245, 877, 37.68, 250.00, 31
2026/09/06 12:44:29.128, GPU-59ee7ef9-898f-524a-dde1-7a0426a41ecb, Tesla V100-PCIE-16GB, 0, 632, 1245, 877, 37.68, 250.00, 31
2026/09/06 12:44:29.631, GPU-59ee7ef9-898f-524a-dde1-7a0426a41ecb, Tesla V100-PCIE-16GB, 0, 632, 1245, 877, 37.68, 250.00, 31
2026/09/06 12:44:30.134, GPU-59ee7ef9-898f-524a-dde1-7a0426a41ecb, Tesla V100-PCIE-16GB, 0, 632, 1245, 877, 37.68, 250.00, 31
2026/09/06 12:44:30.637, GPU-59ee7ef9-898f-524a-dde1-7a0426a41ecb, Tesla V100-PCIE-16GB, 0, 632, 1245, 877, 37.68, 250.00, 31
2026/09/06 12:44:31.140, GPU-59ee7ef9-898f-524a-dde1-7a0426a41ecb, Tesla V100-PCIE-16GB, 0, 632, 1245, 877, 37.68, 250.00, 31
2026/09/06 12:44:31.645, GPU-59ee7ef9-898f-524a-dde1-7a0426a41ecb, Tesla V100-PCIE-16GB, 0, 632, 1245, 877, 37.68, 250.00, 31
2026/09/06 12:44:32.148, GPU-59ee7ef9-898f-524a-dde1-7a0426a41ecb, Tesla V100-PCIE-16GB, 0, 632, 1245, 877, 37.68, 250.00, 31
2026/09/06 12:44:32.650, GPU-59ee7ef9-898f-524a-dde1-7a0426a41ecb, Tesla V100-PCIE-16GB, 0, 632, 1245, 877, 37.68, 250.00, 31
2026/09/06 12:44:33.153, GPU-59ee7ef9-898f-524a-dde1-7a0426a41ecb, Tesla V100-PCIE-16GB, 0, 632, 1245, 877, 37.77, 250.00, 31
2026/09/06 12:44:33.656, GPU-59ee7ef9-898f-524a-dde1-7a0426a41ecb, Tesla V100-PCIE-16GB, 0, 632, 1245, 877, 37.68, 250.00, 31
2026/09/06 12:44:34.159, GPU-59ee7ef9-898f-524a-dde1-7a0426a41ecb, Tesla V100-PCIE-16GB, 0, 632, 1245, 877, 37.68, 250.00, 31
2026/09/06 12:44:34.662, GPU-59ee7ef9-898f-524a-dde1-7a0426a41ecb, Tesla V100-PCIE-16GB, 0, 632, 1245, 877, 37.68, 250.00, 31
2026/09/06 12:44:35.165, GPU-59ee7ef9-898f-524a-dde1-7a0426a41ecb, Tesla V100-PCIE-16GB, 0, 632, 1245, 877, 37.68, 250.00, 31
2026/09/06 12:44:35.668, GPU-59ee7ef9-898f-524a-dde1-7a0426a41ecb, Tesla V100-PCIE-16GB, 0, 632, 1245, 877, 37.68, 250.00, 31
2026/09/06 12:44:36.171, GPU-59ee7ef9-898f-524a-dde1-7a0426a41ecb, Tesla V100-PCIE-16GB, 0, 632, 1245, 877, 37.68, 250.00, 31
2026/09/06 12:44:36.676, GPU-59ee7ef9-898f-524a-dde1-7a0426a41ecb, Tesla V100-PCIE-16GB, 0, 632, 1245, 877, 37.68, 250.00, 31
2026/09/06 12:44:37.179, GPU-59ee7ef9-898f-524a-dde1-7a0426a41ecb, Tesla V100-PCIE-16GB, 0, 632, 1245, 877, 37.68, 250.00, 31
2026/09/06 12:44:37.682, GPU-59ee7ef9-898f-524a-dde1-7a0426a41ecb, Tesla V100-PCIE-16GB, 0, 632, 1245, 877, 37.68, 250.00, 31
2026/09/06 12:44:38.184, GPU-59ee7ef9-898f-524a-dde1-7a0426a41ecb, Tesla V100-PCIE-16GB, 0, 632, 1245, 877, 37.68, 250.00, 31
2026/09/06 12:44:38.687, GPU-59ee7ef9-898f-524a-dde1-7a0426a41ecb, Tesla V100-PCIE-16GB, 0, 632, 1245, 877, 37.68, 250.00, 31
2026/09/06 12:44:39.190, GPU-59ee7ef9-898f-524a-dde1-7a0426a41ecb, Tesla V100-PCIE-16GB, 0, 632, 1245, 877, 37.68, 250.00, 31
2026/09/06 12:44:39.693, GPU-59ee7ef9-898f-524a-dde1-7a0426a41ecb, Tesla V100-PCIE-16GB, 0, 632, 1245, 877, 37.68, 250.00, 31
2026/09/06 12:44:40.196, GPU-59ee7ef9-898f-524a-dde1-7a0426a41ecb, Tesla V100-PCIE-16GB, 0, 632, 1245, 877, 37.68, 250.00, 31
2026/09/06 12:44:40.699, GPU-59ee7ef9-898f-524a-dde1-7a0426a41ecb, Tesla V100-PCIE-16GB, 0, 632, 1245, 877, 37.68, 250.00, 31
2026/09/06 12:44:41.205, GPU-59ee7ef9-898f-524a-dde1-7a0426a41ecb, Tesla V100-PCIE-16GB, 0, 632, 1245, 877, 37.68, 250.00, 31
2026/09/06 12:44:41.708, GPU-59ee7ef9-898f-524a-dde1-7a0426a41ecb, Tesla V100-PCIE-16GB, 0, 632, 1245, 877, 37.68, 250.00, 31
2026/09/06 12:44:42.211, GPU-59ee7ef9-898f-524a-dde1-7a0426a41ecb, Tesla V100-PCIE-16GB, 0, 632, 1245, 877, 37.68, 250.00, 31
2026/09/06 12:44:42.713, GPU-59ee7ef9-898f-524a-dde1-7a0426a41ecb, Tesla V100-PCIE-16GB, 0, 632, 1245, 877, 37.68, 250.00, 31
2026/09/06 12:44:43.216, GPU-59ee7ef9-898f-524a-dde1-7a0426a41ecb, Tesla V100-PCIE-16GB, 0, 670, 1245, 877, 37.68, 250.00, 31
2026/09/06 12:44:43.719, GPU-59ee7ef9-898f-524a-dde1-7a0426a41ecb, Tesla V100-PCIE-16GB, 0, 670, 1245, 877, 37.77, 250.00, 31
2026/09/06 12:44:44.222, GPU-59ee7ef9-898f-524a-dde1-7a0426a41ecb, Tesla V100-PCIE-16GB, 0, 670, 1245, 877, 37.76, 250.00, 31
2026/09/06 12:44:44.725, GPU-59ee7ef9-898f-524a-dde1-7a0426a41ecb, Tesla V100-PCIE-16GB, 0, 670, 1245, 877, 37.68, 250.00, 31
2026/09/06 12:44:45.228, GPU-59ee7ef9-898f-524a-dde1-7a0426a41ecb, Tesla V100-PCIE-16GB, 0, 670, 1245, 877, 37.68, 250.00, 31
2026/09/06 12:44:45.731, GPU-59ee7ef9-898f-524a-dde1-7a0426a41ecb, Tesla V100-PCIE-16GB, 0, 670, 1245, 877, 37.68, 250.00, 31
2026/09/06 12:44:46.234, GPU-59ee7ef9-898f-524a-dde1-7a0426a41ecb, Tesla V100-PCIE-16GB, 0, 670, 1245, 877, 37.68, 250.00, 31
2026/09/06 12:44:46.736, GPU-59ee7ef9-898f-524a-dde1-7a0426a41ecb, Tesla V100-PCIE-16GB, 0, 670, 1245, 877, 37.68, 250.00, 31
2026/09/06 12:44:47.241, GPU-59ee7ef9-898f-524a-dde1-7a0426a41ecb, Tesla V100-PCIE-16GB, 0, 670, 1245, 877, 37.77, 250.00, 31
2026/09/06 12:44:47.744, GPU-59ee7ef9-898f-524a-dde1-7a0426a41ecb, Tesla V100-PCIE-16GB, 0, 670, 1245, 877, 37.68, 250.00, 31
2026/09/06 12:44:48.247, GPU-59ee7ef9-898f-524a-dde1-7a0426a41ecb, Tesla V100-PCIE-16GB, 0, 670, 1245, 877, 37.68, 250.00, 31
2026/09/06 12:44:48.752, GPU-59ee7ef9-898f-524a-dde1-7a0426a41ecb, Tesla V100-PCIE-16GB, 0, 670, 1245, 877, 37.68, 250.00, 31
2026/09/06 12:44:49.255, GPU-59ee7ef9-898f-524a-dde1-7a0426a41ecb, Tesla V100-PCIE-16GB, 0, 670, 1245, 877, 37.68, 250.00, 31
2026/09/06 12:44:49.758, GPU-59ee7ef9-898f-524a-dde1-7a0426a41ecb, Tesla V100-PCIE-16GB, 0, 670, 1245, 877, 37.68, 250.00, 31
2026/09/06 12:44:50.261, GPU-59ee7ef9-898f-524a-dde1-7a0426a41ecb, Tesla V100-PCIE-16GB, 0, 670, 1245, 877, 37.77, 250.00, 31
2026/09/06 12:44:50.764, GPU-59ee7ef9-898f-524a-dde1-7a0426a41ecb, Tesla V100-PCIE-16GB, 0, 670, 1245, 877, 37.77, 250.00, 31
2026/09/06 12:44:51.267, GPU-59ee7ef9-898f-524a-dde1-7a0426a41ecb, Tesla V100-PCIE-16GB, 0, 670, 1245, 877, 37.87, 250.00, 31
2026/09/06 12:44:51.770, GPU-59ee7ef9-898f-524a-dde1-7a0426a41ecb, Tesla V100-PCIE-16GB, 0, 670, 1245, 877, 37.77, 250.00, 31
2026/09/06 12:44:52.278, GPU-59ee7ef9-898f-524a-dde1-7a0426a41ecb, Tesla V100-PCIE-16GB, 0, 670, 1245, 877, 37.68, 250.00, 31
2026/09/06 12:44:52.783, GPU-59ee7ef9-898f-524a-dde1-7a0426a41ecb, Tesla V100-PCIE-16GB, 0, 670, 1245, 877, 37.68, 250.00, 31
2026/09/06 12:44:53.286, GPU-59ee7ef9-898f-524a-dde1-7a0426a41ecb, Tesla V100-PCIE-16GB, 0, 670, 1245, 877, 37.77, 250.00, 31
2026/09/06 12:44:53.788, GPU-59ee7ef9-898f-524a-dde1-7a0426a41ecb, Tesla V100-PCIE-16GB, 0, 670, 1245, 877, 37.68, 250.00, 31
2026/09/06 12:44:54.291, GPU-59ee7ef9-898f-524a-dde1-7a0426a41ecb, Tesla V100-PCIE-16GB, 0, 670, 1245, 877, 37.77, 250.00, 31
2026/09/06 12:44:54.794, GPU-59ee7ef9-898f-524a-dde1-7a0426a41ecb, Tesla V100-PCIE-16GB, 0, 670, 1245, 877, 37.77, 250.00, 31
2026/09/06 12:44:55.297, GPU-59ee7ef9-898f-524a-dde1-7a0426a41ecb, Tesla V100-PCIE-16GB, 0, 798, 1245, 877, 37.97, 250.00, 31
2026/09/06 12:44:55.800, GPU-59ee7ef9-898f-524a-dde1-7a0426a41ecb, Tesla V100-PCIE-16GB, 0, 1022, 1245, 877, 38.07, 250.00, 31
2026/09/06 12:44:56.306, GPU-59ee7ef9-898f-524a-dde1-7a0426a41ecb, Tesla V100-PCIE-16GB, 0, 1022, 1245, 877, 38.07, 250.00, 31
2026/09/06 12:44:56.809, GPU-59ee7ef9-898f-524a-dde1-7a0426a41ecb, Tesla V100-PCIE-16GB, 0, 1022, 1245, 877, 38.07, 250.00, 31
2026/09/06 12:44:57.312, GPU-59ee7ef9-898f-524a-dde1-7a0426a41ecb, Tesla V100-PCIE-16GB, 0, 1022, 1245, 877, 37.97, 250.00, 31
2026/09/06 12:44:57.815, GPU-59ee7ef9-898f-524a-dde1-7a0426a41ecb, Tesla V100-PCIE-16GB, 0, 1022, 1245, 877, 37.68, 250.00, 31
2026/09/06 12:44:58.318, GPU-59ee7ef9-898f-524a-dde1-7a0426a41ecb, Tesla V100-PCIE-16GB, 0, 1022, 1245, 877, 37.97, 250.00, 31
2026/09/06 12:44:58.820, GPU-59ee7ef9-898f-524a-dde1-7a0426a41ecb, Tesla V100-PCIE-16GB, 0, 1022, 1245, 877, 38.07, 250.00, 31
2026/09/06 12:44:59.324, GPU-59ee7ef9-898f-524a-dde1-7a0426a41ecb, Tesla V100-PCIE-16GB, 0, 1022, 1245, 877, 38.07, 250.00, 31
2026/09/06 12:44:59.827, GPU-59ee7ef9-898f-524a-dde1-7a0426a41ecb, Tesla V100-PCIE-16GB, 0, 1022, 1245, 877, 38.07, 250.00, 31
2026/09/06 12:45:00.330, GPU-59ee7ef9-898f-524a-dde1-7a0426a41ecb, Tesla V100-PCIE-16GB, 0, 1022, 1245, 877, 38.06, 250.00, 31
2026/09/06 12:45:00.836, GPU-59ee7ef9-898f-524a-dde1-7a0426a41ecb, Tesla V100-PCIE-16GB, 0, 1022, 1245, 877, 37.97, 250.00, 31
2026/09/06 12:45:01.339, GPU-59ee7ef9-898f-524a-dde1-7a0426a41ecb, Tesla V100-PCIE-16GB, 0, 1022, 1245, 877, 38.07, 250.00, 31
2026/09/06 12:45:01.842, GPU-59ee7ef9-898f-524a-dde1-7a0426a41ecb, Tesla V100-PCIE-16GB, 0, 1022, 1245, 877, 38.07, 250.00, 31
2026/09/06 12:45:02.345, GPU-59ee7ef9-898f-524a-dde1-7a0426a41ecb, Tesla V100-PCIE-16GB, 0, 1022, 1245, 877, 38.07, 250.00, 31
2026/09/06 12:45:02.847, GPU-59ee7ef9-898f-524a-dde1-7a0426a41ecb, Tesla V100-PCIE-16GB, 0, 1022, 1245, 877, 38.07, 250.00, 31
2026/09/06 12:45:03.350, GPU-59ee7ef9-898f-524a-dde1-7a0426a41ecb, Tesla V100-PCIE-16GB, 0, 1022, 1245, 877, 38.07, 250.00, 31
2026/09/06 12:45:03.853, GPU-59ee7ef9-898f-524a-dde1-7a0426a41ecb, Tesla V100-PCIE-16GB, 0, 1022, 1245, 877, 38.06, 250.00, 31
2026/09/06 12:45:04.356, GPU-59ee7ef9-898f-524a-dde1-7a0426a41ecb, Tesla V100-PCIE-16GB, 0, 1022, 1245, 877, 38.07, 250.00, 31
2026/09/06 12:45:04.859, GPU-59ee7ef9-898f-524a-dde1-7a0426a41ecb, Tesla V100-PCIE-16GB, 0, 1022, 1245, 877, 38.06, 250.00, 31
2026/09/06 12:45:05.364, GPU-59ee7ef9-898f-524a-dde1-7a0426a41ecb, Tesla V100-PCIE-16GB, 0, 1022, 1245, 877, 37.97, 250.00, 31
2026/09/06 12:45:05.867, GPU-59ee7ef9-898f-524a-dde1-7a0426a41ecb, Tesla V100-PCIE-16GB, 0, 1022, 1245, 877, 38.06, 250.00, 31
2026/09/06 12:45:06.370, GPU-59ee7ef9-898f-524a-dde1-7a0426a41ecb, Tesla V100-PCIE-16GB, 0, 1022, 1245, 877, 38.07, 250.00, 31
2026/09/06 12:45:06.873, GPU-59ee7ef9-898f-524a-dde1-7a0426a41ecb, Tesla V100-PCIE-16GB, 0, 1022, 1245, 877, 38.07, 250.00, 31
2026/09/06 12:45:07.376, GPU-59ee7ef9-898f-524a-dde1-7a0426a41ecb, Tesla V100-PCIE-16GB, 0, 1022, 1245, 877, 38.07, 250.00, 31
2026/09/06 12:45:07.879, GPU-59ee7ef9-898f-524a-dde1-7a0426a41ecb, Tesla V100-PCIE-16GB, 0, 1022, 1245, 877, 38.07, 250.00, 31
2026/09/06 12:45:08.381, GPU-59ee7ef9-898f-524a-dde1-7a0426a41ecb, Tesla V100-PCIE-16GB, 0, 1022, 1245, 877, 38.07, 250.00, 31
2026/09/06 12:45:08.884, GPU-59ee7ef9-898f-524a-dde1-7a0426a41ecb, Tesla V100-PCIE-16GB, 0, 1022, 1245, 877, 38.07, 250.00, 31
2026/09/06 12:45:09.387, GPU-59ee7ef9-898f-524a-dde1-7a0426a41ecb, Tesla V100-PCIE-16GB, 0, 1022, 1245, 877, 38.07, 250.00, 31
2026/09/06 12:45:09.892, GPU-59ee7ef9-898f-524a-dde1-7a0426a41ecb, Tesla V100-PCIE-16GB, 0, 1022, 1245, 877, 38.07, 250.00, 31
2026/09/06 12:45:10.395, GPU-59ee7ef9-898f-524a-dde1-7a0426a41ecb, Tesla V100-PCIE-16GB, 0, 1022, 1245, 877, 37.78, 250.00, 31
2026/09/06 12:45:10.898, GPU-59ee7ef9-898f-524a-dde1-7a0426a41ecb, Tesla V100-PCIE-16GB, 0, 1022, 1245, 877, 38.07, 250.00, 31
2026/09/06 12:45:11.401, GPU-59ee7ef9-898f-524a-dde1-7a0426a41ecb, Tesla V100-PCIE-16GB, 3, 1022, 1245, 877, 38.07, 250.00, 31
2026/09/06 12:45:11.904, GPU-59ee7ef9-898f-524a-dde1-7a0426a41ecb, Tesla V100-PCIE-16GB, 0, 1022, 1245, 877, 37.97, 250.00, 31
2026/09/06 12:45:12.407, GPU-59ee7ef9-898f-524a-dde1-7a0426a41ecb, Tesla V100-PCIE-16GB, 1, 1022, 1245, 877, 37.87, 250.00, 31
2026/09/06 12:45:12.910, GPU-59ee7ef9-898f-524a-dde1-7a0426a41ecb, Tesla V100-PCIE-16GB, 1, 1022, 1245, 877, 37.97, 250.00, 31
2026/09/06 12:45:13.413, GPU-59ee7ef9-898f-524a-dde1-7a0426a41ecb, Tesla V100-PCIE-16GB, 0, 1022, 1245, 877, 111.66, 250.00, 32
2026/09/06 12:45:13.916, GPU-59ee7ef9-898f-524a-dde1-7a0426a41ecb, Tesla V100-PCIE-16GB, 20, 1022, 1372, 877, 42.74, 250.00, 32
2026/09/06 12:45:14.419, GPU-59ee7ef9-898f-524a-dde1-7a0426a41ecb, Tesla V100-PCIE-16GB, 0, 1022, 1372, 877, 42.64, 250.00, 32
2026/09/06 12:45:14.921, GPU-59ee7ef9-898f-524a-dde1-7a0426a41ecb, Tesla V100-PCIE-16GB, 0, 1022, 1372, 877, 42.64, 250.00, 32
2026/09/06 12:45:15.425, GPU-59ee7ef9-898f-524a-dde1-7a0426a41ecb, Tesla V100-PCIE-16GB, 42, 1022, 1380, 877, 149.16, 250.00, 33
2026/09/06 12:45:15.931, GPU-59ee7ef9-898f-524a-dde1-7a0426a41ecb, Tesla V100-PCIE-16GB, 87, 1022, 1380, 877, 43.90, 250.00, 33
2026/09/06 12:45:16.434, GPU-59ee7ef9-898f-524a-dde1-7a0426a41ecb, Tesla V100-PCIE-16GB, 95, 1022, 1380, 877, 43.90, 250.00, 33
2026/09/06 12:45:16.937, GPU-59ee7ef9-898f-524a-dde1-7a0426a41ecb, Tesla V100-PCIE-16GB, 89, 1022, 1380, 877, 44.00, 250.00, 33
2026/09/06 12:45:17.440, GPU-59ee7ef9-898f-524a-dde1-7a0426a41ecb, Tesla V100-PCIE-16GB, 77, 1022, 1380, 877, 59.49, 250.00, 36
2026/09/06 12:45:17.943, GPU-59ee7ef9-898f-524a-dde1-7a0426a41ecb, Tesla V100-PCIE-16GB, 96, 1022, 1380, 877, 156.08, 250.00, 36
2026/09/06 12:45:18.446, GPU-59ee7ef9-898f-524a-dde1-7a0426a41ecb, Tesla V100-PCIE-16GB, 51, 1022, 1380, 877, 85.62, 250.00, 36
2026/09/06 12:45:18.949, GPU-59ee7ef9-898f-524a-dde1-7a0426a41ecb, Tesla V100-PCIE-16GB, 18, 1022, 1380, 877, 124.32, 250.00, 36
2026/09/06 12:45:19.452, GPU-59ee7ef9-898f-524a-dde1-7a0426a41ecb, Tesla V100-PCIE-16GB, 79, 1022, 1380, 877, 44.39, 250.00, 35
2026/09/06 12:45:19.955, GPU-59ee7ef9-898f-524a-dde1-7a0426a41ecb, Tesla V100-PCIE-16GB, 95, 1022, 1380, 877, 51.50, 250.00, 36
2026/09/06 12:45:20.458, GPU-59ee7ef9-898f-524a-dde1-7a0426a41ecb, Tesla V100-PCIE-16GB, 93, 1022, 1380, 877, 172.23, 250.00, 37
2026/09/06 12:45:20.961, GPU-59ee7ef9-898f-524a-dde1-7a0426a41ecb, Tesla V100-PCIE-16GB, 12, 1022, 1380, 877, 159.96, 250.00, 37
2026/09/06 12:45:21.463, GPU-59ee7ef9-898f-524a-dde1-7a0426a41ecb, Tesla V100-PCIE-16GB, 23, 1022, 1380, 877, 171.42, 250.00, 37
2026/09/06 12:45:21.966, GPU-59ee7ef9-898f-524a-dde1-7a0426a41ecb, Tesla V100-PCIE-16GB, 94, 1022, 1380, 877, 44.89, 250.00, 36
2026/09/06 12:45:22.469, GPU-59ee7ef9-898f-524a-dde1-7a0426a41ecb, Tesla V100-PCIE-16GB, 93, 1022, 1380, 877, 167.48, 250.00, 37
2026/09/06 12:45:22.975, GPU-59ee7ef9-898f-524a-dde1-7a0426a41ecb, Tesla V100-PCIE-16GB, 16, 1022, 1380, 877, 171.21, 250.00, 37
2026/09/06 12:45:23.478, GPU-59ee7ef9-898f-524a-dde1-7a0426a41ecb, Tesla V100-PCIE-16GB, 88, 1022, 1380, 877, 82.99, 250.00, 37
2026/09/06 12:45:23.981, GPU-59ee7ef9-898f-524a-dde1-7a0426a41ecb, Tesla V100-PCIE-16GB, 72, 1022, 1380, 877, 79.95, 250.00, 37
2026/09/06 12:45:24.484, GPU-59ee7ef9-898f-524a-dde1-7a0426a41ecb, Tesla V100-PCIE-16GB, 62, 1022, 1380, 877, 144.14, 250.00, 36
2026/09/06 12:45:24.987, GPU-59ee7ef9-898f-524a-dde1-7a0426a41ecb, Tesla V100-PCIE-16GB, 89, 1022, 1380, 877, 98.61, 250.00, 38
2026/09/06 12:45:25.490, GPU-59ee7ef9-898f-524a-dde1-7a0426a41ecb, Tesla V100-PCIE-16GB, 5, 1022, 1380, 877, 44.01, 250.00, 35
2026/09/06 12:45:25.994, GPU-59ee7ef9-898f-524a-dde1-7a0426a41ecb, Tesla V100-PCIE-16GB, 0, 1022, 1380, 877, 43.91, 250.00, 35
2026/09/06 12:45:26.497, GPU-59ee7ef9-898f-524a-dde1-7a0426a41ecb, Tesla V100-PCIE-16GB, 0, 1022, 1380, 877, 43.91, 250.00, 35
2026/09/06 12:45:27.000, GPU-59ee7ef9-898f-524a-dde1-7a0426a41ecb, Tesla V100-PCIE-16GB, 0, 1022, 1380, 877, 43.91, 250.00, 34
2026/09/06 12:45:27.504, GPU-59ee7ef9-898f-524a-dde1-7a0426a41ecb, Tesla V100-PCIE-16GB, 0, 1022, 1380, 877, 43.81, 250.00, 34
2026/09/06 12:45:28.007, GPU-59ee7ef9-898f-524a-dde1-7a0426a41ecb, Tesla V100-PCIE-16GB, 0, 1022, 1245, 877, 38.16, 250.00, 34
2026/09/06 12:45:28.511, GPU-59ee7ef9-898f-524a-dde1-7a0426a41ecb, Tesla V100-PCIE-16GB, 0, 1022, 1245, 877, 38.16, 250.00, 34
2026/09/06 12:45:29.014, GPU-59ee7ef9-898f-524a-dde1-7a0426a41ecb, Tesla V100-PCIE-16GB, 0, 1022, 1245, 877, 38.07, 250.00, 34
2026/09/06 12:45:29.517, GPU-59ee7ef9-898f-524a-dde1-7a0426a41ecb, Tesla V100-PCIE-16GB, 0, 1022, 1245, 877, 38.17, 250.00, 34
2026/09/06 12:45:30.020, GPU-59ee7ef9-898f-524a-dde1-7a0426a41ecb, Tesla V100-PCIE-16GB, 0, 542, 1245, 877, 38.25, 250.00, 34
2026/09/06 12:45:30.523, GPU-59ee7ef9-898f-524a-dde1-7a0426a41ecb, Tesla V100-PCIE-16GB, 0, 830, 1245, 877, 38.25, 250.00, 34
2026/09/06 12:45:31.026, GPU-59ee7ef9-898f-524a-dde1-7a0426a41ecb, Tesla V100-PCIE-16GB, 26, 1182, 1245, 877, 126.28, 250.00, 35
2026/09/06 12:45:31.533, GPU-59ee7ef9-898f-524a-dde1-7a0426a41ecb, Tesla V100-PCIE-16GB, 94, 1182, 1380, 877, 93.95, 250.00, 37
2026/09/06 12:45:32.039, GPU-59ee7ef9-898f-524a-dde1-7a0426a41ecb, Tesla V100-PCIE-16GB, 96, 1182, 1380, 877, 81.92, 250.00, 37
2026/09/06 12:45:32.542, GPU-59ee7ef9-898f-524a-dde1-7a0426a41ecb, Tesla V100-PCIE-16GB, 90, 1182, 1380, 877, 71.06, 250.00, 38
2026/09/06 12:45:33.045, GPU-59ee7ef9-898f-524a-dde1-7a0426a41ecb, Tesla V100-PCIE-16GB, 66, 1182, 1380, 877, 144.51, 250.00, 38
2026/09/06 12:45:33.548, GPU-59ee7ef9-898f-524a-dde1-7a0426a41ecb, Tesla V100-PCIE-16GB, 93, 1182, 1380, 877, 92.98, 250.00, 38
2026/09/06 12:45:34.051, GPU-59ee7ef9-898f-524a-dde1-7a0426a41ecb, Tesla V100-PCIE-16GB, 43, 1182, 1380, 877, 44.49, 250.00, 37
2026/09/06 12:45:34.554, GPU-59ee7ef9-898f-524a-dde1-7a0426a41ecb, Tesla V100-PCIE-16GB, 88, 1182, 1380, 877, 158.33, 250.00, 39
2026/09/06 12:45:35.057, GPU-59ee7ef9-898f-524a-dde1-7a0426a41ecb, Tesla V100-PCIE-16GB, 60, 1182, 1380, 877, 166.14, 250.00, 38
2026/09/06 12:45:35.560, GPU-59ee7ef9-898f-524a-dde1-7a0426a41ecb, Tesla V100-PCIE-16GB, 68, 1182, 1380, 877, 160.18, 250.00, 38
2026/09/06 12:45:36.063, GPU-59ee7ef9-898f-524a-dde1-7a0426a41ecb, Tesla V100-PCIE-16GB, 48, 1182, 1380, 877, 148.39, 250.00, 39
2026/09/06 12:45:36.566, GPU-59ee7ef9-898f-524a-dde1-7a0426a41ecb, Tesla V100-PCIE-16GB, 97, 1182, 1380, 877, 127.54, 250.00, 38
2026/09/06 12:45:37.069, GPU-59ee7ef9-898f-524a-dde1-7a0426a41ecb, Tesla V100-PCIE-16GB, 15, 1182, 1380, 877, 161.44, 250.00, 38
2026/09/06 12:45:37.574, GPU-59ee7ef9-898f-524a-dde1-7a0426a41ecb, Tesla V100-PCIE-16GB, 91, 1182, 1380, 877, 98.43, 250.00, 39
2026/09/06 12:45:38.077, GPU-59ee7ef9-898f-524a-dde1-7a0426a41ecb, Tesla V100-PCIE-16GB, 55, 1182, 1380, 877, 44.78, 250.00, 38
2026/09/06 12:45:38.580, GPU-59ee7ef9-898f-524a-dde1-7a0426a41ecb, Tesla V100-PCIE-16GB, 88, 1182, 1380, 877, 163.82, 250.00, 40
2026/09/06 12:45:39.083, GPU-59ee7ef9-898f-524a-dde1-7a0426a41ecb, Tesla V100-PCIE-16GB, 91, 1182, 1380, 877, 167.67, 250.00, 40
2026/09/06 12:45:39.586, GPU-59ee7ef9-898f-524a-dde1-7a0426a41ecb, Tesla V100-PCIE-16GB, 90, 1182, 1380, 877, 169.10, 250.00, 40
2026/09/06 12:45:40.089, GPU-59ee7ef9-898f-524a-dde1-7a0426a41ecb, Tesla V100-PCIE-16GB, 0, 1182, 1380, 877, 44.29, 250.00, 37
2026/09/06 12:45:40.592, GPU-59ee7ef9-898f-524a-dde1-7a0426a41ecb, Tesla V100-PCIE-16GB, 0, 606, 1380, 877, 44.20, 250.00, 37
2026/09/06 12:45:41.095, GPU-59ee7ef9-898f-524a-dde1-7a0426a41ecb, Tesla V100-PCIE-16GB, 15, 1182, 1380, 877, 44.59, 250.00, 37
2026/09/06 12:45:41.598, GPU-59ee7ef9-898f-524a-dde1-7a0426a41ecb, Tesla V100-PCIE-16GB, 91, 1182, 1380, 877, 151.67, 250.00, 39
2026/09/06 12:45:42.104, GPU-59ee7ef9-898f-524a-dde1-7a0426a41ecb, Tesla V100-PCIE-16GB, 1, 1182, 1380, 877, 150.45, 250.00, 38
2026/09/06 12:45:42.606, GPU-59ee7ef9-898f-524a-dde1-7a0426a41ecb, Tesla V100-PCIE-16GB, 94, 1182, 1380, 877, 112.86, 250.00, 40
2026/09/06 12:45:43.109, GPU-59ee7ef9-898f-524a-dde1-7a0426a41ecb, Tesla V100-PCIE-16GB, 68, 1182, 1380, 877, 89.40, 250.00, 39
2026/09/06 12:45:43.612, GPU-59ee7ef9-898f-524a-dde1-7a0426a41ecb, Tesla V100-PCIE-16GB, 95, 1182, 1380, 877, 165.59, 250.00, 40
2026/09/06 12:45:44.115, GPU-59ee7ef9-898f-524a-dde1-7a0426a41ecb, Tesla V100-PCIE-16GB, 89, 1182, 1380, 877, 48.95, 250.00, 40
2026/09/06 12:45:44.618, GPU-59ee7ef9-898f-524a-dde1-7a0426a41ecb, Tesla V100-PCIE-16GB, 26, 1184, 1380, 877, 162.07, 250.00, 40
2026/09/06 12:45:45.121, GPU-59ee7ef9-898f-524a-dde1-7a0426a41ecb, Tesla V100-PCIE-16GB, 94, 1184, 1380, 877, 82.70, 250.00, 40
2026/09/06 12:45:45.624, GPU-59ee7ef9-898f-524a-dde1-7a0426a41ecb, Tesla V100-PCIE-16GB, 95, 1184, 1380, 877, 121.34, 250.00, 40
2026/09/06 12:45:46.127, GPU-59ee7ef9-898f-524a-dde1-7a0426a41ecb, Tesla V100-PCIE-16GB, 69, 1184, 1380, 877, 136.54, 250.00, 41
2026/09/06 12:45:46.636, GPU-59ee7ef9-898f-524a-dde1-7a0426a41ecb, Tesla V100-PCIE-16GB, 92, 1184, 1380, 877, 89.21, 250.00, 41
2026/09/06 12:45:47.145, GPU-59ee7ef9-898f-524a-dde1-7a0426a41ecb, Tesla V100-PCIE-16GB, 67, 1184, 1380, 877, 56.56, 250.00, 41
2026/09/06 12:45:47.648, GPU-59ee7ef9-898f-524a-dde1-7a0426a41ecb, Tesla V100-PCIE-16GB, 94, 1184, 1380, 877, 166.87, 250.00, 41
2026/09/06 12:45:48.151, GPU-59ee7ef9-898f-524a-dde1-7a0426a41ecb, Tesla V100-PCIE-16GB, 89, 1184, 1380, 877, 163.19, 250.00, 41
2026/09/06 12:45:48.654, GPU-59ee7ef9-898f-524a-dde1-7a0426a41ecb, Tesla V100-PCIE-16GB, 97, 1184, 1380, 877, 54.22, 250.00, 40
2026/09/06 12:45:49.157, GPU-59ee7ef9-898f-524a-dde1-7a0426a41ecb, Tesla V100-PCIE-16GB, 14, 1184, 1380, 877, 142.27, 250.00, 41
2026/09/06 12:45:49.660, GPU-59ee7ef9-898f-524a-dde1-7a0426a41ecb, Tesla V100-PCIE-16GB, 97, 1184, 1380, 877, 167.48, 250.00, 41
2026/09/06 12:45:50.163, GPU-59ee7ef9-898f-524a-dde1-7a0426a41ecb, Tesla V100-PCIE-16GB, 1, 1184, 1380, 877, 44.78, 250.00, 39
2026/09/06 12:45:50.666, GPU-59ee7ef9-898f-524a-dde1-7a0426a41ecb, Tesla V100-PCIE-16GB, 13, 992, 1380, 877, 44.79, 250.00, 39
2026/09/06 12:45:51.169, GPU-59ee7ef9-898f-524a-dde1-7a0426a41ecb, Tesla V100-PCIE-16GB, 94, 1344, 1380, 877, 108.39, 250.00, 40
2026/09/06 12:45:51.672, GPU-59ee7ef9-898f-524a-dde1-7a0426a41ecb, Tesla V100-PCIE-16GB, 84, 1344, 1380, 877, 137.39, 250.00, 40
2026/09/06 12:45:52.175, GPU-59ee7ef9-898f-524a-dde1-7a0426a41ecb, Tesla V100-PCIE-16GB, 97, 1344, 1380, 877, 165.15, 250.00, 41
2026/09/06 12:45:52.678, GPU-59ee7ef9-898f-524a-dde1-7a0426a41ecb, Tesla V100-PCIE-16GB, 93, 1344, 1380, 877, 82.99, 250.00, 41
2026/09/06 12:45:53.181, GPU-59ee7ef9-898f-524a-dde1-7a0426a41ecb, Tesla V100-PCIE-16GB, 94, 1344, 1380, 877, 90.54, 250.00, 41
2026/09/06 12:45:53.684, GPU-59ee7ef9-898f-524a-dde1-7a0426a41ecb, Tesla V100-PCIE-16GB, 74, 1344, 1380, 877, 162.85, 250.00, 42
2026/09/06 12:45:54.187, GPU-59ee7ef9-898f-524a-dde1-7a0426a41ecb, Tesla V100-PCIE-16GB, 93, 1344, 1380, 877, 90.87, 250.00, 42
2026/09/06 12:45:54.690, GPU-59ee7ef9-898f-524a-dde1-7a0426a41ecb, Tesla V100-PCIE-16GB, 57, 1344, 1380, 877, 150.58, 250.00, 41
2026/09/06 12:45:55.193, GPU-59ee7ef9-898f-524a-dde1-7a0426a41ecb, Tesla V100-PCIE-16GB, 69, 1344, 1380, 877, 152.79, 250.00, 42
2026/09/06 12:45:55.696, GPU-59ee7ef9-898f-524a-dde1-7a0426a41ecb, Tesla V100-PCIE-16GB, 73, 1344, 1380, 877, 46.64, 250.00, 41
2026/09/06 12:45:56.199, GPU-59ee7ef9-898f-524a-dde1-7a0426a41ecb, Tesla V100-PCIE-16GB, 76, 1344, 1380, 877, 165.72, 250.00, 42
2026/09/06 12:45:56.702, GPU-59ee7ef9-898f-524a-dde1-7a0426a41ecb, Tesla V100-PCIE-16GB, 91, 1344, 1380, 877, 84.26, 250.00, 42
2026/09/06 12:45:57.208, GPU-59ee7ef9-898f-524a-dde1-7a0426a41ecb, Tesla V100-PCIE-16GB, 95, 1344, 1380, 877, 45.37, 250.00, 41
2026/09/06 12:45:57.710, GPU-59ee7ef9-898f-524a-dde1-7a0426a41ecb, Tesla V100-PCIE-16GB, 92, 1344, 1380, 877, 171.39, 250.00, 43
2026/09/06 12:45:58.213, GPU-59ee7ef9-898f-524a-dde1-7a0426a41ecb, Tesla V100-PCIE-16GB, 94, 1344, 1380, 877, 159.48, 250.00, 42
2026/09/06 12:45:58.718, GPU-59ee7ef9-898f-524a-dde1-7a0426a41ecb, Tesla V100-PCIE-16GB, 93, 1344, 1380, 877, 171.50, 250.00, 43
2026/09/06 12:45:59.221, GPU-59ee7ef9-898f-524a-dde1-7a0426a41ecb, Tesla V100-PCIE-16GB, 93, 1344, 1380, 877, 166.15, 250.00, 43
2026/09/06 12:45:59.724, GPU-59ee7ef9-898f-524a-dde1-7a0426a41ecb, Tesla V100-PCIE-16GB, 16, 1344, 1380, 877, 45.08, 250.00, 41
2026/09/06 12:46:00.228, GPU-59ee7ef9-898f-524a-dde1-7a0426a41ecb, Tesla V100-PCIE-16GB, 9, 832, 1380, 877, 44.79, 250.00, 40
2026/09/06 12:46:00.731, GPU-59ee7ef9-898f-524a-dde1-7a0426a41ecb, Tesla V100-PCIE-16GB, 11, 1472, 1380, 877, 147.42, 250.00, 41
2026/09/06 12:46:01.234, GPU-59ee7ef9-898f-524a-dde1-7a0426a41ecb, Tesla V100-PCIE-16GB, 91, 1472, 1380, 877, 155.60, 250.00, 42
2026/09/06 12:46:01.737, GPU-59ee7ef9-898f-524a-dde1-7a0426a41ecb, Tesla V100-PCIE-16GB, 42, 1472, 1380, 877, 142.83, 250.00, 42
2026/09/06 12:46:02.240, GPU-59ee7ef9-898f-524a-dde1-7a0426a41ecb, Tesla V100-PCIE-16GB, 95, 1472, 1380, 877, 155.98, 250.00, 42
2026/09/06 12:46:02.743, GPU-59ee7ef9-898f-524a-dde1-7a0426a41ecb, Tesla V100-PCIE-16GB, 27, 1472, 1380, 877, 131.19, 250.00, 41
2026/09/06 12:46:03.246, GPU-59ee7ef9-898f-524a-dde1-7a0426a41ecb, Tesla V100-PCIE-16GB, 93, 1472, 1380, 877, 83.28, 250.00, 42
2026/09/06 12:46:03.749, GPU-59ee7ef9-898f-524a-dde1-7a0426a41ecb, Tesla V100-PCIE-16GB, 56, 1472, 1380, 877, 146.38, 250.00, 42
2026/09/06 12:46:04.252, GPU-59ee7ef9-898f-524a-dde1-7a0426a41ecb, Tesla V100-PCIE-16GB, 87, 1472, 1380, 877, 135.81, 250.00, 44
2026/09/06 12:46:04.755, GPU-59ee7ef9-898f-524a-dde1-7a0426a41ecb, Tesla V100-PCIE-16GB, 96, 1472, 1380, 877, 45.76, 250.00, 42
2026/09/06 12:46:05.258, GPU-59ee7ef9-898f-524a-dde1-7a0426a41ecb, Tesla V100-PCIE-16GB, 92, 1472, 1380, 877, 155.07, 250.00, 43
2026/09/06 12:46:05.761, GPU-59ee7ef9-898f-524a-dde1-7a0426a41ecb, Tesla V100-PCIE-16GB, 94, 1472, 1380, 877, 78.05, 250.00, 43
2026/09/06 12:46:06.264, GPU-59ee7ef9-898f-524a-dde1-7a0426a41ecb, Tesla V100-PCIE-16GB, 95, 1472, 1380, 877, 171.52, 250.00, 44
2026/09/06 12:46:06.767, GPU-59ee7ef9-898f-524a-dde1-7a0426a41ecb, Tesla V100-PCIE-16GB, 62, 1472, 1380, 877, 132.28, 250.00, 44
2026/09/06 12:46:07.272, GPU-59ee7ef9-898f-524a-dde1-7a0426a41ecb, Tesla V100-PCIE-16GB, 92, 1472, 1380, 877, 83.48, 250.00, 43
2026/09/06 12:46:07.775, GPU-59ee7ef9-898f-524a-dde1-7a0426a41ecb, Tesla V100-PCIE-16GB, 81, 1472, 1380, 877, 165.46, 250.00, 44
2026/09/06 12:46:08.278, GPU-59ee7ef9-898f-524a-dde1-7a0426a41ecb, Tesla V100-PCIE-16GB, 40, 1472, 1380, 877, 90.28, 250.00, 44
2026/09/06 12:46:08.781, GPU-59ee7ef9-898f-524a-dde1-7a0426a41ecb, Tesla V100-PCIE-16GB, 69, 1472, 1380, 877, 46.92, 250.00, 43
2026/09/06 12:46:09.284, GPU-59ee7ef9-898f-524a-dde1-7a0426a41ecb, Tesla V100-PCIE-16GB, 97, 1472, 1380, 877, 173.66, 250.00, 44
2026/09/06 12:46:09.787, GPU-59ee7ef9-898f-524a-dde1-7a0426a41ecb, Tesla V100-PCIE-16GB, 0, 1472, 1380, 877, 45.27, 250.00, 42
2026/09/06 12:46:10.290, GPU-59ee7ef9-898f-524a-dde1-7a0426a41ecb, Tesla V100-PCIE-16GB, 13, 1152, 1380, 877, 45.85, 250.00, 41
2026/09/06 12:46:10.793, GPU-59ee7ef9-898f-524a-dde1-7a0426a41ecb, Tesla V100-PCIE-16GB, 93, 1472, 1380, 877, 111.48, 250.00, 43
2026/09/06 12:46:11.296, GPU-59ee7ef9-898f-524a-dde1-7a0426a41ecb, Tesla V100-PCIE-16GB, 97, 1472, 1380, 877, 52.76, 250.00, 43
2026/09/06 12:46:11.799, GPU-59ee7ef9-898f-524a-dde1-7a0426a41ecb, Tesla V100-PCIE-16GB, 36, 1472, 1380, 877, 159.07, 250.00, 42
2026/09/06 12:46:12.302, GPU-59ee7ef9-898f-524a-dde1-7a0426a41ecb, Tesla V100-PCIE-16GB, 87, 1472, 1380, 877, 101.61, 250.00, 44
2026/09/06 12:46:12.805, GPU-59ee7ef9-898f-524a-dde1-7a0426a41ecb, Tesla V100-PCIE-16GB, 96, 1472, 1380, 877, 45.85, 250.00, 42
2026/09/06 12:46:13.308, GPU-59ee7ef9-898f-524a-dde1-7a0426a41ecb, Tesla V100-PCIE-16GB, 97, 1472, 1380, 877, 137.90, 250.00, 44
2026/09/06 12:46:13.811, GPU-59ee7ef9-898f-524a-dde1-7a0426a41ecb, Tesla V100-PCIE-16GB, 75, 1472, 1380, 877, 83.58, 250.00, 44
2026/09/06 12:46:14.316, GPU-59ee7ef9-898f-524a-dde1-7a0426a41ecb, Tesla V100-PCIE-16GB, 92, 1472, 1380, 877, 152.56, 250.00, 44
2026/09/06 12:46:14.819, GPU-59ee7ef9-898f-524a-dde1-7a0426a41ecb, Tesla V100-PCIE-16GB, 71, 1472, 1380, 877, 168.16, 250.00, 44
2026/09/06 12:46:15.322, GPU-59ee7ef9-898f-524a-dde1-7a0426a41ecb, Tesla V100-PCIE-16GB, 18, 1472, 1380, 877, 169.35, 250.00, 44
2026/09/06 12:46:15.825, GPU-59ee7ef9-898f-524a-dde1-7a0426a41ecb, Tesla V100-PCIE-16GB, 97, 1472, 1380, 877, 170.46, 250.00, 44
2026/09/06 12:46:16.328, GPU-59ee7ef9-898f-524a-dde1-7a0426a41ecb, Tesla V100-PCIE-16GB, 12, 1472, 1380, 877, 162.94, 250.00, 44
2026/09/06 12:46:16.831, GPU-59ee7ef9-898f-524a-dde1-7a0426a41ecb, Tesla V100-PCIE-16GB, 91, 1472, 1380, 877, 83.58, 250.00, 44
2026/09/06 12:46:17.334, GPU-59ee7ef9-898f-524a-dde1-7a0426a41ecb, Tesla V100-PCIE-16GB, 83, 1472, 1380, 877, 45.94, 250.00, 43
2026/09/06 12:46:17.837, GPU-59ee7ef9-898f-524a-dde1-7a0426a41ecb, Tesla V100-PCIE-16GB, 90, 1472, 1380, 877, 173.17, 250.00, 45
2026/09/06 12:46:18.340, GPU-59ee7ef9-898f-524a-dde1-7a0426a41ecb, Tesla V100-PCIE-16GB, 92, 1472, 1380, 877, 47.31, 250.00, 44
2026/09/06 12:46:18.843, GPU-59ee7ef9-898f-524a-dde1-7a0426a41ecb, Tesla V100-PCIE-16GB, 94, 1472, 1380, 877, 168.93, 250.00, 45
2026/09/06 12:46:19.347, GPU-59ee7ef9-898f-524a-dde1-7a0426a41ecb, Tesla V100-PCIE-16GB, 94, 1472, 1380, 877, 73.58, 250.00, 45
2026/09/06 12:46:19.850, GPU-59ee7ef9-898f-524a-dde1-7a0426a41ecb, Tesla V100-PCIE-16GB, 0, 1024, 1380, 877, 45.57, 250.00, 42
2026/09/06 12:46:20.353, GPU-59ee7ef9-898f-524a-dde1-7a0426a41ecb, Tesla V100-PCIE-16GB, 0, 1024, 1380, 877, 45.18, 250.00, 42
2026/09/06 12:46:20.856, GPU-59ee7ef9-898f-524a-dde1-7a0426a41ecb, Tesla V100-PCIE-16GB, 0, 1024, 1380, 877, 45.08, 250.00, 42
2026/09/06 12:46:21.359, GPU-59ee7ef9-898f-524a-dde1-7a0426a41ecb, Tesla V100-PCIE-16GB, 24, 2048, 1380, 877, 45.08, 250.00, 41
2026/09/06 12:46:21.862, GPU-59ee7ef9-898f-524a-dde1-7a0426a41ecb, Tesla V100-PCIE-16GB, 0, 2048, 1380, 877, 45.08, 250.00, 41
2026/09/06 12:46:22.365, GPU-59ee7ef9-898f-524a-dde1-7a0426a41ecb, Tesla V100-PCIE-16GB, 0, 2048, 1245, 877, 39.52, 250.00, 41
2026/09/06 12:46:22.868, GPU-59ee7ef9-898f-524a-dde1-7a0426a41ecb, Tesla V100-PCIE-16GB, 0, 2048, 1245, 877, 39.52, 250.00, 41
2026/09/06 12:46:23.371, GPU-59ee7ef9-898f-524a-dde1-7a0426a41ecb, Tesla V100-PCIE-16GB, 14, 2400, 1245, 877, 39.91, 250.00, 40
2026/09/06 12:46:23.873, GPU-59ee7ef9-898f-524a-dde1-7a0426a41ecb, Tesla V100-PCIE-16GB, 1, 2400, 1245, 877, 39.80, 250.00, 40
2026/09/06 12:46:24.379, GPU-59ee7ef9-898f-524a-dde1-7a0426a41ecb, Tesla V100-PCIE-16GB, 7, 2400, 1245, 877, 39.61, 250.00, 40
2026/09/06 12:46:24.882, GPU-59ee7ef9-898f-524a-dde1-7a0426a41ecb, Tesla V100-PCIE-16GB, 0, 2400, 1245, 877, 39.71, 250.00, 40
2026/09/06 12:46:25.385, GPU-59ee7ef9-898f-524a-dde1-7a0426a41ecb, Tesla V100-PCIE-16GB, 0, 2400, 1245, 877, 39.62, 250.00, 40
2026/09/06 12:46:25.888, GPU-59ee7ef9-898f-524a-dde1-7a0426a41ecb, Tesla V100-PCIE-16GB, 0, 2400, 1245, 877, 39.61, 250.00, 40
2026/09/06 12:46:26.391, GPU-59ee7ef9-898f-524a-dde1-7a0426a41ecb, Tesla V100-PCIE-16GB, 0, 2400, 1245, 877, 39.61, 250.00, 40
2026/09/06 12:46:26.896, GPU-59ee7ef9-898f-524a-dde1-7a0426a41ecb, Tesla V100-PCIE-16GB, 0, 2400, 1245, 877, 39.51, 250.00, 40
2026/09/06 12:46:27.398, GPU-59ee7ef9-898f-524a-dde1-7a0426a41ecb, Tesla V100-PCIE-16GB, 0, 2400, 1245, 877, 39.51, 250.00, 40
2026/09/06 12:46:27.901, GPU-59ee7ef9-898f-524a-dde1-7a0426a41ecb, Tesla V100-PCIE-16GB, 0, 2400, 1245, 877, 38.84, 250.00, 40
2026/09/06 12:46:28.404, GPU-59ee7ef9-898f-524a-dde1-7a0426a41ecb, Tesla V100-PCIE-16GB, 0, 2400, 1245, 877, 39.53, 250.00, 40
2026/09/06 12:46:28.909, GPU-59ee7ef9-898f-524a-dde1-7a0426a41ecb, Tesla V100-PCIE-16GB, 0, 2400, 1245, 877, 39.52, 250.00, 39
2026/09/06 12:46:29.412, GPU-59ee7ef9-898f-524a-dde1-7a0426a41ecb, Tesla V100-PCIE-16GB, 0, 2400, 1245, 877, 39.52, 250.00, 39
2026/09/06 12:46:29.915, GPU-59ee7ef9-898f-524a-dde1-7a0426a41ecb, Tesla V100-PCIE-16GB, 0, 2400, 1245, 877, 39.42, 250.00, 39
2026/09/06 12:46:30.418, GPU-59ee7ef9-898f-524a-dde1-7a0426a41ecb, Tesla V100-PCIE-16GB, 0, 2400, 1245, 877, 39.42, 250.00, 39
2026/09/06 12:46:30.921, GPU-59ee7ef9-898f-524a-dde1-7a0426a41ecb, Tesla V100-PCIE-16GB, 0, 2400, 1245, 877, 39.42, 250.00, 39
2026/09/06 12:46:31.426, GPU-59ee7ef9-898f-524a-dde1-7a0426a41ecb, Tesla V100-PCIE-16GB, 0, 2400, 1245, 877, 39.42, 250.00, 39
2026/09/06 12:46:31.929, GPU-59ee7ef9-898f-524a-dde1-7a0426a41ecb, Tesla V100-PCIE-16GB, 83, 2400, 1372, 877, 151.86, 250.00, 42
2026/09/06 12:46:32.431, GPU-59ee7ef9-898f-524a-dde1-7a0426a41ecb, Tesla V100-PCIE-16GB, 99, 2400, 1380, 877, 176.41, 250.00, 43
2026/09/06 12:46:32.934, GPU-59ee7ef9-898f-524a-dde1-7a0426a41ecb, Tesla V100-PCIE-16GB, 99, 2400, 1380, 877, 85.72, 250.00, 43
2026/09/06 12:46:33.437, GPU-59ee7ef9-898f-524a-dde1-7a0426a41ecb, Tesla V100-PCIE-16GB, 67, 2400, 1380, 877, 163.33, 250.00, 44
2026/09/06 12:46:33.940, GPU-59ee7ef9-898f-524a-dde1-7a0426a41ecb, Tesla V100-PCIE-16GB, 99, 2400, 1380, 877, 171.20, 250.00, 45
2026/09/06 12:46:34.443, GPU-59ee7ef9-898f-524a-dde1-7a0426a41ecb, Tesla V100-PCIE-16GB, 99, 2400, 1380, 877, 46.14, 250.00, 43
2026/09/06 12:46:34.946, GPU-59ee7ef9-898f-524a-dde1-7a0426a41ecb, Tesla V100-PCIE-16GB, 99, 2400, 1380, 877, 171.30, 250.00, 45
2026/09/06 12:46:35.450, GPU-59ee7ef9-898f-524a-dde1-7a0426a41ecb, Tesla V100-PCIE-16GB, 99, 2400, 1380, 877, 166.54, 250.00, 46
2026/09/06 12:46:35.952, GPU-59ee7ef9-898f-524a-dde1-7a0426a41ecb, Tesla V100-PCIE-16GB, 92, 2400, 1380, 877, 197.99, 250.00, 46
2026/09/06 12:46:36.455, GPU-59ee7ef9-898f-524a-dde1-7a0426a41ecb, Tesla V100-PCIE-16GB, 99, 2400, 1380, 877, 172.46, 250.00, 46
2026/09/06 12:46:36.961, GPU-59ee7ef9-898f-524a-dde1-7a0426a41ecb, Tesla V100-PCIE-16GB, 75, 2400, 1380, 877, 46.14, 250.00, 44
2026/09/06 12:46:37.464, GPU-59ee7ef9-898f-524a-dde1-7a0426a41ecb, Tesla V100-PCIE-16GB, 99, 2400, 1380, 877, 182.13, 250.00, 46
2026/09/06 12:46:37.968, GPU-59ee7ef9-898f-524a-dde1-7a0426a41ecb, Tesla V100-PCIE-16GB, 99, 2400, 1380, 877, 88.53, 250.00, 45
2026/09/06 12:46:38.471, GPU-59ee7ef9-898f-524a-dde1-7a0426a41ecb, Tesla V100-PCIE-16GB, 99, 2400, 1380, 877, 166.82, 250.00, 47
2026/09/06 12:46:38.974, GPU-59ee7ef9-898f-524a-dde1-7a0426a41ecb, Tesla V100-PCIE-16GB, 99, 2400, 1380, 877, 88.01, 250.00, 46
2026/09/06 12:46:39.477, GPU-59ee7ef9-898f-524a-dde1-7a0426a41ecb, Tesla V100-PCIE-16GB, 99, 2400, 1380, 877, 178.45, 250.00, 47
2026/09/06 12:46:39.980, GPU-59ee7ef9-898f-524a-dde1-7a0426a41ecb, Tesla V100-PCIE-16GB, 99, 2400, 1380, 877, 88.14, 250.00, 46
2026/09/06 12:46:40.483, GPU-59ee7ef9-898f-524a-dde1-7a0426a41ecb, Tesla V100-PCIE-16GB, 26, 2400, 1380, 877, 185.43, 250.00, 47
2026/09/06 12:46:40.986, GPU-59ee7ef9-898f-524a-dde1-7a0426a41ecb, Tesla V100-PCIE-16GB, 99, 2400, 1380, 877, 177.90, 250.00, 47
2026/09/06 12:46:41.489, GPU-59ee7ef9-898f-524a-dde1-7a0426a41ecb, Tesla V100-PCIE-16GB, 93, 2400, 1380, 877, 191.05, 250.00, 47
2026/09/06 12:46:41.992, GPU-59ee7ef9-898f-524a-dde1-7a0426a41ecb, Tesla V100-PCIE-16GB, 99, 2400, 1380, 877, 208.53, 250.00, 48
2026/09/06 12:46:42.495, GPU-59ee7ef9-898f-524a-dde1-7a0426a41ecb, Tesla V100-PCIE-16GB, 64, 2400, 1380, 877, 46.54, 250.00, 45
2026/09/06 12:46:42.998, GPU-59ee7ef9-898f-524a-dde1-7a0426a41ecb, Tesla V100-PCIE-16GB, 99, 2400, 1380, 877, 182.72, 250.00, 48
2026/09/06 12:46:43.503, GPU-59ee7ef9-898f-524a-dde1-7a0426a41ecb, Tesla V100-PCIE-16GB, 99, 2400, 1380, 877, 179.39, 250.00, 47
2026/09/06 12:46:44.006, GPU-59ee7ef9-898f-524a-dde1-7a0426a41ecb, Tesla V100-PCIE-16GB, 99, 2400, 1380, 877, 213.40, 250.00, 48
2026/09/06 12:46:44.509, GPU-59ee7ef9-898f-524a-dde1-7a0426a41ecb, Tesla V100-PCIE-16GB, 99, 2400, 1380, 877, 74.46, 250.00, 47
2026/09/06 12:46:45.012, GPU-59ee7ef9-898f-524a-dde1-7a0426a41ecb, Tesla V100-PCIE-16GB, 99, 2400, 1380, 877, 200.73, 250.00, 49
2026/09/06 12:46:45.515, GPU-59ee7ef9-898f-524a-dde1-7a0426a41ecb, Tesla V100-PCIE-16GB, 98, 2400, 1380, 877, 89.31, 250.00, 48
2026/09/06 12:46:46.018, GPU-59ee7ef9-898f-524a-dde1-7a0426a41ecb, Tesla V100-PCIE-16GB, 99, 2400, 1380, 877, 200.61, 250.00, 48
2026/09/06 12:46:46.521, GPU-59ee7ef9-898f-524a-dde1-7a0426a41ecb, Tesla V100-PCIE-16GB, 99, 2400, 1380, 877, 180.68, 250.00, 49
2026/09/06 12:46:47.024, GPU-59ee7ef9-898f-524a-dde1-7a0426a41ecb, Tesla V100-PCIE-16GB, 99, 2400, 1380, 877, 176.70, 250.00, 49
2026/09/06 12:46:47.527, GPU-59ee7ef9-898f-524a-dde1-7a0426a41ecb, Tesla V100-PCIE-16GB, 99, 2400, 1380, 877, 211.34, 250.00, 49
2026/09/06 12:46:48.030, GPU-59ee7ef9-898f-524a-dde1-7a0426a41ecb, Tesla V100-PCIE-16GB, 51, 2400, 1380, 877, 179.65, 250.00, 48
2026/09/06 12:46:48.533, GPU-59ee7ef9-898f-524a-dde1-7a0426a41ecb, Tesla V100-PCIE-16GB, 99, 2400, 1380, 877, 217.54, 250.00, 50
2026/09/06 12:46:49.038, GPU-59ee7ef9-898f-524a-dde1-7a0426a41ecb, Tesla V100-PCIE-16GB, 75, 2400, 1380, 877, 52.47, 250.00, 48
2026/09/06 12:46:49.541, GPU-59ee7ef9-898f-524a-dde1-7a0426a41ecb, Tesla V100-PCIE-16GB, 99, 2400, 1380, 877, 178.97, 250.00, 50
2026/09/06 12:46:50.046, GPU-59ee7ef9-898f-524a-dde1-7a0426a41ecb, Tesla V100-PCIE-16GB, 77, 2400, 1380, 877, 48.56, 250.00, 48
2026/09/06 12:46:50.549, GPU-59ee7ef9-898f-524a-dde1-7a0426a41ecb, Tesla V100-PCIE-16GB, 99, 2400, 1380, 877, 177.54, 250.00, 49
2026/09/06 12:46:51.052, GPU-59ee7ef9-898f-524a-dde1-7a0426a41ecb, Tesla V100-PCIE-16GB, 99, 2400, 1380, 877, 89.70, 250.00, 49
2026/09/06 12:46:51.555, GPU-59ee7ef9-898f-524a-dde1-7a0426a41ecb, Tesla V100-PCIE-16GB, 99, 2400, 1380, 877, 181.56, 250.00, 50
2026/09/06 12:46:52.058, GPU-59ee7ef9-898f-524a-dde1-7a0426a41ecb, Tesla V100-PCIE-16GB, 99, 2400, 1380, 877, 89.50, 250.00, 50
2026/09/06 12:46:52.561, GPU-59ee7ef9-898f-524a-dde1-7a0426a41ecb, Tesla V100-PCIE-16GB, 98, 2400, 1380, 877, 195.96, 250.00, 50
2026/09/06 12:46:53.064, GPU-59ee7ef9-898f-524a-dde1-7a0426a41ecb, Tesla V100-PCIE-16GB, 98, 2400, 1380, 877, 181.01, 250.00, 50
2026/09/06 12:46:53.567, GPU-59ee7ef9-898f-524a-dde1-7a0426a41ecb, Tesla V100-PCIE-16GB, 98, 2400, 1380, 877, 216.34, 250.00, 50
2026/09/06 12:46:54.070, GPU-59ee7ef9-898f-524a-dde1-7a0426a41ecb, Tesla V100-PCIE-16GB, 98, 2400, 1380, 877, 190.69, 250.00, 51
2026/09/06 12:46:54.577, GPU-59ee7ef9-898f-524a-dde1-7a0426a41ecb, Tesla V100-PCIE-16GB, 6, 2400, 1380, 877, 190.37, 250.00, 49
2026/09/06 12:46:55.080, GPU-59ee7ef9-898f-524a-dde1-7a0426a41ecb, Tesla V100-PCIE-16GB, 99, 2400, 1380, 877, 185.04, 250.00, 51
2026/09/06 12:46:55.583, GPU-59ee7ef9-898f-524a-dde1-7a0426a41ecb, Tesla V100-PCIE-16GB, 94, 2400, 1380, 877, 201.86, 250.00, 50
2026/09/06 12:46:56.086, GPU-59ee7ef9-898f-524a-dde1-7a0426a41ecb, Tesla V100-PCIE-16GB, 98, 2400, 1380, 877, 191.22, 250.00, 51
2026/09/06 12:46:56.618, GPU-59ee7ef9-898f-524a-dde1-7a0426a41ecb, Tesla V100-PCIE-16GB, 43, 2400, 1380, 877, 47.32, 250.00, 48
2026/09/06 12:46:57.121, GPU-59ee7ef9-898f-524a-dde1-7a0426a41ecb, Tesla V100-PCIE-16GB, 98, 2400, 1380, 877, 180.00, 250.00, 51
2026/09/06 12:46:57.624, GPU-59ee7ef9-898f-524a-dde1-7a0426a41ecb, Tesla V100-PCIE-16GB, 99, 2400, 1380, 877, 89.60, 250.00, 50
2026/09/06 12:46:58.126, GPU-59ee7ef9-898f-524a-dde1-7a0426a41ecb, Tesla V100-PCIE-16GB, 99, 2400, 1380, 877, 179.65, 250.00, 51
2026/09/06 12:46:58.629, GPU-59ee7ef9-898f-524a-dde1-7a0426a41ecb, Tesla V100-PCIE-16GB, 99, 2400, 1380, 877, 88.92, 250.00, 50
2026/09/06 12:46:59.132, GPU-59ee7ef9-898f-524a-dde1-7a0426a41ecb, Tesla V100-PCIE-16GB, 28, 2400, 1380, 877, 46.84, 250.00, 48
2026/09/06 12:46:59.635, GPU-59ee7ef9-898f-524a-dde1-7a0426a41ecb, Tesla V100-PCIE-16GB, 0, 2400, 1380, 877, 46.55, 250.00, 47
2026/09/06 12:47:00.138, GPU-59ee7ef9-898f-524a-dde1-7a0426a41ecb, Tesla V100-PCIE-16GB, 0, 1088, 1380, 877, 46.35, 250.00, 46
2026/09/06 12:47:00.641, GPU-59ee7ef9-898f-524a-dde1-7a0426a41ecb, Tesla V100-PCIE-16GB, 0, 1088, 1380, 877, 46.25, 250.00, 46
2026/09/06 12:47:01.144, GPU-59ee7ef9-898f-524a-dde1-7a0426a41ecb, Tesla V100-PCIE-16GB, 32, 2112, 1380, 877, 52.85, 250.00, 46
2026/09/06 12:47:01.647, GPU-59ee7ef9-898f-524a-dde1-7a0426a41ecb, Tesla V100-PCIE-16GB, 1, 2144, 1380, 877, 46.94, 250.00, 45
2026/09/06 12:47:02.149, GPU-59ee7ef9-898f-524a-dde1-7a0426a41ecb, Tesla V100-PCIE-16GB, 99, 2400, 1380, 877, 169.03, 250.00, 48
2026/09/06 12:47:02.655, GPU-59ee7ef9-898f-524a-dde1-7a0426a41ecb, Tesla V100-PCIE-16GB, 99, 2400, 1380, 877, 183.78, 250.00, 50
2026/09/06 12:47:03.158, GPU-59ee7ef9-898f-524a-dde1-7a0426a41ecb, Tesla V100-PCIE-16GB, 99, 2400, 1380, 877, 47.81, 250.00, 48
2026/09/06 12:47:03.661, GPU-59ee7ef9-898f-524a-dde1-7a0426a41ecb, Tesla V100-PCIE-16GB, 98, 2400, 1380, 877, 183.75, 250.00, 50
2026/09/06 12:47:04.164, GPU-59ee7ef9-898f-524a-dde1-7a0426a41ecb, Tesla V100-PCIE-16GB, 99, 2400, 1380, 877, 158.67, 250.00, 50
2026/09/06 12:47:04.667, GPU-59ee7ef9-898f-524a-dde1-7a0426a41ecb, Tesla V100-PCIE-16GB, 98, 2400, 1380, 877, 141.27, 250.00, 49
2026/09/06 12:47:05.170, GPU-59ee7ef9-898f-524a-dde1-7a0426a41ecb, Tesla V100-PCIE-16GB, 99, 2400, 1380, 877, 176.38, 250.00, 51
2026/09/06 12:47:05.673, GPU-59ee7ef9-898f-524a-dde1-7a0426a41ecb, Tesla V100-PCIE-16GB, 99, 2400, 1380, 877, 89.21, 250.00, 50
2026/09/06 12:47:06.176, GPU-59ee7ef9-898f-524a-dde1-7a0426a41ecb, Tesla V100-PCIE-16GB, 87, 2400, 1380, 877, 193.08, 250.00, 51
2026/09/06 12:47:06.679, GPU-59ee7ef9-898f-524a-dde1-7a0426a41ecb, Tesla V100-PCIE-16GB, 99, 2400, 1380, 877, 167.60, 250.00, 51
2026/09/06 12:47:07.185, GPU-59ee7ef9-898f-524a-dde1-7a0426a41ecb, Tesla V100-PCIE-16GB, 69, 2400, 1380, 877, 195.96, 250.00, 51
2026/09/06 12:47:07.688, GPU-59ee7ef9-898f-524a-dde1-7a0426a41ecb, Tesla V100-PCIE-16GB, 99, 2400, 1380, 877, 175.71, 250.00, 52
2026/09/06 12:47:08.191, GPU-59ee7ef9-898f-524a-dde1-7a0426a41ecb, Tesla V100-PCIE-16GB, 39, 2400, 1380, 877, 199.00, 250.00, 50
2026/09/06 12:47:08.694, GPU-59ee7ef9-898f-524a-dde1-7a0426a41ecb, Tesla V100-PCIE-16GB, 99, 2400, 1380, 877, 203.99, 250.00, 52
2026/09/06 12:47:09.197, GPU-59ee7ef9-898f-524a-dde1-7a0426a41ecb, Tesla V100-PCIE-16GB, 99, 2400, 1380, 877, 206.24, 250.00, 51
2026/09/06 12:47:09.700, GPU-59ee7ef9-898f-524a-dde1-7a0426a41ecb, Tesla V100-PCIE-16GB, 99, 2400, 1380, 877, 173.41, 250.00, 52
2026/09/06 12:47:10.203, GPU-59ee7ef9-898f-524a-dde1-7a0426a41ecb, Tesla V100-PCIE-16GB, 99, 2400, 1380, 877, 56.56, 250.00, 51
2026/09/06 12:47:10.706, GPU-59ee7ef9-898f-524a-dde1-7a0426a41ecb, Tesla V100-PCIE-16GB, 99, 2400, 1380, 877, 211.37, 250.00, 52
2026/09/06 12:47:11.209, GPU-59ee7ef9-898f-524a-dde1-7a0426a41ecb, Tesla V100-PCIE-16GB, 99, 2400, 1380, 877, 90.77, 250.00, 51
2026/09/06 12:47:11.712, GPU-59ee7ef9-898f-524a-dde1-7a0426a41ecb, Tesla V100-PCIE-16GB, 99, 2400, 1380, 877, 204.18, 250.00, 52
2026/09/06 12:47:12.215, GPU-59ee7ef9-898f-524a-dde1-7a0426a41ecb, Tesla V100-PCIE-16GB, 99, 2400, 1380, 877, 192.89, 250.00, 53
2026/09/06 12:47:12.718, GPU-59ee7ef9-898f-524a-dde1-7a0426a41ecb, Tesla V100-PCIE-16GB, 55, 2400, 1380, 877, 192.31, 250.00, 52
2026/09/06 12:47:13.221, GPU-59ee7ef9-898f-524a-dde1-7a0426a41ecb, Tesla V100-PCIE-16GB, 99, 2400, 1380, 877, 211.67, 250.00, 53
2026/09/06 12:47:13.727, GPU-59ee7ef9-898f-524a-dde1-7a0426a41ecb, Tesla V100-PCIE-16GB, 93, 2400, 1380, 877, 191.05, 250.00, 52
2026/09/06 12:47:14.230, GPU-59ee7ef9-898f-524a-dde1-7a0426a41ecb, Tesla V100-PCIE-16GB, 98, 2400, 1380, 877, 185.95, 250.00, 53
2026/09/06 12:47:14.733, GPU-59ee7ef9-898f-524a-dde1-7a0426a41ecb, Tesla V100-PCIE-16GB, 80, 2400, 1380, 877, 47.81, 250.00, 50
2026/09/06 12:47:15.236, GPU-59ee7ef9-898f-524a-dde1-7a0426a41ecb, Tesla V100-PCIE-16GB, 99, 2400, 1380, 877, 217.73, 250.00, 53
2026/09/06 12:47:15.739, GPU-59ee7ef9-898f-524a-dde1-7a0426a41ecb, Tesla V100-PCIE-16GB, 98, 2400, 1380, 877, 90.18, 250.00, 52
2026/09/06 12:47:16.242, GPU-59ee7ef9-898f-524a-dde1-7a0426a41ecb, Tesla V100-PCIE-16GB, 99, 2400, 1380, 877, 201.32, 250.00, 53
2026/09/06 12:47:16.745, GPU-59ee7ef9-898f-524a-dde1-7a0426a41ecb, Tesla V100-PCIE-16GB, 99, 2400, 1380, 877, 90.48, 250.00, 52
2026/09/06 12:47:17.248, GPU-59ee7ef9-898f-524a-dde1-7a0426a41ecb, Tesla V100-PCIE-16GB, 57, 2400, 1380, 877, 173.79, 250.00, 53
2026/09/06 12:47:17.750, GPU-59ee7ef9-898f-524a-dde1-7a0426a41ecb, Tesla V100-PCIE-16GB, 99, 2400, 1380, 877, 203.06, 250.00, 53
2026/09/06 12:47:18.253, GPU-59ee7ef9-898f-524a-dde1-7a0426a41ecb, Tesla V100-PCIE-16GB, 98, 2400, 1380, 877, 184.63, 250.00, 53
2026/09/06 12:47:18.756, GPU-59ee7ef9-898f-524a-dde1-7a0426a41ecb, Tesla V100-PCIE-16GB, 98, 2400, 1380, 877, 204.45, 250.00, 54
2026/09/06 12:47:19.261, GPU-59ee7ef9-898f-524a-dde1-7a0426a41ecb, Tesla V100-PCIE-16GB, 56, 2400, 1380, 877, 47.61, 250.00, 51
2026/09/06 12:47:19.764, GPU-59ee7ef9-898f-524a-dde1-7a0426a41ecb, Tesla V100-PCIE-16GB, 99, 2400, 1380, 877, 178.32, 250.00, 54
2026/09/06 12:47:20.267, GPU-59ee7ef9-898f-524a-dde1-7a0426a41ecb, Tesla V100-PCIE-16GB, 99, 2400, 1380, 877, 202.51, 250.00, 53
2026/09/06 12:47:20.770, GPU-59ee7ef9-898f-524a-dde1-7a0426a41ecb, Tesla V100-PCIE-16GB, 99, 2400, 1380, 877, 179.29, 250.00, 54
2026/09/06 12:47:21.273, GPU-59ee7ef9-898f-524a-dde1-7a0426a41ecb, Tesla V100-PCIE-16GB, 99, 2400, 1380, 877, 156.72, 250.00, 53
2026/09/06 12:47:21.776, GPU-59ee7ef9-898f-524a-dde1-7a0426a41ecb, Tesla V100-PCIE-16GB, 99, 2400, 1380, 877, 211.61, 250.00, 54
2026/09/06 12:47:22.278, GPU-59ee7ef9-898f-524a-dde1-7a0426a41ecb, Tesla V100-PCIE-16GB, 99, 2400, 1380, 877, 90.87, 250.00, 53
2026/09/06 12:47:22.781, GPU-59ee7ef9-898f-524a-dde1-7a0426a41ecb, Tesla V100-PCIE-16GB, 99, 2400, 1380, 877, 219.44, 250.00, 54
2026/09/06 12:47:23.285, GPU-59ee7ef9-898f-524a-dde1-7a0426a41ecb, Tesla V100-PCIE-16GB, 99, 2400, 1380, 877, 123.99, 250.00, 55
2026/09/06 12:47:23.787, GPU-59ee7ef9-898f-524a-dde1-7a0426a41ecb, Tesla V100-PCIE-16GB, 19, 2400, 1380, 877, 179.36, 250.00, 53
2026/09/06 12:47:24.290, GPU-59ee7ef9-898f-524a-dde1-7a0426a41ecb, Tesla V100-PCIE-16GB, 99, 2400, 1380, 877, 194.18, 250.00, 54
2026/09/06 12:47:24.793, GPU-59ee7ef9-898f-524a-dde1-7a0426a41ecb, Tesla V100-PCIE-16GB, 99, 2400, 1380, 877, 192.54, 250.00, 54
2026/09/06 12:47:25.296, GPU-59ee7ef9-898f-524a-dde1-7a0426a41ecb, Tesla V100-PCIE-16GB, 98, 2400, 1380, 877, 188.79, 250.00, 55
2026/09/06 12:47:25.801, GPU-59ee7ef9-898f-524a-dde1-7a0426a41ecb, Tesla V100-PCIE-16GB, 68, 2400, 1380, 877, 196.18, 250.00, 54
2026/09/06 12:47:26.304, GPU-59ee7ef9-898f-524a-dde1-7a0426a41ecb, Tesla V100-PCIE-16GB, 98, 2400, 1380, 877, 190.79, 250.00, 55
2026/09/06 12:47:26.807, GPU-59ee7ef9-898f-524a-dde1-7a0426a41ecb, Tesla V100-PCIE-16GB, 41, 2400, 1380, 877, 180.81, 250.00, 54
2026/09/06 12:47:27.310, GPU-59ee7ef9-898f-524a-dde1-7a0426a41ecb, Tesla V100-PCIE-16GB, 99, 2400, 1380, 877, 204.93, 250.00, 55
2026/09/06 12:47:27.813, GPU-59ee7ef9-898f-524a-dde1-7a0426a41ecb, Tesla V100-PCIE-16GB, 99, 2400, 1380, 877, 177.61, 250.00, 55
2026/09/06 12:47:28.316, GPU-59ee7ef9-898f-524a-dde1-7a0426a41ecb, Tesla V100-PCIE-16GB, 99, 2400, 1380, 877, 213.18, 250.00, 55
2026/09/06 12:47:28.820, GPU-59ee7ef9-898f-524a-dde1-7a0426a41ecb, Tesla V100-PCIE-16GB, 99, 2400, 1380, 877, 49.17, 250.00, 53
2026/09/06 12:47:29.323, GPU-59ee7ef9-898f-524a-dde1-7a0426a41ecb, Tesla V100-PCIE-16GB, 0, 2400, 1380, 877, 47.71, 250.00, 51
2026/09/06 12:47:29.825, GPU-59ee7ef9-898f-524a-dde1-7a0426a41ecb, Tesla V100-PCIE-16GB, 0, 896, 1380, 877, 47.42, 250.00, 50
2026/09/06 12:47:30.328, GPU-59ee7ef9-898f-524a-dde1-7a0426a41ecb, Tesla V100-PCIE-16GB, 0, 896, 1380, 877, 47.32, 250.00, 50
2026/09/06 12:47:30.852, GPU-59ee7ef9-898f-524a-dde1-7a0426a41ecb, Tesla V100-PCIE-16GB, 32, 1856, 1380, 877, 47.31, 250.00, 49
2026/09/06 12:47:31.355, GPU-59ee7ef9-898f-524a-dde1-7a0426a41ecb, Tesla V100-PCIE-16GB, 55, 2176, 1380, 877, 157.08, 250.00, 52
2026/09/06 12:47:31.861, GPU-59ee7ef9-898f-524a-dde1-7a0426a41ecb, Tesla V100-PCIE-16GB, 99, 2176, 1380, 877, 157.44, 250.00, 53
2026/09/06 12:47:32.364, GPU-59ee7ef9-898f-524a-dde1-7a0426a41ecb, Tesla V100-PCIE-16GB, 99, 2176, 1380, 877, 93.17, 250.00, 53
2026/09/06 12:47:32.867, GPU-59ee7ef9-898f-524a-dde1-7a0426a41ecb, Tesla V100-PCIE-16GB, 45, 2176, 1380, 877, 165.47, 250.00, 53
2026/09/06 12:47:33.370, GPU-59ee7ef9-898f-524a-dde1-7a0426a41ecb, Tesla V100-PCIE-16GB, 99, 2176, 1380, 877, 169.00, 250.00, 54
2026/09/06 12:47:33.873, GPU-59ee7ef9-898f-524a-dde1-7a0426a41ecb, Tesla V100-PCIE-16GB, 99, 2176, 1380, 877, 89.70, 250.00, 53
2026/09/06 12:47:34.376, GPU-59ee7ef9-898f-524a-dde1-7a0426a41ecb, Tesla V100-PCIE-16GB, 99, 2176, 1380, 877, 166.92, 250.00, 54
2026/09/06 12:47:34.878, GPU-59ee7ef9-898f-524a-dde1-7a0426a41ecb, Tesla V100-PCIE-16GB, 99, 2176, 1380, 877, 179.81, 250.00, 55
2026/09/06 12:47:35.381, GPU-59ee7ef9-898f-524a-dde1-7a0426a41ecb, Tesla V100-PCIE-16GB, 21, 2176, 1380, 877, 196.80, 250.00, 54
2026/09/06 12:47:35.884, GPU-59ee7ef9-898f-524a-dde1-7a0426a41ecb, Tesla V100-PCIE-16GB, 99, 2176, 1380, 877, 170.03, 250.00, 55
2026/09/06 12:47:36.387, GPU-59ee7ef9-898f-524a-dde1-7a0426a41ecb, Tesla V100-PCIE-16GB, 99, 2176, 1380, 877, 75.32, 250.00, 54
2026/09/06 12:47:36.890, GPU-59ee7ef9-898f-524a-dde1-7a0426a41ecb, Tesla V100-PCIE-16GB, 99, 2176, 1380, 877, 184.88, 250.00, 55
2026/09/06 12:47:37.393, GPU-59ee7ef9-898f-524a-dde1-7a0426a41ecb, Tesla V100-PCIE-16GB, 99, 2176, 1380, 877, 91.13, 250.00, 54
2026/09/06 12:47:37.896, GPU-59ee7ef9-898f-524a-dde1-7a0426a41ecb, Tesla V100-PCIE-16GB, 99, 2176, 1380, 877, 177.87, 250.00, 55
2026/09/06 12:47:38.401, GPU-59ee7ef9-898f-524a-dde1-7a0426a41ecb, Tesla V100-PCIE-16GB, 99, 2176, 1380, 877, 118.78, 250.00, 55
2026/09/06 12:47:38.904, GPU-59ee7ef9-898f-524a-dde1-7a0426a41ecb, Tesla V100-PCIE-16GB, 68, 2176, 1380, 877, 213.57, 250.00, 55
2026/09/06 12:47:39.407, GPU-59ee7ef9-898f-524a-dde1-7a0426a41ecb, Tesla V100-PCIE-16GB, 99, 2176, 1380, 877, 207.68, 250.00, 56
2026/09/06 12:47:39.910, GPU-59ee7ef9-898f-524a-dde1-7a0426a41ecb, Tesla V100-PCIE-16GB, 11, 2176, 1380, 877, 180.19, 250.00, 55
2026/09/06 12:47:40.413, GPU-59ee7ef9-898f-524a-dde1-7a0426a41ecb, Tesla V100-PCIE-16GB, 99, 2176, 1380, 877, 189.79, 250.00, 55
2026/09/06 12:47:40.915, GPU-59ee7ef9-898f-524a-dde1-7a0426a41ecb, Tesla V100-PCIE-16GB, 95, 2176, 1380, 877, 183.36, 250.00, 55
2026/09/06 12:47:41.419, GPU-59ee7ef9-898f-524a-dde1-7a0426a41ecb, Tesla V100-PCIE-16GB, 98, 2176, 1380, 877, 174.76, 250.00, 56
2026/09/06 12:47:41.922, GPU-59ee7ef9-898f-524a-dde1-7a0426a41ecb, Tesla V100-PCIE-16GB, 25, 2176, 1380, 877, 48.67, 250.00, 53
2026/09/06 12:47:42.425, GPU-59ee7ef9-898f-524a-dde1-7a0426a41ecb, Tesla V100-PCIE-16GB, 99, 2176, 1380, 877, 183.43, 250.00, 56
2026/09/06 12:47:42.930, GPU-59ee7ef9-898f-524a-dde1-7a0426a41ecb, Tesla V100-PCIE-16GB, 99, 2176, 1380, 877, 91.16, 250.00, 55
2026/09/06 12:47:43.433, GPU-59ee7ef9-898f-524a-dde1-7a0426a41ecb, Tesla V100-PCIE-16GB, 99, 2176, 1380, 877, 180.42, 250.00, 56
2026/09/06 12:47:43.935, GPU-59ee7ef9-898f-524a-dde1-7a0426a41ecb, Tesla V100-PCIE-16GB, 99, 2176, 1380, 877, 96.18, 250.00, 55
2026/09/06 12:47:44.438, GPU-59ee7ef9-898f-524a-dde1-7a0426a41ecb, Tesla V100-PCIE-16GB, 99, 2176, 1380, 877, 176.64, 250.00, 55
2026/09/06 12:47:44.941, GPU-59ee7ef9-898f-524a-dde1-7a0426a41ecb, Tesla V100-PCIE-16GB, 99, 2176, 1380, 877, 205.48, 250.00, 56
2026/09/06 12:47:45.444, GPU-59ee7ef9-898f-524a-dde1-7a0426a41ecb, Tesla V100-PCIE-16GB, 98, 2176, 1380, 877, 206.09, 250.00, 56
2026/09/06 12:47:45.947, GPU-59ee7ef9-898f-524a-dde1-7a0426a41ecb, Tesla V100-PCIE-16GB, 98, 2176, 1380, 877, 186.04, 250.00, 57
2026/09/06 12:47:46.450, GPU-59ee7ef9-898f-524a-dde1-7a0426a41ecb, Tesla V100-PCIE-16GB, 5, 2176, 1380, 877, 150.12, 250.00, 53
2026/09/06 12:47:46.953, GPU-59ee7ef9-898f-524a-dde1-7a0426a41ecb, Tesla V100-PCIE-16GB, 99, 2176, 1380, 877, 214.54, 250.00, 56
2026/09/06 12:47:47.456, GPU-59ee7ef9-898f-524a-dde1-7a0426a41ecb, Tesla V100-PCIE-16GB, 100, 2176, 1380, 877, 159.94, 250.00, 55
2026/09/06 12:47:47.959, GPU-59ee7ef9-898f-524a-dde1-7a0426a41ecb, Tesla V100-PCIE-16GB, 99, 2176, 1380, 877, 217.11, 250.00, 57
2026/09/06 12:47:48.465, GPU-59ee7ef9-898f-524a-dde1-7a0426a41ecb, Tesla V100-PCIE-16GB, 100, 2176, 1380, 877, 73.58, 250.00, 55
2026/09/06 12:47:48.968, GPU-59ee7ef9-898f-524a-dde1-7a0426a41ecb, Tesla V100-PCIE-16GB, 99, 2176, 1380, 877, 176.83, 250.00, 56
2026/09/06 12:47:49.472, GPU-59ee7ef9-898f-524a-dde1-7a0426a41ecb, Tesla V100-PCIE-16GB, 99, 2176, 1380, 877, 199.28, 250.00, 57
2026/09/06 12:47:49.975, GPU-59ee7ef9-898f-524a-dde1-7a0426a41ecb, Tesla V100-PCIE-16GB, 99, 2176, 1380, 877, 184.01, 250.00, 57
2026/09/06 12:47:50.478, GPU-59ee7ef9-898f-524a-dde1-7a0426a41ecb, Tesla V100-PCIE-16GB, 99, 2176, 1380, 877, 201.00, 250.00, 57
2026/09/06 12:47:50.981, GPU-59ee7ef9-898f-524a-dde1-7a0426a41ecb, Tesla V100-PCIE-16GB, 31, 2176, 1380, 877, 188.89, 250.00, 56
2026/09/06 12:47:51.484, GPU-59ee7ef9-898f-524a-dde1-7a0426a41ecb, Tesla V100-PCIE-16GB, 99, 2176, 1380, 877, 205.03, 250.00, 57
2026/09/06 12:47:51.987, GPU-59ee7ef9-898f-524a-dde1-7a0426a41ecb, Tesla V100-PCIE-16GB, 99, 2176, 1380, 877, 179.00, 250.00, 57
2026/09/06 12:47:52.490, GPU-59ee7ef9-898f-524a-dde1-7a0426a41ecb, Tesla V100-PCIE-16GB, 99, 2176, 1380, 877, 219.73, 250.00, 57
2026/09/06 12:47:52.995, GPU-59ee7ef9-898f-524a-dde1-7a0426a41ecb, Tesla V100-PCIE-16GB, 68, 2176, 1380, 877, 203.88, 250.00, 56
2026/09/06 12:47:53.498, GPU-59ee7ef9-898f-524a-dde1-7a0426a41ecb, Tesla V100-PCIE-16GB, 99, 2176, 1380, 877, 181.06, 250.00, 57
2026/09/06 12:47:54.001, GPU-59ee7ef9-898f-524a-dde1-7a0426a41ecb, Tesla V100-PCIE-16GB, 48, 2176, 1380, 877, 49.27, 250.00, 55
2026/09/06 12:47:54.504, GPU-59ee7ef9-898f-524a-dde1-7a0426a41ecb, Tesla V100-PCIE-16GB, 99, 2176, 1380, 877, 183.14, 250.00, 57
2026/09/06 12:47:55.007, GPU-59ee7ef9-898f-524a-dde1-7a0426a41ecb, Tesla V100-PCIE-16GB, 100, 2176, 1380, 877, 99.08, 250.00, 57
2026/09/06 12:47:55.510, GPU-59ee7ef9-898f-524a-dde1-7a0426a41ecb, Tesla V100-PCIE-16GB, 98, 2176, 1380, 877, 210.24, 250.00, 57
2026/09/06 12:47:56.013, GPU-59ee7ef9-898f-524a-dde1-7a0426a41ecb, Tesla V100-PCIE-16GB, 100, 2176, 1380, 877, 78.63, 250.00, 56
2026/09/06 12:47:56.516, GPU-59ee7ef9-898f-524a-dde1-7a0426a41ecb, Tesla V100-PCIE-16GB, 99, 2176, 1380, 877, 207.10, 250.00, 57
2026/09/06 12:47:57.019, GPU-59ee7ef9-898f-524a-dde1-7a0426a41ecb, Tesla V100-PCIE-16GB, 98, 2176, 1380, 877, 101.42, 250.00, 58
2026/09/06 12:47:57.524, GPU-59ee7ef9-898f-524a-dde1-7a0426a41ecb, Tesla V100-PCIE-16GB, 99, 2176, 1380, 877, 194.81, 250.00, 58
2026/09/06 12:47:58.027, GPU-59ee7ef9-898f-524a-dde1-7a0426a41ecb, Tesla V100-PCIE-16GB, 99, 2176, 1380, 877, 97.36, 250.00, 57
2026/09/06 12:47:58.530, GPU-59ee7ef9-898f-524a-dde1-7a0426a41ecb, Tesla V100-PCIE-16GB, 5, 2176, 1380, 877, 48.68, 250.00, 54
2026/09/06 12:47:59.033, GPU-59ee7ef9-898f-524a-dde1-7a0426a41ecb, Tesla V100-PCIE-16GB, 0, 1024, 1380, 877, 48.29, 250.00, 53
2026/09/06 12:47:59.536, GPU-59ee7ef9-898f-524a-dde1-7a0426a41ecb, Tesla V100-PCIE-16GB, 0, 1024, 1380, 877, 48.10, 250.00, 52
2026/09/06 12:48:00.039, GPU-59ee7ef9-898f-524a-dde1-7a0426a41ecb, Tesla V100-PCIE-16GB, 30, 1888, 1380, 877, 48.19, 250.00, 52
2026/09/06 12:48:00.541, GPU-59ee7ef9-898f-524a-dde1-7a0426a41ecb, Tesla V100-PCIE-16GB, 56, 2272, 1380, 877, 156.13, 250.00, 54
2026/09/06 12:48:01.044, GPU-59ee7ef9-898f-524a-dde1-7a0426a41ecb, Tesla V100-PCIE-16GB, 99, 2272, 1380, 877, 165.76, 250.00, 55
2026/09/06 12:48:01.547, GPU-59ee7ef9-898f-524a-dde1-7a0426a41ecb, Tesla V100-PCIE-16GB, 99, 2272, 1380, 877, 185.88, 250.00, 56
2026/09/06 12:48:02.050, GPU-59ee7ef9-898f-524a-dde1-7a0426a41ecb, Tesla V100-PCIE-16GB, 52, 2272, 1380, 877, 152.15, 250.00, 55
2026/09/06 12:48:02.555, GPU-59ee7ef9-898f-524a-dde1-7a0426a41ecb, Tesla V100-PCIE-16GB, 99, 2272, 1380, 877, 189.05, 250.00, 56
2026/09/06 12:48:03.058, GPU-59ee7ef9-898f-524a-dde1-7a0426a41ecb, Tesla V100-PCIE-16GB, 99, 2272, 1380, 877, 103.65, 250.00, 56
2026/09/06 12:48:03.561, GPU-59ee7ef9-898f-524a-dde1-7a0426a41ecb, Tesla V100-PCIE-16GB, 99, 2272, 1380, 877, 166.05, 250.00, 56
2026/09/06 12:48:04.064, GPU-59ee7ef9-898f-524a-dde1-7a0426a41ecb, Tesla V100-PCIE-16GB, 99, 2272, 1380, 877, 198.21, 250.00, 57
2026/09/06 12:48:04.567, GPU-59ee7ef9-898f-524a-dde1-7a0426a41ecb, Tesla V100-PCIE-16GB, 18, 2272, 1380, 877, 199.90, 250.00, 55
2026/09/06 12:48:05.070, GPU-59ee7ef9-898f-524a-dde1-7a0426a41ecb, Tesla V100-PCIE-16GB, 99, 2272, 1380, 877, 168.28, 250.00, 57
2026/09/06 12:48:05.573, GPU-59ee7ef9-898f-524a-dde1-7a0426a41ecb, Tesla V100-PCIE-16GB, 99, 2272, 1380, 877, 92.00, 250.00, 56
2026/09/06 12:48:06.076, GPU-59ee7ef9-898f-524a-dde1-7a0426a41ecb, Tesla V100-PCIE-16GB, 99, 2272, 1380, 877, 203.87, 250.00, 56
2026/09/06 12:48:06.578, GPU-59ee7ef9-898f-524a-dde1-7a0426a41ecb, Tesla V100-PCIE-16GB, 99, 2272, 1380, 877, 174.60, 250.00, 57
2026/09/06 12:48:07.081, GPU-59ee7ef9-898f-524a-dde1-7a0426a41ecb, Tesla V100-PCIE-16GB, 99, 2272, 1380, 877, 187.18, 250.00, 57
2026/09/06 12:48:07.584, GPU-59ee7ef9-898f-524a-dde1-7a0426a41ecb, Tesla V100-PCIE-16GB, 99, 2272, 1380, 877, 190.28, 250.00, 58
2026/09/06 12:48:08.090, GPU-59ee7ef9-898f-524a-dde1-7a0426a41ecb, Tesla V100-PCIE-16GB, 20, 2272, 1380, 877, 177.58, 250.00, 56
2026/09/06 12:48:08.593, GPU-59ee7ef9-898f-524a-dde1-7a0426a41ecb, Tesla V100-PCIE-16GB, 99, 2272, 1380, 877, 175.83, 250.00, 57
2026/09/06 12:48:09.095, GPU-59ee7ef9-898f-524a-dde1-7a0426a41ecb, Tesla V100-PCIE-16GB, 73, 2272, 1380, 877, 183.01, 250.00, 57
2026/09/06 12:48:09.598, GPU-59ee7ef9-898f-524a-dde1-7a0426a41ecb, Tesla V100-PCIE-16GB, 99, 2272, 1380, 877, 179.65, 250.00, 58
2026/09/06 12:48:10.101, GPU-59ee7ef9-898f-524a-dde1-7a0426a41ecb, Tesla V100-PCIE-16GB, 35, 2272, 1380, 877, 49.36, 250.00, 55
2026/09/06 12:48:10.604, GPU-59ee7ef9-898f-524a-dde1-7a0426a41ecb, Tesla V100-PCIE-16GB, 99, 2272, 1380, 877, 193.41, 250.00, 58
2026/09/06 12:48:11.107, GPU-59ee7ef9-898f-524a-dde1-7a0426a41ecb, Tesla V100-PCIE-16GB, 99, 2272, 1380, 877, 92.59, 250.00, 57
2026/09/06 12:48:11.610, GPU-59ee7ef9-898f-524a-dde1-7a0426a41ecb, Tesla V100-PCIE-16GB, 99, 2272, 1380, 877, 204.00, 250.00, 58
2026/09/06 12:48:12.115, GPU-59ee7ef9-898f-524a-dde1-7a0426a41ecb, Tesla V100-PCIE-16GB, 99, 2272, 1380, 877, 92.88, 250.00, 57
2026/09/06 12:48:12.620, GPU-59ee7ef9-898f-524a-dde1-7a0426a41ecb, Tesla V100-PCIE-16GB, 46, 2272, 1380, 877, 206.68, 250.00, 57
2026/09/06 12:48:13.123, GPU-59ee7ef9-898f-524a-dde1-7a0426a41ecb, Tesla V100-PCIE-16GB, 99, 2272, 1380, 877, 184.43, 250.00, 58
2026/09/06 12:48:13.626, GPU-59ee7ef9-898f-524a-dde1-7a0426a41ecb, Tesla V100-PCIE-16GB, 96, 2272, 1380, 877, 209.00, 250.00, 58
2026/09/06 12:48:14.129, GPU-59ee7ef9-898f-524a-dde1-7a0426a41ecb, Tesla V100-PCIE-16GB, 99, 2272, 1380, 877, 196.03, 250.00, 59
2026/09/06 12:48:14.632, GPU-59ee7ef9-898f-524a-dde1-7a0426a41ecb, Tesla V100-PCIE-16GB, 69, 2272, 1380, 877, 49.75, 250.00, 56
2026/09/06 12:48:15.135, GPU-59ee7ef9-898f-524a-dde1-7a0426a41ecb, Tesla V100-PCIE-16GB, 99, 2272, 1380, 877, 197.90, 250.00, 58
2026/09/06 12:48:15.638, GPU-59ee7ef9-898f-524a-dde1-7a0426a41ecb, Tesla V100-PCIE-16GB, 99, 2272, 1380, 877, 92.30, 250.00, 57
2026/09/06 12:48:16.143, GPU-59ee7ef9-898f-524a-dde1-7a0426a41ecb, Tesla V100-PCIE-16GB, 99, 2272, 1380, 877, 186.53, 250.00, 58
2026/09/06 12:48:16.646, GPU-59ee7ef9-898f-524a-dde1-7a0426a41ecb, Tesla V100-PCIE-16GB, 99, 2272, 1380, 877, 91.94, 250.00, 57
2026/09/06 12:48:17.149, GPU-59ee7ef9-898f-524a-dde1-7a0426a41ecb, Tesla V100-PCIE-16GB, 76, 2272, 1380, 877, 216.95, 250.00, 58
2026/09/06 12:48:17.651, GPU-59ee7ef9-898f-524a-dde1-7a0426a41ecb, Tesla V100-PCIE-16GB, 98, 2272, 1380, 877, 185.27, 250.00, 59
2026/09/06 12:48:18.154, GPU-59ee7ef9-898f-524a-dde1-7a0426a41ecb, Tesla V100-PCIE-16GB, 98, 2272, 1380, 877, 219.40, 250.00, 59
2026/09/06 12:48:18.657, GPU-59ee7ef9-898f-524a-dde1-7a0426a41ecb, Tesla V100-PCIE-16GB, 98, 2272, 1380, 877, 184.27, 250.00, 59
2026/09/06 12:48:19.160, GPU-59ee7ef9-898f-524a-dde1-7a0426a41ecb, Tesla V100-PCIE-16GB, 75, 2272, 1380, 877, 186.79, 250.00, 59
2026/09/06 12:48:19.663, GPU-59ee7ef9-898f-524a-dde1-7a0426a41ecb, Tesla V100-PCIE-16GB, 99, 2272, 1380, 877, 215.38, 250.00, 59
2026/09/06 12:48:20.166, GPU-59ee7ef9-898f-524a-dde1-7a0426a41ecb, Tesla V100-PCIE-16GB, 17, 2272, 1380, 877, 178.55, 250.00, 58
2026/09/06 12:48:20.669, GPU-59ee7ef9-898f-524a-dde1-7a0426a41ecb, Tesla V100-PCIE-16GB, 98, 2272, 1380, 877, 197.73, 250.00, 59
2026/09/06 12:48:21.174, GPU-59ee7ef9-898f-524a-dde1-7a0426a41ecb, Tesla V100-PCIE-16GB, 100, 2272, 1380, 877, 211.50, 250.00, 58
2026/09/06 12:48:21.677, GPU-59ee7ef9-898f-524a-dde1-7a0426a41ecb, Tesla V100-PCIE-16GB, 99, 2272, 1380, 877, 188.15, 250.00, 59
2026/09/06 12:48:22.180, GPU-59ee7ef9-898f-524a-dde1-7a0426a41ecb, Tesla V100-PCIE-16GB, 99, 2272, 1380, 877, 49.85, 250.00, 57
2026/09/06 12:48:22.685, GPU-59ee7ef9-898f-524a-dde1-7a0426a41ecb, Tesla V100-PCIE-16GB, 99, 2272, 1380, 877, 214.74, 250.00, 59
2026/09/06 12:48:23.188, GPU-59ee7ef9-898f-524a-dde1-7a0426a41ecb, Tesla V100-PCIE-16GB, 99, 2272, 1380, 877, 92.20, 250.00, 58
2026/09/06 12:48:23.690, GPU-59ee7ef9-898f-524a-dde1-7a0426a41ecb, Tesla V100-PCIE-16GB, 38, 2272, 1380, 877, 180.49, 250.00, 58
2026/09/06 12:48:24.193, GPU-59ee7ef9-898f-524a-dde1-7a0426a41ecb, Tesla V100-PCIE-16GB, 98, 2272, 1380, 877, 214.63, 250.00, 59
2026/09/06 12:48:24.696, GPU-59ee7ef9-898f-524a-dde1-7a0426a41ecb, Tesla V100-PCIE-16GB, 99, 2272, 1380, 877, 184.79, 250.00, 59
2026/09/06 12:48:25.199, GPU-59ee7ef9-898f-524a-dde1-7a0426a41ecb, Tesla V100-PCIE-16GB, 99, 2272, 1380, 877, 209.32, 250.00, 60
2026/09/06 12:48:25.702, GPU-59ee7ef9-898f-524a-dde1-7a0426a41ecb, Tesla V100-PCIE-16GB, 68, 2272, 1380, 877, 208.07, 250.00, 59
2026/09/06 12:48:26.207, GPU-59ee7ef9-898f-524a-dde1-7a0426a41ecb, Tesla V100-PCIE-16GB, 98, 2272, 1380, 877, 183.36, 250.00, 60
2026/09/06 12:48:26.709, GPU-59ee7ef9-898f-524a-dde1-7a0426a41ecb, Tesla V100-PCIE-16GB, 98, 2272, 1380, 877, 213.16, 250.00, 59
2026/09/06 12:48:27.215, GPU-59ee7ef9-898f-524a-dde1-7a0426a41ecb, Tesla V100-PCIE-16GB, 99, 2272, 1380, 877, 182.65, 250.00, 60
2026/09/06 12:48:27.718, GPU-59ee7ef9-898f-524a-dde1-7a0426a41ecb, Tesla V100-PCIE-16GB, 30, 2272, 1380, 877, 49.36, 250.00, 56
2026/09/06 12:48:28.221, GPU-59ee7ef9-898f-524a-dde1-7a0426a41ecb, Tesla V100-PCIE-16GB, 0, 1152, 1380, 877, 49.36, 250.00, 55
2026/09/06 12:48:28.724, GPU-59ee7ef9-898f-524a-dde1-7a0426a41ecb, Tesla V100-PCIE-16GB, 0, 1152, 1380, 877, 48.69, 250.00, 54
2026/09/06 12:48:29.227, GPU-59ee7ef9-898f-524a-dde1-7a0426a41ecb, Tesla V100-PCIE-16GB, 0, 1152, 1380, 877, 48.58, 250.00, 54
2026/09/06 12:48:29.730, GPU-59ee7ef9-898f-524a-dde1-7a0426a41ecb, Tesla V100-PCIE-16GB, 35, 2080, 1380, 877, 48.58, 250.00, 53
2026/09/06 12:48:30.233, GPU-59ee7ef9-898f-524a-dde1-7a0426a41ecb, Tesla V100-PCIE-16GB, 55, 2400, 1380, 877, 171.85, 250.00, 56
2026/09/06 12:48:30.735, GPU-59ee7ef9-898f-524a-dde1-7a0426a41ecb, Tesla V100-PCIE-16GB, 99, 2400, 1380, 877, 165.95, 250.00, 57
2026/09/06 12:48:31.238, GPU-59ee7ef9-898f-524a-dde1-7a0426a41ecb, Tesla V100-PCIE-16GB, 99, 2400, 1380, 877, 141.18, 250.00, 58
2026/09/06 12:48:31.741, GPU-59ee7ef9-898f-524a-dde1-7a0426a41ecb, Tesla V100-PCIE-16GB, 37, 2400, 1380, 877, 153.90, 250.00, 57
2026/09/06 12:48:32.244, GPU-59ee7ef9-898f-524a-dde1-7a0426a41ecb, Tesla V100-PCIE-16GB, 99, 2400, 1380, 877, 187.56, 250.00, 57
2026/09/06 12:48:32.747, GPU-59ee7ef9-898f-524a-dde1-7a0426a41ecb, Tesla V100-PCIE-16GB, 99, 2400, 1380, 877, 95.70, 250.00, 58
2026/09/06 12:48:33.250, GPU-59ee7ef9-898f-524a-dde1-7a0426a41ecb, Tesla V100-PCIE-16GB, 81, 2400, 1380, 877, 181.94, 250.00, 58
2026/09/06 12:48:33.754, GPU-59ee7ef9-898f-524a-dde1-7a0426a41ecb, Tesla V100-PCIE-16GB, 99, 2400, 1380, 877, 198.38, 250.00, 58
2026/09/06 12:48:34.258, GPU-59ee7ef9-898f-524a-dde1-7a0426a41ecb, Tesla V100-PCIE-16GB, 86, 2400, 1380, 877, 159.74, 250.00, 56
2026/09/06 12:48:34.761, GPU-59ee7ef9-898f-524a-dde1-7a0426a41ecb, Tesla V100-PCIE-16GB, 99, 2400, 1380, 877, 175.25, 250.00, 58
2026/09/06 12:48:35.264, GPU-59ee7ef9-898f-524a-dde1-7a0426a41ecb, Tesla V100-PCIE-16GB, 99, 2400, 1380, 877, 101.03, 250.00, 57
2026/09/06 12:48:35.766, GPU-59ee7ef9-898f-524a-dde1-7a0426a41ecb, Tesla V100-PCIE-16GB, 99, 2400, 1380, 877, 175.83, 250.00, 58
2026/09/06 12:48:36.269, GPU-59ee7ef9-898f-524a-dde1-7a0426a41ecb, Tesla V100-PCIE-16GB, 99, 2400, 1380, 877, 92.49, 250.00, 58
2026/09/06 12:48:36.772, GPU-59ee7ef9-898f-524a-dde1-7a0426a41ecb, Tesla V100-PCIE-16GB, 87, 2400, 1380, 877, 193.31, 250.00, 58
2026/09/06 12:48:37.275, GPU-59ee7ef9-898f-524a-dde1-7a0426a41ecb, Tesla V100-PCIE-16GB, 99, 2400, 1380, 877, 189.82, 250.00, 59
2026/09/06 12:48:37.778, GPU-59ee7ef9-898f-524a-dde1-7a0426a41ecb, Tesla V100-PCIE-16GB, 69, 2400, 1380, 877, 190.57, 250.00, 59
2026/09/06 12:48:38.281, GPU-59ee7ef9-898f-524a-dde1-7a0426a41ecb, Tesla V100-PCIE-16GB, 99, 2400, 1380, 877, 177.22, 250.00, 59
2026/09/06 12:48:38.785, GPU-59ee7ef9-898f-524a-dde1-7a0426a41ecb, Tesla V100-PCIE-16GB, 29, 2400, 1380, 877, 205.99, 250.00, 58
2026/09/06 12:48:39.288, GPU-59ee7ef9-898f-524a-dde1-7a0426a41ecb, Tesla V100-PCIE-16GB, 99, 2400, 1380, 877, 214.54, 250.00, 59
2026/09/06 12:48:39.791, GPU-59ee7ef9-898f-524a-dde1-7a0426a41ecb, Tesla V100-PCIE-16GB, 95, 2400, 1380, 877, 194.12, 250.00, 58
2026/09/06 12:48:40.294, GPU-59ee7ef9-898f-524a-dde1-7a0426a41ecb, Tesla V100-PCIE-16GB, 99, 2400, 1380, 877, 214.62, 250.00, 59
2026/09/06 12:48:40.797, GPU-59ee7ef9-898f-524a-dde1-7a0426a41ecb, Tesla V100-PCIE-16GB, 99, 2400, 1380, 877, 50.14, 250.00, 57
2026/09/06 12:48:41.299, GPU-59ee7ef9-898f-524a-dde1-7a0426a41ecb, Tesla V100-PCIE-16GB, 99, 2400, 1380, 877, 205.29, 250.00, 59
2026/09/06 12:48:41.802, GPU-59ee7ef9-898f-524a-dde1-7a0426a41ecb, Tesla V100-PCIE-16GB, 98, 2400, 1380, 877, 93.08, 250.00, 58
2026/09/06 12:48:42.305, GPU-59ee7ef9-898f-524a-dde1-7a0426a41ecb, Tesla V100-PCIE-16GB, 85, 2400, 1380, 877, 209.68, 250.00, 59
2026/09/06 12:48:42.808, GPU-59ee7ef9-898f-524a-dde1-7a0426a41ecb, Tesla V100-PCIE-16GB, 99, 2400, 1380, 877, 193.76, 250.00, 60
2026/09/06 12:48:43.311, GPU-59ee7ef9-898f-524a-dde1-7a0426a41ecb, Tesla V100-PCIE-16GB, 26, 2400, 1380, 877, 207.76, 250.00, 59
2026/09/06 12:48:43.814, GPU-59ee7ef9-898f-524a-dde1-7a0426a41ecb, Tesla V100-PCIE-16GB, 99, 2400, 1380, 877, 196.51, 250.00, 60
2026/09/06 12:48:44.317, GPU-59ee7ef9-898f-524a-dde1-7a0426a41ecb, Tesla V100-PCIE-16GB, 93, 2400, 1380, 877, 180.49, 250.00, 59
2026/09/06 12:48:44.820, GPU-59ee7ef9-898f-524a-dde1-7a0426a41ecb, Tesla V100-PCIE-16GB, 99, 2400, 1380, 877, 208.73, 250.00, 60
2026/09/06 12:48:45.322, GPU-59ee7ef9-898f-524a-dde1-7a0426a41ecb, Tesla V100-PCIE-16GB, 97, 2400, 1380, 877, 49.94, 250.00, 57
2026/09/06 12:48:45.828, GPU-59ee7ef9-898f-524a-dde1-7a0426a41ecb, Tesla V100-PCIE-16GB, 99, 2400, 1380, 877, 181.42, 250.00, 59
2026/09/06 12:48:46.331, GPU-59ee7ef9-898f-524a-dde1-7a0426a41ecb, Tesla V100-PCIE-16GB, 99, 2400, 1380, 877, 93.08, 250.00, 58
2026/09/06 12:48:46.834, GPU-59ee7ef9-898f-524a-dde1-7a0426a41ecb, Tesla V100-PCIE-16GB, 99, 2400, 1380, 877, 196.28, 250.00, 60
2026/09/06 12:48:47.337, GPU-59ee7ef9-898f-524a-dde1-7a0426a41ecb, Tesla V100-PCIE-16GB, 98, 2400, 1380, 877, 92.39, 250.00, 59
2026/09/06 12:48:47.840, GPU-59ee7ef9-898f-524a-dde1-7a0426a41ecb, Tesla V100-PCIE-16GB, 66, 2400, 1380, 877, 206.42, 250.00, 59
2026/09/06 12:48:48.343, GPU-59ee7ef9-898f-524a-dde1-7a0426a41ecb, Tesla V100-PCIE-16GB, 99, 2400, 1380, 877, 179.48, 250.00, 60
2026/09/06 12:48:48.846, GPU-59ee7ef9-898f-524a-dde1-7a0426a41ecb, Tesla V100-PCIE-16GB, 94, 2400, 1380, 877, 206.71, 250.00, 60
2026/09/06 12:48:49.349, GPU-59ee7ef9-898f-524a-dde1-7a0426a41ecb, Tesla V100-PCIE-16GB, 98, 2400, 1380, 877, 196.09, 250.00, 60
2026/09/06 12:48:49.851, GPU-59ee7ef9-898f-524a-dde1-7a0426a41ecb, Tesla V100-PCIE-16GB, 39, 2400, 1380, 877, 182.45, 250.00, 58
2026/09/06 12:48:50.354, GPU-59ee7ef9-898f-524a-dde1-7a0426a41ecb, Tesla V100-PCIE-16GB, 98, 2400, 1380, 877, 213.71, 250.00, 60
2026/09/06 12:48:50.859, GPU-59ee7ef9-898f-524a-dde1-7a0426a41ecb, Tesla V100-PCIE-16GB, 99, 2400, 1380, 877, 195.71, 250.00, 59
2026/09/06 12:48:51.362, GPU-59ee7ef9-898f-524a-dde1-7a0426a41ecb, Tesla V100-PCIE-16GB, 99, 2400, 1380, 877, 196.13, 250.00, 60
2026/09/06 12:48:51.865, GPU-59ee7ef9-898f-524a-dde1-7a0426a41ecb, Tesla V100-PCIE-16GB, 99, 2400, 1380, 877, 205.26, 250.00, 59
2026/09/06 12:48:52.369, GPU-59ee7ef9-898f-524a-dde1-7a0426a41ecb, Tesla V100-PCIE-16GB, 98, 2400, 1380, 877, 185.53, 250.00, 60
2026/09/06 12:48:52.872, GPU-59ee7ef9-898f-524a-dde1-7a0426a41ecb, Tesla V100-PCIE-16GB, 99, 2400, 1380, 877, 93.55, 250.00, 59
2026/09/06 12:48:53.375, GPU-59ee7ef9-898f-524a-dde1-7a0426a41ecb, Tesla V100-PCIE-16GB, 99, 2400, 1380, 877, 206.97, 250.00, 60
2026/09/06 12:48:53.878, GPU-59ee7ef9-898f-524a-dde1-7a0426a41ecb, Tesla V100-PCIE-16GB, 99, 2400, 1380, 877, 92.98, 250.00, 59
2026/09/06 12:48:54.381, GPU-59ee7ef9-898f-524a-dde1-7a0426a41ecb, Tesla V100-PCIE-16GB, 99, 2400, 1380, 877, 211.64, 250.00, 59
2026/09/06 12:48:54.884, GPU-59ee7ef9-898f-524a-dde1-7a0426a41ecb, Tesla V100-PCIE-16GB, 99, 2400, 1380, 877, 196.93, 250.00, 60
2026/09/06 12:48:55.389, GPU-59ee7ef9-898f-524a-dde1-7a0426a41ecb, Tesla V100-PCIE-16GB, 99, 2400, 1380, 877, 187.80, 250.00, 60
2026/09/06 12:48:55.892, GPU-59ee7ef9-898f-524a-dde1-7a0426a41ecb, Tesla V100-PCIE-16GB, 99, 2400, 1380, 877, 201.97, 250.00, 60
2026/09/06 12:48:56.395, GPU-59ee7ef9-898f-524a-dde1-7a0426a41ecb, Tesla V100-PCIE-16GB, 98, 2400, 1380, 877, 190.09, 250.00, 60
2026/09/06 12:48:56.898, GPU-59ee7ef9-898f-524a-dde1-7a0426a41ecb, Tesla V100-PCIE-16GB, 99, 2400, 1380, 877, 199.03, 250.00, 61
2026/09/06 12:48:57.401, GPU-59ee7ef9-898f-524a-dde1-7a0426a41ecb, Tesla V100-PCIE-16GB, 3, 2400, 1380, 877, 49.76, 250.00, 57
2026/09/06 12:48:57.903, GPU-59ee7ef9-898f-524a-dde1-7a0426a41ecb, Tesla V100-PCIE-16GB, 0, 2400, 1380, 877, 49.16, 250.00, 56
2026/09/06 12:48:58.406, GPU-59ee7ef9-898f-524a-dde1-7a0426a41ecb, Tesla V100-PCIE-16GB, 0, 1120, 1380, 877, 48.97, 250.00, 55
2026/09/06 12:48:58.909, GPU-59ee7ef9-898f-524a-dde1-7a0426a41ecb, Tesla V100-PCIE-16GB, 0, 1120, 1380, 877, 48.87, 250.00, 54
2026/09/06 12:48:59.412, GPU-59ee7ef9-898f-524a-dde1-7a0426a41ecb, Tesla V100-PCIE-16GB, 30, 2080, 1380, 877, 48.89, 250.00, 54
2026/09/06 12:48:59.915, GPU-59ee7ef9-898f-524a-dde1-7a0426a41ecb, Tesla V100-PCIE-16GB, 29, 2304, 1245, 877, 150.06, 250.00, 55
2026/09/06 12:49:00.418, GPU-59ee7ef9-898f-524a-dde1-7a0426a41ecb, Tesla V100-PCIE-16GB, 99, 2304, 1380, 877, 184.43, 250.00, 57
2026/09/06 12:49:00.921, GPU-59ee7ef9-898f-524a-dde1-7a0426a41ecb, Tesla V100-PCIE-16GB, 99, 2304, 1380, 877, 167.16, 250.00, 58
2026/09/06 12:49:01.424, GPU-59ee7ef9-898f-524a-dde1-7a0426a41ecb, Tesla V100-PCIE-16GB, 98, 2304, 1380, 877, 190.34, 250.00, 58
2026/09/06 12:49:01.926, GPU-59ee7ef9-898f-524a-dde1-7a0426a41ecb, Tesla V100-PCIE-16GB, 99, 2304, 1380, 877, 156.98, 250.00, 58
2026/09/06 12:49:02.429, GPU-59ee7ef9-898f-524a-dde1-7a0426a41ecb, Tesla V100-PCIE-16GB, 99, 2304, 1380, 877, 92.04, 250.00, 58
2026/09/06 12:49:02.935, GPU-59ee7ef9-898f-524a-dde1-7a0426a41ecb, Tesla V100-PCIE-16GB, 99, 2304, 1380, 877, 192.02, 250.00, 59
2026/09/06 12:49:03.438, GPU-59ee7ef9-898f-524a-dde1-7a0426a41ecb, Tesla V100-PCIE-16GB, 99, 2304, 1380, 877, 176.22, 250.00, 59
2026/09/06 12:49:03.941, GPU-59ee7ef9-898f-524a-dde1-7a0426a41ecb, Tesla V100-PCIE-16GB, 48, 2304, 1380, 877, 171.04, 250.00, 58
2026/09/06 12:49:04.444, GPU-59ee7ef9-898f-524a-dde1-7a0426a41ecb, Tesla V100-PCIE-16GB, 99, 2304, 1380, 877, 210.57, 250.00, 59
2026/09/06 12:49:04.947, GPU-59ee7ef9-898f-524a-dde1-7a0426a41ecb, Tesla V100-PCIE-16GB, 93, 2304, 1380, 877, 175.83, 250.00, 58
2026/09/06 12:49:05.450, GPU-59ee7ef9-898f-524a-dde1-7a0426a41ecb, Tesla V100-PCIE-16GB, 99, 2304, 1380, 877, 173.98, 250.00, 59
2026/09/06 12:49:05.953, GPU-59ee7ef9-898f-524a-dde1-7a0426a41ecb, Tesla V100-PCIE-16GB, 100, 2304, 1380, 877, 80.00, 250.00, 58
2026/09/06 12:49:06.456, GPU-59ee7ef9-898f-524a-dde1-7a0426a41ecb, Tesla V100-PCIE-16GB, 99, 2304, 1380, 877, 194.79, 250.00, 59
2026/09/06 12:49:06.958, GPU-59ee7ef9-898f-524a-dde1-7a0426a41ecb, Tesla V100-PCIE-16GB, 99, 2304, 1380, 877, 200.42, 250.00, 60
2026/09/06 12:49:07.461, GPU-59ee7ef9-898f-524a-dde1-7a0426a41ecb, Tesla V100-PCIE-16GB, 99, 2304, 1380, 877, 195.21, 250.00, 59
2026/09/06 12:49:07.964, GPU-59ee7ef9-898f-524a-dde1-7a0426a41ecb, Tesla V100-PCIE-16GB, 99, 2304, 1380, 877, 192.80, 250.00, 60
2026/09/06 12:49:08.467, GPU-59ee7ef9-898f-524a-dde1-7a0426a41ecb, Tesla V100-PCIE-16GB, 73, 2304, 1380, 877, 194.02, 250.00, 59
2026/09/06 12:49:08.970, GPU-59ee7ef9-898f-524a-dde1-7a0426a41ecb, Tesla V100-PCIE-16GB, 99, 2304, 1380, 877, 179.51, 250.00, 59
2026/09/06 12:49:09.475, GPU-59ee7ef9-898f-524a-dde1-7a0426a41ecb, Tesla V100-PCIE-16GB, 94, 2304, 1380, 877, 178.38, 250.00, 59
2026/09/06 12:49:09.978, GPU-59ee7ef9-898f-524a-dde1-7a0426a41ecb, Tesla V100-PCIE-16GB, 99, 2304, 1380, 877, 206.09, 250.00, 60
2026/09/06 12:49:10.481, GPU-59ee7ef9-898f-524a-dde1-7a0426a41ecb, Tesla V100-PCIE-16GB, 31, 2304, 1380, 877, 50.04, 250.00, 57
2026/09/06 12:49:10.984, GPU-59ee7ef9-898f-524a-dde1-7a0426a41ecb, Tesla V100-PCIE-16GB, 99, 2304, 1380, 877, 197.15, 250.00, 60
2026/09/06 12:49:11.486, GPU-59ee7ef9-898f-524a-dde1-7a0426a41ecb, Tesla V100-PCIE-16GB, 99, 2304, 1380, 877, 93.37, 250.00, 59
2026/09/06 12:49:11.990, GPU-59ee7ef9-898f-524a-dde1-7a0426a41ecb, Tesla V100-PCIE-16GB, 99, 2304, 1380, 877, 213.67, 250.00, 60
2026/09/06 12:49:12.493, GPU-59ee7ef9-898f-524a-dde1-7a0426a41ecb, Tesla V100-PCIE-16GB, 99, 2304, 1380, 877, 93.76, 250.00, 59
2026/09/06 12:49:12.996, GPU-59ee7ef9-898f-524a-dde1-7a0426a41ecb, Tesla V100-PCIE-16GB, 99, 2304, 1380, 877, 195.90, 250.00, 59
2026/09/06 12:49:13.499, GPU-59ee7ef9-898f-524a-dde1-7a0426a41ecb, Tesla V100-PCIE-16GB, 98, 2304, 1380, 877, 180.06, 250.00, 60
2026/09/06 12:49:14.002, GPU-59ee7ef9-898f-524a-dde1-7a0426a41ecb, Tesla V100-PCIE-16GB, 96, 2304, 1380, 877, 220.70, 250.00, 60
2026/09/06 12:49:14.505, GPU-59ee7ef9-898f-524a-dde1-7a0426a41ecb, Tesla V100-PCIE-16GB, 98, 2304, 1380, 877, 181.01, 250.00, 60
2026/09/06 12:49:15.008, GPU-59ee7ef9-898f-524a-dde1-7a0426a41ecb, Tesla V100-PCIE-16GB, 21, 2304, 1380, 877, 50.24, 250.00, 57
2026/09/06 12:49:15.511, GPU-59ee7ef9-898f-524a-dde1-7a0426a41ecb, Tesla V100-PCIE-16GB, 99, 2304, 1380, 877, 212.05, 250.00, 60
2026/09/06 12:49:16.014, GPU-59ee7ef9-898f-524a-dde1-7a0426a41ecb, Tesla V100-PCIE-16GB, 98, 2304, 1380, 877, 122.97, 250.00, 59
2026/09/06 12:49:16.519, GPU-59ee7ef9-898f-524a-dde1-7a0426a41ecb, Tesla V100-PCIE-16GB, 99, 2304, 1380, 877, 213.36, 250.00, 60
2026/09/06 12:49:17.022, GPU-59ee7ef9-898f-524a-dde1-7a0426a41ecb, Tesla V100-PCIE-16GB, 99, 2304, 1380, 877, 93.56, 250.00, 59
2026/09/06 12:49:17.524, GPU-59ee7ef9-898f-524a-dde1-7a0426a41ecb, Tesla V100-PCIE-16GB, 68, 2304, 1380, 877, 187.24, 250.00, 60
2026/09/06 12:49:18.027, GPU-59ee7ef9-898f-524a-dde1-7a0426a41ecb, Tesla V100-PCIE-16GB, 98, 2304, 1380, 877, 207.49, 250.00, 60
2026/09/06 12:49:18.530, GPU-59ee7ef9-898f-524a-dde1-7a0426a41ecb, Tesla V100-PCIE-16GB, 94, 2304, 1380, 877, 195.80, 250.00, 60
2026/09/06 12:49:19.038, GPU-59ee7ef9-898f-524a-dde1-7a0426a41ecb, Tesla V100-PCIE-16GB, 99, 2304, 1380, 877, 207.58, 250.00, 61
2026/09/06 12:49:19.542, GPU-59ee7ef9-898f-524a-dde1-7a0426a41ecb, Tesla V100-PCIE-16GB, 44, 2304, 1380, 877, 215.18, 250.00, 59
2026/09/06 12:49:20.045, GPU-59ee7ef9-898f-524a-dde1-7a0426a41ecb, Tesla V100-PCIE-16GB, 98, 2304, 1380, 877, 186.31, 250.00, 60
2026/09/06 12:49:20.548, GPU-59ee7ef9-898f-524a-dde1-7a0426a41ecb, Tesla V100-PCIE-16GB, 99, 2304, 1380, 877, 220.04, 250.00, 60
2026/09/06 12:49:21.052, GPU-59ee7ef9-898f-524a-dde1-7a0426a41ecb, Tesla V100-PCIE-16GB, 99, 2304, 1380, 877, 181.59, 250.00, 60
2026/09/06 12:49:21.555, GPU-59ee7ef9-898f-524a-dde1-7a0426a41ecb, Tesla V100-PCIE-16GB, 93, 2304, 1380, 877, 220.43, 250.00, 60
2026/09/06 12:49:22.058, GPU-59ee7ef9-898f-524a-dde1-7a0426a41ecb, Tesla V100-PCIE-16GB, 98, 2304, 1380, 877, 187.76, 250.00, 61
2026/09/06 12:49:22.561, GPU-59ee7ef9-898f-524a-dde1-7a0426a41ecb, Tesla V100-PCIE-16GB, 66, 2304, 1380, 877, 50.33, 250.00, 58
2026/09/06 12:49:23.067, GPU-59ee7ef9-898f-524a-dde1-7a0426a41ecb, Tesla V100-PCIE-16GB, 98, 2304, 1380, 877, 201.41, 250.00, 60
2026/09/06 12:49:23.570, GPU-59ee7ef9-898f-524a-dde1-7a0426a41ecb, Tesla V100-PCIE-16GB, 99, 2304, 1380, 877, 155.55, 250.00, 59
2026/09/06 12:49:24.072, GPU-59ee7ef9-898f-524a-dde1-7a0426a41ecb, Tesla V100-PCIE-16GB, 98, 2304, 1380, 877, 186.11, 250.00, 60
2026/09/06 12:49:24.576, GPU-59ee7ef9-898f-524a-dde1-7a0426a41ecb, Tesla V100-PCIE-16GB, 99, 2304, 1380, 877, 92.28, 250.00, 59
2026/09/06 12:49:25.079, GPU-59ee7ef9-898f-524a-dde1-7a0426a41ecb, Tesla V100-PCIE-16GB, 99, 2304, 1380, 877, 197.00, 250.00, 60
2026/09/06 12:49:25.582, GPU-59ee7ef9-898f-524a-dde1-7a0426a41ecb, Tesla V100-PCIE-16GB, 98, 2304, 1380, 877, 198.84, 250.00, 61
2026/09/06 12:49:26.085, GPU-59ee7ef9-898f-524a-dde1-7a0426a41ecb, Tesla V100-PCIE-16GB, 98, 2304, 1380, 877, 212.36, 250.00, 60
2026/09/06 12:49:26.588, GPU-59ee7ef9-898f-524a-dde1-7a0426a41ecb, Tesla V100-PCIE-16GB, 99, 2304, 1380, 877, 173.20, 250.00, 61
2026/09/06 12:49:27.090, GPU-59ee7ef9-898f-524a-dde1-7a0426a41ecb, Tesla V100-PCIE-16GB, 2, 2304, 1380, 877, 49.76, 250.00, 57
